Timing Analyzer report for lcd_controller
Mon Aug 11 17:24:09 2025
Quartus Prime Version 24.1std.0 Build 1077 03/04/2025 SC Lite Edition


---------------------
; Table of Contents ;
---------------------
  1. Legal Notice
  2. Timing Analyzer Summary
  3. Parallel Compilation
  4. Clocks
  5. Slow 1200mV 85C Model Fmax Summary
  6. Timing Closure Recommendations
  7. Slow 1200mV 85C Model Setup Summary
  8. Slow 1200mV 85C Model Hold Summary
  9. Slow 1200mV 85C Model Recovery Summary
 10. Slow 1200mV 85C Model Removal Summary
 11. Slow 1200mV 85C Model Minimum Pulse Width Summary
 12. Slow 1200mV 85C Model Setup: 'clock'
 13. Slow 1200mV 85C Model Hold: 'clock'
 14. Slow 1200mV 85C Model Metastability Summary
 15. Slow 1200mV 0C Model Fmax Summary
 16. Slow 1200mV 0C Model Setup Summary
 17. Slow 1200mV 0C Model Hold Summary
 18. Slow 1200mV 0C Model Recovery Summary
 19. Slow 1200mV 0C Model Removal Summary
 20. Slow 1200mV 0C Model Minimum Pulse Width Summary
 21. Slow 1200mV 0C Model Setup: 'clock'
 22. Slow 1200mV 0C Model Hold: 'clock'
 23. Slow 1200mV 0C Model Metastability Summary
 24. Fast 1200mV 0C Model Setup Summary
 25. Fast 1200mV 0C Model Hold Summary
 26. Fast 1200mV 0C Model Recovery Summary
 27. Fast 1200mV 0C Model Removal Summary
 28. Fast 1200mV 0C Model Minimum Pulse Width Summary
 29. Fast 1200mV 0C Model Setup: 'clock'
 30. Fast 1200mV 0C Model Hold: 'clock'
 31. Fast 1200mV 0C Model Metastability Summary
 32. Multicorner Timing Analysis Summary
 33. Board Trace Model Assignments
 34. Input Transition Times
 35. Signal Integrity Metrics (Slow 1200mv 0c Model)
 36. Signal Integrity Metrics (Slow 1200mv 85c Model)
 37. Signal Integrity Metrics (Fast 1200mv 0c Model)
 38. Setup Transfers
 39. Hold Transfers
 40. Report TCCS
 41. Report RSKM
 42. Unconstrained Paths Summary
 43. Clock Status Summary
 44. Unconstrained Input Ports
 45. Unconstrained Output Ports
 46. Unconstrained Input Ports
 47. Unconstrained Output Ports
 48. Timing Analyzer Messages



----------------
; Legal Notice ;
----------------
Copyright (C) 2025  Altera Corporation. All rights reserved.
Your use of Altera Corporation's design tools, logic functions 
and other software and tools, and any partner logic 
functions, and any output files from any of the foregoing 
(including device programming or simulation files), and any 
associated documentation or information are expressly subject 
to the terms and conditions of the Altera Program License 
Subscription Agreement, the Altera Quartus Prime License Agreement,
the Altera IP License Agreement, or other applicable license
agreement, including, without limitation, that your use is for
the sole purpose of programming logic devices manufactured by
Altera and sold by Altera or its authorized distributors.  Please
refer to the Altera Software License Subscription Agreements 
on the Quartus Prime software download page.



+---------------------------------------------------------------------------------+
; Timing Analyzer Summary                                                         ;
+-----------------------+---------------------------------------------------------+
; Quartus Prime Version ; Version 24.1std.0 Build 1077 03/04/2025 SC Lite Edition ;
; Timing Analyzer       ; Legacy Timing Analyzer                                  ;
; Revision Name         ; lcd_controller                                          ;
; Device Family         ; Cyclone IV E                                            ;
; Device Name           ; EP4CE6E22C8                                             ;
; Timing Models         ; Final                                                   ;
; Delay Model           ; Combined                                                ;
; Rise/Fall Delays      ; Enabled                                                 ;
+-----------------------+---------------------------------------------------------+


+------------------------------------------+
; Parallel Compilation                     ;
+----------------------------+-------------+
; Processors                 ; Number      ;
+----------------------------+-------------+
; Number detected on machine ; 12          ;
; Maximum allowed            ; 10          ;
;                            ;             ;
; Average used               ; 1.08        ;
; Maximum used               ; 10          ;
;                            ;             ;
; Usage by Processor         ; % Time Used ;
;     Processor 1            ; 100.0%      ;
;     Processors 2-10        ;   0.9%      ;
+----------------------------+-------------+


+-----------------------------------------------------------------------------------------------------------------------------------------------------------------------------------+
; Clocks                                                                                                                                                                            ;
+------------+------+--------+------------+-------+-------+------------+-----------+-------------+-------+--------+-----------+------------+----------+--------+--------+-----------+
; Clock Name ; Type ; Period ; Frequency  ; Rise  ; Fall  ; Duty Cycle ; Divide by ; Multiply by ; Phase ; Offset ; Edge List ; Edge Shift ; Inverted ; Master ; Source ; Targets   ;
+------------+------+--------+------------+-------+-------+------------+-----------+-------------+-------+--------+-----------+------------+----------+--------+--------+-----------+
; clock      ; Base ; 1.000  ; 1000.0 MHz ; 0.000 ; 0.500 ;            ;           ;             ;       ;        ;           ;            ;          ;        ;        ; { clock } ;
+------------+------+--------+------------+-------+-------+------------+-----------+-------------+-------+--------+-----------+------------+----------+--------+--------+-----------+


+-------------------------------------------------+
; Slow 1200mV 85C Model Fmax Summary              ;
+-----------+-----------------+------------+------+
; Fmax      ; Restricted Fmax ; Clock Name ; Note ;
+-----------+-----------------+------------+------+
; 98.57 MHz ; 98.57 MHz       ; clock      ;      ;
+-----------+-----------------+------------+------+
This panel reports FMAX for every clock in the design, regardless of the user-specified clock periods.  FMAX is only computed for paths where the source and destination registers or ports are driven by the same clock.  Paths of different clocks, including generated clocks, are ignored.  For paths between a clock and its inversion, FMAX is computed as if the rising and falling edges are scaled along with FMAX, such that the duty cycle (in terms of a percentage) is maintained. Altera recommends that you always use clock constraints and other slack reports for sign-off analysis.


----------------------------------
; Timing Closure Recommendations ;
----------------------------------
HTML report is unavailable in plain text report export.


+-------------------------------------+
; Slow 1200mV 85C Model Setup Summary ;
+-------+--------+--------------------+
; Clock ; Slack  ; End Point TNS      ;
+-------+--------+--------------------+
; clock ; -9.145 ; -601.334           ;
+-------+--------+--------------------+


+------------------------------------+
; Slow 1200mV 85C Model Hold Summary ;
+-------+-------+--------------------+
; Clock ; Slack ; End Point TNS      ;
+-------+-------+--------------------+
; clock ; 0.434 ; 0.000              ;
+-------+-------+--------------------+


------------------------------------------
; Slow 1200mV 85C Model Recovery Summary ;
------------------------------------------
No paths to report.


-----------------------------------------
; Slow 1200mV 85C Model Removal Summary ;
-----------------------------------------
No paths to report.


+---------------------------------------------------+
; Slow 1200mV 85C Model Minimum Pulse Width Summary ;
+-------+--------+----------------------------------+
; Clock ; Slack  ; End Point TNS                    ;
+-------+--------+----------------------------------+
; clock ; -3.000 ; -147.239                         ;
+-------+--------+----------------------------------+


+--------------------------------------------------------------------------------------------------------------------------------------------------------+
; Slow 1200mV 85C Model Setup: 'clock'                                                                                                                   ;
+--------+------------------------------------+------------------------------------+--------------+-------------+--------------+------------+------------+
; Slack  ; From Node                          ; To Node                            ; Launch Clock ; Latch Clock ; Relationship ; Clock Skew ; Data Delay ;
+--------+------------------------------------+------------------------------------+--------------+-------------+--------------+------------+------------+
; -9.145 ; lcd_controller:inst2|clk_count[1]  ; lcd_controller:inst2|clk_count[3]  ; clock        ; clock       ; 1.000        ; -0.090     ; 10.056     ;
; -9.049 ; lcd_controller:inst2|clk_count[5]  ; lcd_controller:inst2|clk_count[3]  ; clock        ; clock       ; 1.000        ; -0.576     ; 9.474      ;
; -9.008 ; lcd_controller:inst2|clk_count[1]  ; lcd_controller:inst2|clk_count[0]  ; clock        ; clock       ; 1.000        ; -0.089     ; 9.920      ;
; -9.007 ; lcd_controller:inst2|clk_count[1]  ; lcd_controller:inst2|clk_count[14] ; clock        ; clock       ; 1.000        ; -0.089     ; 9.919      ;
; -9.005 ; lcd_controller:inst2|clk_count[1]  ; lcd_controller:inst2|clk_count[12] ; clock        ; clock       ; 1.000        ; -0.089     ; 9.917      ;
; -9.004 ; lcd_controller:inst2|clk_count[1]  ; lcd_controller:inst2|clk_count[15] ; clock        ; clock       ; 1.000        ; -0.089     ; 9.916      ;
; -9.004 ; lcd_controller:inst2|clk_count[1]  ; lcd_controller:inst2|clk_count[31] ; clock        ; clock       ; 1.000        ; -0.089     ; 9.916      ;
; -8.976 ; lcd_controller:inst2|clk_count[2]  ; lcd_controller:inst2|clk_count[3]  ; clock        ; clock       ; 1.000        ; -0.090     ; 9.887      ;
; -8.942 ; lcd_controller:inst2|clk_count[1]  ; lcd_controller:inst2|clk_count[2]  ; clock        ; clock       ; 1.000        ; -0.082     ; 9.861      ;
; -8.942 ; lcd_controller:inst2|clk_count[1]  ; lcd_controller:inst2|clk_count[6]  ; clock        ; clock       ; 1.000        ; -0.082     ; 9.861      ;
; -8.941 ; lcd_controller:inst2|clk_count[1]  ; lcd_controller:inst2|clk_count[1]  ; clock        ; clock       ; 1.000        ; -0.082     ; 9.860      ;
; -8.920 ; lcd_controller:inst2|clk_count[4]  ; lcd_controller:inst2|clk_count[3]  ; clock        ; clock       ; 1.000        ; -0.576     ; 9.345      ;
; -8.912 ; lcd_controller:inst2|clk_count[5]  ; lcd_controller:inst2|clk_count[0]  ; clock        ; clock       ; 1.000        ; -0.575     ; 9.338      ;
; -8.911 ; lcd_controller:inst2|clk_count[5]  ; lcd_controller:inst2|clk_count[14] ; clock        ; clock       ; 1.000        ; -0.575     ; 9.337      ;
; -8.909 ; lcd_controller:inst2|clk_count[5]  ; lcd_controller:inst2|clk_count[12] ; clock        ; clock       ; 1.000        ; -0.575     ; 9.335      ;
; -8.908 ; lcd_controller:inst2|clk_count[5]  ; lcd_controller:inst2|clk_count[15] ; clock        ; clock       ; 1.000        ; -0.575     ; 9.334      ;
; -8.908 ; lcd_controller:inst2|clk_count[5]  ; lcd_controller:inst2|clk_count[31] ; clock        ; clock       ; 1.000        ; -0.575     ; 9.334      ;
; -8.900 ; lcd_controller:inst2|clk_count[7]  ; lcd_controller:inst2|clk_count[3]  ; clock        ; clock       ; 1.000        ; -0.576     ; 9.325      ;
; -8.846 ; lcd_controller:inst2|clk_count[5]  ; lcd_controller:inst2|clk_count[2]  ; clock        ; clock       ; 1.000        ; -0.568     ; 9.279      ;
; -8.846 ; lcd_controller:inst2|clk_count[5]  ; lcd_controller:inst2|clk_count[6]  ; clock        ; clock       ; 1.000        ; -0.568     ; 9.279      ;
; -8.845 ; lcd_controller:inst2|clk_count[5]  ; lcd_controller:inst2|clk_count[1]  ; clock        ; clock       ; 1.000        ; -0.568     ; 9.278      ;
; -8.839 ; lcd_controller:inst2|clk_count[2]  ; lcd_controller:inst2|clk_count[0]  ; clock        ; clock       ; 1.000        ; -0.089     ; 9.751      ;
; -8.838 ; lcd_controller:inst2|clk_count[2]  ; lcd_controller:inst2|clk_count[14] ; clock        ; clock       ; 1.000        ; -0.089     ; 9.750      ;
; -8.836 ; lcd_controller:inst2|clk_count[2]  ; lcd_controller:inst2|clk_count[12] ; clock        ; clock       ; 1.000        ; -0.089     ; 9.748      ;
; -8.835 ; lcd_controller:inst2|clk_count[2]  ; lcd_controller:inst2|clk_count[15] ; clock        ; clock       ; 1.000        ; -0.089     ; 9.747      ;
; -8.835 ; lcd_controller:inst2|clk_count[2]  ; lcd_controller:inst2|clk_count[31] ; clock        ; clock       ; 1.000        ; -0.089     ; 9.747      ;
; -8.783 ; lcd_controller:inst2|clk_count[4]  ; lcd_controller:inst2|clk_count[0]  ; clock        ; clock       ; 1.000        ; -0.575     ; 9.209      ;
; -8.782 ; lcd_controller:inst2|clk_count[4]  ; lcd_controller:inst2|clk_count[14] ; clock        ; clock       ; 1.000        ; -0.575     ; 9.208      ;
; -8.780 ; lcd_controller:inst2|clk_count[4]  ; lcd_controller:inst2|clk_count[12] ; clock        ; clock       ; 1.000        ; -0.575     ; 9.206      ;
; -8.779 ; lcd_controller:inst2|clk_count[4]  ; lcd_controller:inst2|clk_count[15] ; clock        ; clock       ; 1.000        ; -0.575     ; 9.205      ;
; -8.779 ; lcd_controller:inst2|clk_count[4]  ; lcd_controller:inst2|clk_count[31] ; clock        ; clock       ; 1.000        ; -0.575     ; 9.205      ;
; -8.773 ; lcd_controller:inst2|clk_count[2]  ; lcd_controller:inst2|clk_count[2]  ; clock        ; clock       ; 1.000        ; -0.082     ; 9.692      ;
; -8.773 ; lcd_controller:inst2|clk_count[2]  ; lcd_controller:inst2|clk_count[6]  ; clock        ; clock       ; 1.000        ; -0.082     ; 9.692      ;
; -8.772 ; lcd_controller:inst2|clk_count[2]  ; lcd_controller:inst2|clk_count[1]  ; clock        ; clock       ; 1.000        ; -0.082     ; 9.691      ;
; -8.763 ; lcd_controller:inst2|clk_count[7]  ; lcd_controller:inst2|clk_count[0]  ; clock        ; clock       ; 1.000        ; -0.575     ; 9.189      ;
; -8.762 ; lcd_controller:inst2|clk_count[7]  ; lcd_controller:inst2|clk_count[14] ; clock        ; clock       ; 1.000        ; -0.575     ; 9.188      ;
; -8.760 ; lcd_controller:inst2|clk_count[7]  ; lcd_controller:inst2|clk_count[12] ; clock        ; clock       ; 1.000        ; -0.575     ; 9.186      ;
; -8.759 ; lcd_controller:inst2|clk_count[7]  ; lcd_controller:inst2|clk_count[15] ; clock        ; clock       ; 1.000        ; -0.575     ; 9.185      ;
; -8.759 ; lcd_controller:inst2|clk_count[7]  ; lcd_controller:inst2|clk_count[31] ; clock        ; clock       ; 1.000        ; -0.575     ; 9.185      ;
; -8.757 ; lcd_controller:inst2|clk_count[1]  ; lcd_controller:inst2|lcd_data[2]   ; clock        ; clock       ; 1.000        ; -0.089     ; 9.669      ;
; -8.756 ; lcd_controller:inst2|clk_count[9]  ; lcd_controller:inst2|clk_count[3]  ; clock        ; clock       ; 1.000        ; -0.576     ; 9.181      ;
; -8.717 ; lcd_controller:inst2|clk_count[4]  ; lcd_controller:inst2|clk_count[2]  ; clock        ; clock       ; 1.000        ; -0.568     ; 9.150      ;
; -8.717 ; lcd_controller:inst2|clk_count[4]  ; lcd_controller:inst2|clk_count[6]  ; clock        ; clock       ; 1.000        ; -0.568     ; 9.150      ;
; -8.716 ; lcd_controller:inst2|clk_count[4]  ; lcd_controller:inst2|clk_count[1]  ; clock        ; clock       ; 1.000        ; -0.568     ; 9.149      ;
; -8.697 ; lcd_controller:inst2|clk_count[7]  ; lcd_controller:inst2|clk_count[2]  ; clock        ; clock       ; 1.000        ; -0.568     ; 9.130      ;
; -8.697 ; lcd_controller:inst2|clk_count[7]  ; lcd_controller:inst2|clk_count[6]  ; clock        ; clock       ; 1.000        ; -0.568     ; 9.130      ;
; -8.696 ; lcd_controller:inst2|clk_count[7]  ; lcd_controller:inst2|clk_count[1]  ; clock        ; clock       ; 1.000        ; -0.568     ; 9.129      ;
; -8.677 ; lcd_controller:inst2|clk_count[0]  ; lcd_controller:inst2|clk_count[3]  ; clock        ; clock       ; 1.000        ; -0.083     ; 9.595      ;
; -8.675 ; lcd_controller:inst2|clk_count[6]  ; lcd_controller:inst2|clk_count[3]  ; clock        ; clock       ; 1.000        ; -0.090     ; 9.586      ;
; -8.673 ; lcd_controller:inst2|clk_count[1]  ; lcd_controller:inst2|clk_count[22] ; clock        ; clock       ; 1.000        ; 0.384      ; 10.058     ;
; -8.672 ; lcd_controller:inst2|clk_count[1]  ; lcd_controller:inst2|clk_count[10] ; clock        ; clock       ; 1.000        ; 0.384      ; 10.057     ;
; -8.671 ; lcd_controller:inst2|clk_count[1]  ; lcd_controller:inst2|clk_count[26] ; clock        ; clock       ; 1.000        ; 0.384      ; 10.056     ;
; -8.670 ; lcd_controller:inst2|clk_count[1]  ; lcd_controller:inst2|clk_count[9]  ; clock        ; clock       ; 1.000        ; 0.384      ; 10.055     ;
; -8.668 ; lcd_controller:inst2|clk_count[1]  ; lcd_controller:inst2|clk_count[11] ; clock        ; clock       ; 1.000        ; 0.384      ; 10.053     ;
; -8.667 ; lcd_controller:inst2|clk_count[1]  ; lcd_controller:inst2|clk_count[7]  ; clock        ; clock       ; 1.000        ; 0.384      ; 10.052     ;
; -8.665 ; lcd_controller:inst2|clk_count[1]  ; lcd_controller:inst2|clk_count[5]  ; clock        ; clock       ; 1.000        ; 0.384      ; 10.050     ;
; -8.665 ; lcd_controller:inst2|clk_count[1]  ; lcd_controller:inst2|clk_count[13] ; clock        ; clock       ; 1.000        ; 0.384      ; 10.050     ;
; -8.664 ; lcd_controller:inst2|clk_count[1]  ; lcd_controller:inst2|clk_count[25] ; clock        ; clock       ; 1.000        ; 0.384      ; 10.049     ;
; -8.663 ; lcd_controller:inst2|clk_count[3]  ; lcd_controller:inst2|clk_count[3]  ; clock        ; clock       ; 1.000        ; -0.082     ; 9.582      ;
; -8.662 ; lcd_controller:inst2|clk_count[1]  ; lcd_controller:inst2|clk_count[8]  ; clock        ; clock       ; 1.000        ; 0.384      ; 10.047     ;
; -8.661 ; lcd_controller:inst2|clk_count[1]  ; lcd_controller:inst2|clk_count[4]  ; clock        ; clock       ; 1.000        ; 0.384      ; 10.046     ;
; -8.661 ; lcd_controller:inst2|clk_count[5]  ; lcd_controller:inst2|lcd_data[2]   ; clock        ; clock       ; 1.000        ; -0.575     ; 9.087      ;
; -8.660 ; lcd_controller:inst2|clk_count[1]  ; lcd_controller:inst2|clk_count[23] ; clock        ; clock       ; 1.000        ; 0.384      ; 10.045     ;
; -8.658 ; lcd_controller:inst2|clk_count[8]  ; lcd_controller:inst2|clk_count[3]  ; clock        ; clock       ; 1.000        ; -0.576     ; 9.083      ;
; -8.653 ; lcd_controller:inst2|clk_count[1]  ; lcd_controller:inst2|lcd_data[1]   ; clock        ; clock       ; 1.000        ; -0.089     ; 9.565      ;
; -8.653 ; lcd_controller:inst2|clk_count[1]  ; lcd_controller:inst2|lcd_data[3]   ; clock        ; clock       ; 1.000        ; -0.089     ; 9.565      ;
; -8.653 ; lcd_controller:inst2|clk_count[1]  ; lcd_controller:inst2|lcd_data[4]   ; clock        ; clock       ; 1.000        ; -0.089     ; 9.565      ;
; -8.653 ; lcd_controller:inst2|clk_count[1]  ; lcd_controller:inst2|lcd_data[5]   ; clock        ; clock       ; 1.000        ; -0.089     ; 9.565      ;
; -8.623 ; lcd_controller:inst2|clk_count[1]  ; lcd_controller:inst2|clk_count[29] ; clock        ; clock       ; 1.000        ; 0.388      ; 10.012     ;
; -8.623 ; lcd_controller:inst2|clk_count[1]  ; lcd_controller:inst2|clk_count[30] ; clock        ; clock       ; 1.000        ; 0.388      ; 10.012     ;
; -8.622 ; lcd_controller:inst2|clk_count[1]  ; lcd_controller:inst2|clk_count[18] ; clock        ; clock       ; 1.000        ; 0.388      ; 10.011     ;
; -8.622 ; lcd_controller:inst2|clk_count[2]  ; lcd_controller:inst2|lcd_data[1]   ; clock        ; clock       ; 1.000        ; -0.089     ; 9.534      ;
; -8.622 ; lcd_controller:inst2|clk_count[2]  ; lcd_controller:inst2|lcd_data[2]   ; clock        ; clock       ; 1.000        ; -0.089     ; 9.534      ;
; -8.622 ; lcd_controller:inst2|clk_count[2]  ; lcd_controller:inst2|lcd_data[3]   ; clock        ; clock       ; 1.000        ; -0.089     ; 9.534      ;
; -8.622 ; lcd_controller:inst2|clk_count[2]  ; lcd_controller:inst2|lcd_data[4]   ; clock        ; clock       ; 1.000        ; -0.089     ; 9.534      ;
; -8.622 ; lcd_controller:inst2|clk_count[2]  ; lcd_controller:inst2|lcd_data[5]   ; clock        ; clock       ; 1.000        ; -0.089     ; 9.534      ;
; -8.621 ; lcd_controller:inst2|clk_count[1]  ; lcd_controller:inst2|clk_count[28] ; clock        ; clock       ; 1.000        ; 0.388      ; 10.010     ;
; -8.619 ; lcd_controller:inst2|clk_count[1]  ; lcd_controller:inst2|clk_count[19] ; clock        ; clock       ; 1.000        ; 0.388      ; 10.008     ;
; -8.619 ; lcd_controller:inst2|clk_count[9]  ; lcd_controller:inst2|clk_count[0]  ; clock        ; clock       ; 1.000        ; -0.575     ; 9.045      ;
; -8.618 ; lcd_controller:inst2|clk_count[1]  ; lcd_controller:inst2|clk_count[17] ; clock        ; clock       ; 1.000        ; 0.388      ; 10.007     ;
; -8.618 ; lcd_controller:inst2|clk_count[9]  ; lcd_controller:inst2|clk_count[14] ; clock        ; clock       ; 1.000        ; -0.575     ; 9.044      ;
; -8.616 ; lcd_controller:inst2|clk_count[1]  ; lcd_controller:inst2|clk_count[16] ; clock        ; clock       ; 1.000        ; 0.388      ; 10.005     ;
; -8.616 ; lcd_controller:inst2|clk_count[1]  ; lcd_controller:inst2|clk_count[27] ; clock        ; clock       ; 1.000        ; 0.388      ; 10.005     ;
; -8.616 ; lcd_controller:inst2|clk_count[9]  ; lcd_controller:inst2|clk_count[12] ; clock        ; clock       ; 1.000        ; -0.575     ; 9.042      ;
; -8.615 ; lcd_controller:inst2|clk_count[9]  ; lcd_controller:inst2|clk_count[15] ; clock        ; clock       ; 1.000        ; -0.575     ; 9.041      ;
; -8.615 ; lcd_controller:inst2|clk_count[9]  ; lcd_controller:inst2|clk_count[31] ; clock        ; clock       ; 1.000        ; -0.575     ; 9.041      ;
; -8.610 ; lcd_controller:inst2|clk_count[11] ; lcd_controller:inst2|clk_count[3]  ; clock        ; clock       ; 1.000        ; -0.576     ; 9.035      ;
; -8.577 ; lcd_controller:inst2|clk_count[5]  ; lcd_controller:inst2|clk_count[22] ; clock        ; clock       ; 1.000        ; -0.102     ; 9.476      ;
; -8.576 ; lcd_controller:inst2|clk_count[5]  ; lcd_controller:inst2|clk_count[10] ; clock        ; clock       ; 1.000        ; -0.102     ; 9.475      ;
; -8.575 ; lcd_controller:inst2|clk_count[5]  ; lcd_controller:inst2|clk_count[26] ; clock        ; clock       ; 1.000        ; -0.102     ; 9.474      ;
; -8.574 ; lcd_controller:inst2|clk_count[5]  ; lcd_controller:inst2|clk_count[9]  ; clock        ; clock       ; 1.000        ; -0.102     ; 9.473      ;
; -8.572 ; lcd_controller:inst2|clk_count[5]  ; lcd_controller:inst2|clk_count[11] ; clock        ; clock       ; 1.000        ; -0.102     ; 9.471      ;
; -8.571 ; lcd_controller:inst2|clk_count[5]  ; lcd_controller:inst2|clk_count[7]  ; clock        ; clock       ; 1.000        ; -0.102     ; 9.470      ;
; -8.569 ; lcd_controller:inst2|clk_count[5]  ; lcd_controller:inst2|clk_count[5]  ; clock        ; clock       ; 1.000        ; -0.102     ; 9.468      ;
; -8.569 ; lcd_controller:inst2|clk_count[5]  ; lcd_controller:inst2|clk_count[13] ; clock        ; clock       ; 1.000        ; -0.102     ; 9.468      ;
; -8.568 ; lcd_controller:inst2|clk_count[5]  ; lcd_controller:inst2|clk_count[25] ; clock        ; clock       ; 1.000        ; -0.102     ; 9.467      ;
; -8.566 ; lcd_controller:inst2|clk_count[5]  ; lcd_controller:inst2|clk_count[8]  ; clock        ; clock       ; 1.000        ; -0.102     ; 9.465      ;
; -8.565 ; lcd_controller:inst2|clk_count[5]  ; lcd_controller:inst2|clk_count[4]  ; clock        ; clock       ; 1.000        ; -0.102     ; 9.464      ;
; -8.564 ; lcd_controller:inst2|clk_count[5]  ; lcd_controller:inst2|clk_count[23] ; clock        ; clock       ; 1.000        ; -0.102     ; 9.463      ;
; -8.557 ; lcd_controller:inst2|clk_count[5]  ; lcd_controller:inst2|lcd_data[1]   ; clock        ; clock       ; 1.000        ; -0.575     ; 8.983      ;
+--------+------------------------------------+------------------------------------+--------------+-------------+--------------+------------+------------+


+---------------------------------------------------------------------------------------------------------------------------------------------------------------------+
; Slow 1200mV 85C Model Hold: 'clock'                                                                                                                                 ;
+-------+-------------------------------------------+-------------------------------------------+--------------+-------------+--------------+------------+------------+
; Slack ; From Node                                 ; To Node                                   ; Launch Clock ; Latch Clock ; Relationship ; Clock Skew ; Data Delay ;
+-------+-------------------------------------------+-------------------------------------------+--------------+-------------+--------------+------------+------------+
; 0.434 ; lcd_controller:inst2|estado.INICIALIZACAO ; lcd_controller:inst2|estado.INICIALIZACAO ; clock        ; clock       ; 0.000        ; 0.100      ; 0.746      ;
; 0.435 ; lcd_controller:inst2|estado.ENERGIZACAO   ; lcd_controller:inst2|estado.ENERGIZACAO   ; clock        ; clock       ; 0.000        ; 0.099      ; 0.746      ;
; 0.452 ; lcd_logic:inst1|lcd_bus[0]                ; lcd_logic:inst1|lcd_bus[0]                ; clock        ; clock       ; 0.000        ; 0.082      ; 0.746      ;
; 0.452 ; lcd_logic:inst1|lcd_bus[5]                ; lcd_logic:inst1|lcd_bus[5]                ; clock        ; clock       ; 0.000        ; 0.082      ; 0.746      ;
; 0.452 ; lcd_logic:inst1|lcd_bus[6]                ; lcd_logic:inst1|lcd_bus[6]                ; clock        ; clock       ; 0.000        ; 0.082      ; 0.746      ;
; 0.452 ; lcd_controller:inst2|estado.ENVIAR        ; lcd_controller:inst2|estado.ENVIAR        ; clock        ; clock       ; 0.000        ; 0.082      ; 0.746      ;
; 0.452 ; lcd_logic:inst1|char[2]                   ; lcd_logic:inst1|char[2]                   ; clock        ; clock       ; 0.000        ; 0.082      ; 0.746      ;
; 0.453 ; lcd_controller:inst2|rs                   ; lcd_controller:inst2|rs                   ; clock        ; clock       ; 0.000        ; 0.081      ; 0.746      ;
; 0.453 ; debounce:inst3|stable[1]                  ; debounce:inst3|stable[1]                  ; clock        ; clock       ; 0.000        ; 0.081      ; 0.746      ;
; 0.453 ; lcd_logic:inst1|char[4]                   ; lcd_logic:inst1|char[4]                   ; clock        ; clock       ; 0.000        ; 0.081      ; 0.746      ;
; 0.464 ; lcd_logic:inst1|lcd_enable                ; lcd_logic:inst1|lcd_enable                ; clock        ; clock       ; 0.000        ; 0.082      ; 0.758      ;
; 0.554 ; lcd_logic:inst1|char[1]                   ; lcd_logic:inst1|char[2]                   ; clock        ; clock       ; 0.000        ; 0.082      ; 0.848      ;
; 0.760 ; debounce:inst3|cnt[1][3]                  ; debounce:inst3|cnt[1][3]                  ; clock        ; clock       ; 0.000        ; 0.081      ; 1.053      ;
; 0.760 ; debounce:inst3|cnt[1][15]                 ; debounce:inst3|cnt[1][15]                 ; clock        ; clock       ; 0.000        ; 0.081      ; 1.053      ;
; 0.761 ; debounce:inst3|cnt[1][1]                  ; debounce:inst3|cnt[1][1]                  ; clock        ; clock       ; 0.000        ; 0.081      ; 1.054      ;
; 0.761 ; debounce:inst3|cnt[1][5]                  ; debounce:inst3|cnt[1][5]                  ; clock        ; clock       ; 0.000        ; 0.081      ; 1.054      ;
; 0.761 ; debounce:inst3|cnt[1][11]                 ; debounce:inst3|cnt[1][11]                 ; clock        ; clock       ; 0.000        ; 0.081      ; 1.054      ;
; 0.761 ; debounce:inst3|cnt[1][13]                 ; debounce:inst3|cnt[1][13]                 ; clock        ; clock       ; 0.000        ; 0.081      ; 1.054      ;
; 0.761 ; debounce:inst3|cnt[1][19]                 ; debounce:inst3|cnt[1][19]                 ; clock        ; clock       ; 0.000        ; 0.081      ; 1.054      ;
; 0.762 ; debounce:inst3|cnt[1][17]                 ; debounce:inst3|cnt[1][17]                 ; clock        ; clock       ; 0.000        ; 0.081      ; 1.055      ;
; 0.762 ; debounce:inst3|cnt[1][21]                 ; debounce:inst3|cnt[1][21]                 ; clock        ; clock       ; 0.000        ; 0.081      ; 1.055      ;
; 0.762 ; debounce:inst3|cnt[1][27]                 ; debounce:inst3|cnt[1][27]                 ; clock        ; clock       ; 0.000        ; 0.081      ; 1.055      ;
; 0.762 ; debounce:inst3|cnt[1][29]                 ; debounce:inst3|cnt[1][29]                 ; clock        ; clock       ; 0.000        ; 0.081      ; 1.055      ;
; 0.763 ; debounce:inst3|cnt[1][2]                  ; debounce:inst3|cnt[1][2]                  ; clock        ; clock       ; 0.000        ; 0.081      ; 1.056      ;
; 0.763 ; debounce:inst3|cnt[1][6]                  ; debounce:inst3|cnt[1][6]                  ; clock        ; clock       ; 0.000        ; 0.081      ; 1.056      ;
; 0.763 ; debounce:inst3|cnt[1][7]                  ; debounce:inst3|cnt[1][7]                  ; clock        ; clock       ; 0.000        ; 0.081      ; 1.056      ;
; 0.763 ; debounce:inst3|cnt[1][9]                  ; debounce:inst3|cnt[1][9]                  ; clock        ; clock       ; 0.000        ; 0.081      ; 1.056      ;
; 0.763 ; debounce:inst3|cnt[1][16]                 ; debounce:inst3|cnt[1][16]                 ; clock        ; clock       ; 0.000        ; 0.081      ; 1.056      ;
; 0.763 ; debounce:inst3|cnt[1][31]                 ; debounce:inst3|cnt[1][31]                 ; clock        ; clock       ; 0.000        ; 0.081      ; 1.056      ;
; 0.764 ; debounce:inst3|cnt[1][4]                  ; debounce:inst3|cnt[1][4]                  ; clock        ; clock       ; 0.000        ; 0.081      ; 1.057      ;
; 0.764 ; debounce:inst3|cnt[1][14]                 ; debounce:inst3|cnt[1][14]                 ; clock        ; clock       ; 0.000        ; 0.081      ; 1.057      ;
; 0.764 ; debounce:inst3|cnt[1][12]                 ; debounce:inst3|cnt[1][12]                 ; clock        ; clock       ; 0.000        ; 0.081      ; 1.057      ;
; 0.764 ; debounce:inst3|cnt[1][18]                 ; debounce:inst3|cnt[1][18]                 ; clock        ; clock       ; 0.000        ; 0.081      ; 1.057      ;
; 0.764 ; debounce:inst3|cnt[1][22]                 ; debounce:inst3|cnt[1][22]                 ; clock        ; clock       ; 0.000        ; 0.081      ; 1.057      ;
; 0.764 ; debounce:inst3|cnt[1][23]                 ; debounce:inst3|cnt[1][23]                 ; clock        ; clock       ; 0.000        ; 0.081      ; 1.057      ;
; 0.764 ; debounce:inst3|cnt[1][25]                 ; debounce:inst3|cnt[1][25]                 ; clock        ; clock       ; 0.000        ; 0.081      ; 1.057      ;
; 0.765 ; debounce:inst3|cnt[1][8]                  ; debounce:inst3|cnt[1][8]                  ; clock        ; clock       ; 0.000        ; 0.081      ; 1.058      ;
; 0.765 ; debounce:inst3|cnt[1][10]                 ; debounce:inst3|cnt[1][10]                 ; clock        ; clock       ; 0.000        ; 0.081      ; 1.058      ;
; 0.765 ; debounce:inst3|cnt[1][20]                 ; debounce:inst3|cnt[1][20]                 ; clock        ; clock       ; 0.000        ; 0.081      ; 1.058      ;
; 0.765 ; debounce:inst3|cnt[1][30]                 ; debounce:inst3|cnt[1][30]                 ; clock        ; clock       ; 0.000        ; 0.081      ; 1.058      ;
; 0.766 ; debounce:inst3|cnt[1][28]                 ; debounce:inst3|cnt[1][28]                 ; clock        ; clock       ; 0.000        ; 0.081      ; 1.059      ;
; 0.766 ; debounce:inst3|cnt[1][24]                 ; debounce:inst3|cnt[1][24]                 ; clock        ; clock       ; 0.000        ; 0.081      ; 1.059      ;
; 0.766 ; debounce:inst3|cnt[1][26]                 ; debounce:inst3|cnt[1][26]                 ; clock        ; clock       ; 0.000        ; 0.081      ; 1.059      ;
; 0.776 ; lcd_controller:inst2|estado.PRONTO        ; lcd_controller:inst2|busy                 ; clock        ; clock       ; 0.000        ; 0.100      ; 1.088      ;
; 0.786 ; debounce:inst3|cnt[1][0]                  ; debounce:inst3|cnt[1][0]                  ; clock        ; clock       ; 0.000        ; 0.081      ; 1.079      ;
; 0.791 ; debounce:inst3|s1[1]                      ; debounce:inst3|stable[1]                  ; clock        ; clock       ; 0.000        ; 0.081      ; 1.084      ;
; 0.816 ; lcd_logic:inst1|char[0]                   ; lcd_logic:inst1|char[2]                   ; clock        ; clock       ; 0.000        ; 0.082      ; 1.110      ;
; 0.832 ; lcd_controller:inst2|clk_count[31]        ; lcd_controller:inst2|estado.ENVIAR        ; clock        ; clock       ; 0.000        ; 0.082      ; 1.126      ;
; 0.833 ; lcd_logic:inst1|lcd_enable                ; lcd_controller:inst2|busy                 ; clock        ; clock       ; 0.000        ; 0.524      ; 1.569      ;
; 0.890 ; lcd_logic:inst1|lcd_bus[0]                ; lcd_controller:inst2|lcd_data[0]          ; clock        ; clock       ; 0.000        ; 0.072      ; 1.174      ;
; 0.913 ; lcd_logic:inst1|char[0]                   ; lcd_logic:inst1|lcd_bus[9]                ; clock        ; clock       ; 0.000        ; 0.525      ; 1.650      ;
; 0.971 ; lcd_controller:inst2|estado.ENVIAR        ; lcd_controller:inst2|estado.PRONTO        ; clock        ; clock       ; 0.000        ; 0.533      ; 1.716      ;
; 1.044 ; lcd_logic:inst1|lcd_bus[6]                ; lcd_controller:inst2|lcd_data[6]          ; clock        ; clock       ; 0.000        ; 0.072      ; 1.328      ;
; 1.094 ; lcd_logic:inst1|char[4]                   ; lcd_logic:inst1|lcd_bus[2]                ; clock        ; clock       ; 0.000        ; 0.081      ; 1.387      ;
; 1.101 ; debounce:inst3|cnt[1][15]                 ; debounce:inst3|cnt[1][16]                 ; clock        ; clock       ; 0.000        ; 0.095      ; 1.408      ;
; 1.107 ; lcd_controller:inst2|estado.PRONTO        ; lcd_controller:inst2|lcd_data[6]          ; clock        ; clock       ; 0.000        ; -0.352     ; 0.967      ;
; 1.115 ; debounce:inst3|cnt[1][1]                  ; debounce:inst3|cnt[1][2]                  ; clock        ; clock       ; 0.000        ; 0.081      ; 1.408      ;
; 1.115 ; debounce:inst3|cnt[1][3]                  ; debounce:inst3|cnt[1][4]                  ; clock        ; clock       ; 0.000        ; 0.081      ; 1.408      ;
; 1.116 ; debounce:inst3|cnt[1][5]                  ; debounce:inst3|cnt[1][6]                  ; clock        ; clock       ; 0.000        ; 0.081      ; 1.409      ;
; 1.116 ; debounce:inst3|cnt[1][13]                 ; debounce:inst3|cnt[1][14]                 ; clock        ; clock       ; 0.000        ; 0.081      ; 1.409      ;
; 1.116 ; debounce:inst3|cnt[1][11]                 ; debounce:inst3|cnt[1][12]                 ; clock        ; clock       ; 0.000        ; 0.081      ; 1.409      ;
; 1.116 ; debounce:inst3|cnt[1][17]                 ; debounce:inst3|cnt[1][18]                 ; clock        ; clock       ; 0.000        ; 0.081      ; 1.409      ;
; 1.116 ; debounce:inst3|cnt[1][19]                 ; debounce:inst3|cnt[1][20]                 ; clock        ; clock       ; 0.000        ; 0.081      ; 1.409      ;
; 1.117 ; debounce:inst3|cnt[1][21]                 ; debounce:inst3|cnt[1][22]                 ; clock        ; clock       ; 0.000        ; 0.081      ; 1.410      ;
; 1.117 ; debounce:inst3|cnt[1][7]                  ; debounce:inst3|cnt[1][8]                  ; clock        ; clock       ; 0.000        ; 0.081      ; 1.410      ;
; 1.117 ; debounce:inst3|cnt[1][9]                  ; debounce:inst3|cnt[1][10]                 ; clock        ; clock       ; 0.000        ; 0.081      ; 1.410      ;
; 1.117 ; debounce:inst3|cnt[1][29]                 ; debounce:inst3|cnt[1][30]                 ; clock        ; clock       ; 0.000        ; 0.081      ; 1.410      ;
; 1.117 ; debounce:inst3|cnt[1][27]                 ; debounce:inst3|cnt[1][28]                 ; clock        ; clock       ; 0.000        ; 0.081      ; 1.410      ;
; 1.118 ; debounce:inst3|cnt[1][23]                 ; debounce:inst3|cnt[1][24]                 ; clock        ; clock       ; 0.000        ; 0.081      ; 1.411      ;
; 1.118 ; debounce:inst3|cnt[1][25]                 ; debounce:inst3|cnt[1][26]                 ; clock        ; clock       ; 0.000        ; 0.081      ; 1.411      ;
; 1.120 ; debounce:inst3|cnt[1][14]                 ; debounce:inst3|cnt[1][16]                 ; clock        ; clock       ; 0.000        ; 0.095      ; 1.427      ;
; 1.124 ; debounce:inst3|cnt[1][2]                  ; debounce:inst3|cnt[1][3]                  ; clock        ; clock       ; 0.000        ; 0.081      ; 1.417      ;
; 1.124 ; debounce:inst3|cnt[1][0]                  ; debounce:inst3|cnt[1][1]                  ; clock        ; clock       ; 0.000        ; 0.081      ; 1.417      ;
; 1.124 ; debounce:inst3|cnt[1][16]                 ; debounce:inst3|cnt[1][17]                 ; clock        ; clock       ; 0.000        ; 0.081      ; 1.417      ;
; 1.124 ; debounce:inst3|cnt[1][6]                  ; debounce:inst3|cnt[1][7]                  ; clock        ; clock       ; 0.000        ; 0.081      ; 1.417      ;
; 1.125 ; debounce:inst3|cnt[1][14]                 ; debounce:inst3|cnt[1][15]                 ; clock        ; clock       ; 0.000        ; 0.081      ; 1.418      ;
; 1.125 ; debounce:inst3|cnt[1][4]                  ; debounce:inst3|cnt[1][5]                  ; clock        ; clock       ; 0.000        ; 0.081      ; 1.418      ;
; 1.125 ; debounce:inst3|cnt[1][12]                 ; debounce:inst3|cnt[1][13]                 ; clock        ; clock       ; 0.000        ; 0.081      ; 1.418      ;
; 1.125 ; debounce:inst3|cnt[1][18]                 ; debounce:inst3|cnt[1][19]                 ; clock        ; clock       ; 0.000        ; 0.081      ; 1.418      ;
; 1.125 ; debounce:inst3|cnt[1][22]                 ; debounce:inst3|cnt[1][23]                 ; clock        ; clock       ; 0.000        ; 0.081      ; 1.418      ;
; 1.126 ; debounce:inst3|cnt[1][10]                 ; debounce:inst3|cnt[1][11]                 ; clock        ; clock       ; 0.000        ; 0.081      ; 1.419      ;
; 1.126 ; debounce:inst3|cnt[1][20]                 ; debounce:inst3|cnt[1][21]                 ; clock        ; clock       ; 0.000        ; 0.081      ; 1.419      ;
; 1.126 ; debounce:inst3|cnt[1][30]                 ; debounce:inst3|cnt[1][31]                 ; clock        ; clock       ; 0.000        ; 0.081      ; 1.419      ;
; 1.126 ; debounce:inst3|cnt[1][8]                  ; debounce:inst3|cnt[1][9]                  ; clock        ; clock       ; 0.000        ; 0.081      ; 1.419      ;
; 1.127 ; debounce:inst3|cnt[1][26]                 ; debounce:inst3|cnt[1][27]                 ; clock        ; clock       ; 0.000        ; 0.081      ; 1.420      ;
; 1.127 ; debounce:inst3|cnt[1][28]                 ; debounce:inst3|cnt[1][29]                 ; clock        ; clock       ; 0.000        ; 0.081      ; 1.420      ;
; 1.127 ; debounce:inst3|cnt[1][24]                 ; debounce:inst3|cnt[1][25]                 ; clock        ; clock       ; 0.000        ; 0.081      ; 1.420      ;
; 1.133 ; debounce:inst3|cnt[1][0]                  ; debounce:inst3|cnt[1][2]                  ; clock        ; clock       ; 0.000        ; 0.081      ; 1.426      ;
; 1.133 ; debounce:inst3|cnt[1][2]                  ; debounce:inst3|cnt[1][4]                  ; clock        ; clock       ; 0.000        ; 0.081      ; 1.426      ;
; 1.133 ; debounce:inst3|cnt[1][16]                 ; debounce:inst3|cnt[1][18]                 ; clock        ; clock       ; 0.000        ; 0.081      ; 1.426      ;
; 1.133 ; debounce:inst3|cnt[1][6]                  ; debounce:inst3|cnt[1][8]                  ; clock        ; clock       ; 0.000        ; 0.081      ; 1.426      ;
; 1.134 ; debounce:inst3|cnt[1][4]                  ; debounce:inst3|cnt[1][6]                  ; clock        ; clock       ; 0.000        ; 0.081      ; 1.427      ;
; 1.134 ; debounce:inst3|cnt[1][12]                 ; debounce:inst3|cnt[1][14]                 ; clock        ; clock       ; 0.000        ; 0.081      ; 1.427      ;
; 1.134 ; debounce:inst3|cnt[1][18]                 ; debounce:inst3|cnt[1][20]                 ; clock        ; clock       ; 0.000        ; 0.081      ; 1.427      ;
; 1.134 ; debounce:inst3|cnt[1][22]                 ; debounce:inst3|cnt[1][24]                 ; clock        ; clock       ; 0.000        ; 0.081      ; 1.427      ;
; 1.135 ; debounce:inst3|cnt[1][10]                 ; debounce:inst3|cnt[1][12]                 ; clock        ; clock       ; 0.000        ; 0.081      ; 1.428      ;
; 1.135 ; debounce:inst3|cnt[1][20]                 ; debounce:inst3|cnt[1][22]                 ; clock        ; clock       ; 0.000        ; 0.081      ; 1.428      ;
; 1.135 ; debounce:inst3|cnt[1][8]                  ; debounce:inst3|cnt[1][10]                 ; clock        ; clock       ; 0.000        ; 0.081      ; 1.428      ;
; 1.136 ; debounce:inst3|cnt[1][28]                 ; debounce:inst3|cnt[1][30]                 ; clock        ; clock       ; 0.000        ; 0.081      ; 1.429      ;
; 1.136 ; debounce:inst3|cnt[1][26]                 ; debounce:inst3|cnt[1][28]                 ; clock        ; clock       ; 0.000        ; 0.081      ; 1.429      ;
+-------+-------------------------------------------+-------------------------------------------+--------------+-------------+--------------+------------+------------+


-----------------------------------------------
; Slow 1200mV 85C Model Metastability Summary ;
-----------------------------------------------
Design MTBF is not calculated because the design doesn't meet its timing requirements.



+--------------------------------------------------+
; Slow 1200mV 0C Model Fmax Summary                ;
+------------+-----------------+------------+------+
; Fmax       ; Restricted Fmax ; Clock Name ; Note ;
+------------+-----------------+------------+------+
; 108.61 MHz ; 108.61 MHz      ; clock      ;      ;
+------------+-----------------+------------+------+
This panel reports FMAX for every clock in the design, regardless of the user-specified clock periods.  FMAX is only computed for paths where the source and destination registers or ports are driven by the same clock.  Paths of different clocks, including generated clocks, are ignored.  For paths between a clock and its inversion, FMAX is computed as if the rising and falling edges are scaled along with FMAX, such that the duty cycle (in terms of a percentage) is maintained. Altera recommends that you always use clock constraints and other slack reports for sign-off analysis.


+------------------------------------+
; Slow 1200mV 0C Model Setup Summary ;
+-------+--------+-------------------+
; Clock ; Slack  ; End Point TNS     ;
+-------+--------+-------------------+
; clock ; -8.207 ; -546.256          ;
+-------+--------+-------------------+


+-----------------------------------+
; Slow 1200mV 0C Model Hold Summary ;
+-------+-------+-------------------+
; Clock ; Slack ; End Point TNS     ;
+-------+-------+-------------------+
; clock ; 0.384 ; 0.000             ;
+-------+-------+-------------------+


-----------------------------------------
; Slow 1200mV 0C Model Recovery Summary ;
-----------------------------------------
No paths to report.


----------------------------------------
; Slow 1200mV 0C Model Removal Summary ;
----------------------------------------
No paths to report.


+--------------------------------------------------+
; Slow 1200mV 0C Model Minimum Pulse Width Summary ;
+-------+--------+---------------------------------+
; Clock ; Slack  ; End Point TNS                   ;
+-------+--------+---------------------------------+
; clock ; -3.000 ; -147.239                        ;
+-------+--------+---------------------------------+


+--------------------------------------------------------------------------------------------------------------------------------------------------------+
; Slow 1200mV 0C Model Setup: 'clock'                                                                                                                    ;
+--------+------------------------------------+------------------------------------+--------------+-------------+--------------+------------+------------+
; Slack  ; From Node                          ; To Node                            ; Launch Clock ; Latch Clock ; Relationship ; Clock Skew ; Data Delay ;
+--------+------------------------------------+------------------------------------+--------------+-------------+--------------+------------+------------+
; -8.207 ; lcd_controller:inst2|clk_count[1]  ; lcd_controller:inst2|clk_count[3]  ; clock        ; clock       ; 1.000        ; -0.082     ; 9.127      ;
; -8.149 ; lcd_controller:inst2|clk_count[5]  ; lcd_controller:inst2|clk_count[3]  ; clock        ; clock       ; 1.000        ; -0.538     ; 8.613      ;
; -8.128 ; lcd_controller:inst2|clk_count[2]  ; lcd_controller:inst2|clk_count[3]  ; clock        ; clock       ; 1.000        ; -0.082     ; 9.048      ;
; -8.089 ; lcd_controller:inst2|clk_count[1]  ; lcd_controller:inst2|clk_count[0]  ; clock        ; clock       ; 1.000        ; -0.081     ; 9.010      ;
; -8.087 ; lcd_controller:inst2|clk_count[1]  ; lcd_controller:inst2|clk_count[14] ; clock        ; clock       ; 1.000        ; -0.081     ; 9.008      ;
; -8.086 ; lcd_controller:inst2|clk_count[1]  ; lcd_controller:inst2|clk_count[12] ; clock        ; clock       ; 1.000        ; -0.081     ; 9.007      ;
; -8.085 ; lcd_controller:inst2|clk_count[1]  ; lcd_controller:inst2|clk_count[15] ; clock        ; clock       ; 1.000        ; -0.081     ; 9.006      ;
; -8.085 ; lcd_controller:inst2|clk_count[1]  ; lcd_controller:inst2|clk_count[31] ; clock        ; clock       ; 1.000        ; -0.081     ; 9.006      ;
; -8.040 ; lcd_controller:inst2|clk_count[4]  ; lcd_controller:inst2|clk_count[3]  ; clock        ; clock       ; 1.000        ; -0.538     ; 8.504      ;
; -8.031 ; lcd_controller:inst2|clk_count[5]  ; lcd_controller:inst2|clk_count[0]  ; clock        ; clock       ; 1.000        ; -0.537     ; 8.496      ;
; -8.030 ; lcd_controller:inst2|clk_count[1]  ; lcd_controller:inst2|clk_count[2]  ; clock        ; clock       ; 1.000        ; -0.074     ; 8.958      ;
; -8.030 ; lcd_controller:inst2|clk_count[1]  ; lcd_controller:inst2|clk_count[6]  ; clock        ; clock       ; 1.000        ; -0.074     ; 8.958      ;
; -8.029 ; lcd_controller:inst2|clk_count[1]  ; lcd_controller:inst2|clk_count[1]  ; clock        ; clock       ; 1.000        ; -0.074     ; 8.957      ;
; -8.029 ; lcd_controller:inst2|clk_count[5]  ; lcd_controller:inst2|clk_count[14] ; clock        ; clock       ; 1.000        ; -0.537     ; 8.494      ;
; -8.028 ; lcd_controller:inst2|clk_count[5]  ; lcd_controller:inst2|clk_count[12] ; clock        ; clock       ; 1.000        ; -0.537     ; 8.493      ;
; -8.027 ; lcd_controller:inst2|clk_count[5]  ; lcd_controller:inst2|clk_count[15] ; clock        ; clock       ; 1.000        ; -0.537     ; 8.492      ;
; -8.027 ; lcd_controller:inst2|clk_count[5]  ; lcd_controller:inst2|clk_count[31] ; clock        ; clock       ; 1.000        ; -0.537     ; 8.492      ;
; -8.021 ; lcd_controller:inst2|clk_count[7]  ; lcd_controller:inst2|clk_count[3]  ; clock        ; clock       ; 1.000        ; -0.538     ; 8.485      ;
; -8.016 ; lcd_controller:inst2|clk_count[2]  ; lcd_controller:inst2|clk_count[0]  ; clock        ; clock       ; 1.000        ; -0.081     ; 8.937      ;
; -8.015 ; lcd_controller:inst2|clk_count[2]  ; lcd_controller:inst2|clk_count[14] ; clock        ; clock       ; 1.000        ; -0.081     ; 8.936      ;
; -8.013 ; lcd_controller:inst2|clk_count[2]  ; lcd_controller:inst2|clk_count[12] ; clock        ; clock       ; 1.000        ; -0.081     ; 8.934      ;
; -8.013 ; lcd_controller:inst2|clk_count[2]  ; lcd_controller:inst2|clk_count[15] ; clock        ; clock       ; 1.000        ; -0.081     ; 8.934      ;
; -8.013 ; lcd_controller:inst2|clk_count[2]  ; lcd_controller:inst2|clk_count[31] ; clock        ; clock       ; 1.000        ; -0.081     ; 8.934      ;
; -7.972 ; lcd_controller:inst2|clk_count[5]  ; lcd_controller:inst2|clk_count[2]  ; clock        ; clock       ; 1.000        ; -0.530     ; 8.444      ;
; -7.972 ; lcd_controller:inst2|clk_count[5]  ; lcd_controller:inst2|clk_count[6]  ; clock        ; clock       ; 1.000        ; -0.530     ; 8.444      ;
; -7.971 ; lcd_controller:inst2|clk_count[5]  ; lcd_controller:inst2|clk_count[1]  ; clock        ; clock       ; 1.000        ; -0.530     ; 8.443      ;
; -7.964 ; lcd_controller:inst2|clk_count[2]  ; lcd_controller:inst2|lcd_data[1]   ; clock        ; clock       ; 1.000        ; -0.080     ; 8.886      ;
; -7.964 ; lcd_controller:inst2|clk_count[2]  ; lcd_controller:inst2|lcd_data[2]   ; clock        ; clock       ; 1.000        ; -0.080     ; 8.886      ;
; -7.964 ; lcd_controller:inst2|clk_count[2]  ; lcd_controller:inst2|lcd_data[3]   ; clock        ; clock       ; 1.000        ; -0.080     ; 8.886      ;
; -7.964 ; lcd_controller:inst2|clk_count[2]  ; lcd_controller:inst2|lcd_data[4]   ; clock        ; clock       ; 1.000        ; -0.080     ; 8.886      ;
; -7.964 ; lcd_controller:inst2|clk_count[2]  ; lcd_controller:inst2|lcd_data[5]   ; clock        ; clock       ; 1.000        ; -0.080     ; 8.886      ;
; -7.954 ; lcd_controller:inst2|clk_count[2]  ; lcd_controller:inst2|clk_count[2]  ; clock        ; clock       ; 1.000        ; -0.074     ; 8.882      ;
; -7.954 ; lcd_controller:inst2|clk_count[2]  ; lcd_controller:inst2|clk_count[6]  ; clock        ; clock       ; 1.000        ; -0.074     ; 8.882      ;
; -7.953 ; lcd_controller:inst2|clk_count[2]  ; lcd_controller:inst2|clk_count[1]  ; clock        ; clock       ; 1.000        ; -0.074     ; 8.881      ;
; -7.928 ; lcd_controller:inst2|clk_count[4]  ; lcd_controller:inst2|clk_count[0]  ; clock        ; clock       ; 1.000        ; -0.537     ; 8.393      ;
; -7.927 ; lcd_controller:inst2|clk_count[4]  ; lcd_controller:inst2|clk_count[14] ; clock        ; clock       ; 1.000        ; -0.537     ; 8.392      ;
; -7.925 ; lcd_controller:inst2|clk_count[4]  ; lcd_controller:inst2|clk_count[12] ; clock        ; clock       ; 1.000        ; -0.537     ; 8.390      ;
; -7.925 ; lcd_controller:inst2|clk_count[4]  ; lcd_controller:inst2|clk_count[15] ; clock        ; clock       ; 1.000        ; -0.537     ; 8.390      ;
; -7.925 ; lcd_controller:inst2|clk_count[4]  ; lcd_controller:inst2|clk_count[31] ; clock        ; clock       ; 1.000        ; -0.537     ; 8.390      ;
; -7.912 ; lcd_controller:inst2|clk_count[1]  ; lcd_controller:inst2|lcd_data[2]   ; clock        ; clock       ; 1.000        ; -0.080     ; 8.834      ;
; -7.903 ; lcd_controller:inst2|clk_count[7]  ; lcd_controller:inst2|clk_count[0]  ; clock        ; clock       ; 1.000        ; -0.537     ; 8.368      ;
; -7.901 ; lcd_controller:inst2|clk_count[7]  ; lcd_controller:inst2|clk_count[14] ; clock        ; clock       ; 1.000        ; -0.537     ; 8.366      ;
; -7.900 ; lcd_controller:inst2|clk_count[7]  ; lcd_controller:inst2|clk_count[12] ; clock        ; clock       ; 1.000        ; -0.537     ; 8.365      ;
; -7.899 ; lcd_controller:inst2|clk_count[7]  ; lcd_controller:inst2|clk_count[15] ; clock        ; clock       ; 1.000        ; -0.537     ; 8.364      ;
; -7.899 ; lcd_controller:inst2|clk_count[7]  ; lcd_controller:inst2|clk_count[31] ; clock        ; clock       ; 1.000        ; -0.537     ; 8.364      ;
; -7.896 ; lcd_controller:inst2|clk_count[9]  ; lcd_controller:inst2|clk_count[3]  ; clock        ; clock       ; 1.000        ; -0.538     ; 8.360      ;
; -7.876 ; lcd_controller:inst2|clk_count[4]  ; lcd_controller:inst2|lcd_data[1]   ; clock        ; clock       ; 1.000        ; -0.536     ; 8.342      ;
; -7.876 ; lcd_controller:inst2|clk_count[4]  ; lcd_controller:inst2|lcd_data[2]   ; clock        ; clock       ; 1.000        ; -0.536     ; 8.342      ;
; -7.876 ; lcd_controller:inst2|clk_count[4]  ; lcd_controller:inst2|lcd_data[3]   ; clock        ; clock       ; 1.000        ; -0.536     ; 8.342      ;
; -7.876 ; lcd_controller:inst2|clk_count[4]  ; lcd_controller:inst2|lcd_data[4]   ; clock        ; clock       ; 1.000        ; -0.536     ; 8.342      ;
; -7.876 ; lcd_controller:inst2|clk_count[4]  ; lcd_controller:inst2|lcd_data[5]   ; clock        ; clock       ; 1.000        ; -0.536     ; 8.342      ;
; -7.871 ; lcd_controller:inst2|clk_count[6]  ; lcd_controller:inst2|clk_count[3]  ; clock        ; clock       ; 1.000        ; -0.082     ; 8.791      ;
; -7.866 ; lcd_controller:inst2|clk_count[4]  ; lcd_controller:inst2|clk_count[2]  ; clock        ; clock       ; 1.000        ; -0.530     ; 8.338      ;
; -7.866 ; lcd_controller:inst2|clk_count[4]  ; lcd_controller:inst2|clk_count[6]  ; clock        ; clock       ; 1.000        ; -0.530     ; 8.338      ;
; -7.865 ; lcd_controller:inst2|clk_count[4]  ; lcd_controller:inst2|clk_count[1]  ; clock        ; clock       ; 1.000        ; -0.530     ; 8.337      ;
; -7.859 ; lcd_controller:inst2|clk_count[1]  ; lcd_controller:inst2|lcd_data[1]   ; clock        ; clock       ; 1.000        ; -0.080     ; 8.781      ;
; -7.859 ; lcd_controller:inst2|clk_count[1]  ; lcd_controller:inst2|lcd_data[3]   ; clock        ; clock       ; 1.000        ; -0.080     ; 8.781      ;
; -7.859 ; lcd_controller:inst2|clk_count[1]  ; lcd_controller:inst2|lcd_data[4]   ; clock        ; clock       ; 1.000        ; -0.080     ; 8.781      ;
; -7.859 ; lcd_controller:inst2|clk_count[1]  ; lcd_controller:inst2|lcd_data[5]   ; clock        ; clock       ; 1.000        ; -0.080     ; 8.781      ;
; -7.854 ; lcd_controller:inst2|clk_count[5]  ; lcd_controller:inst2|lcd_data[2]   ; clock        ; clock       ; 1.000        ; -0.536     ; 8.320      ;
; -7.844 ; lcd_controller:inst2|clk_count[7]  ; lcd_controller:inst2|clk_count[2]  ; clock        ; clock       ; 1.000        ; -0.530     ; 8.316      ;
; -7.844 ; lcd_controller:inst2|clk_count[7]  ; lcd_controller:inst2|clk_count[6]  ; clock        ; clock       ; 1.000        ; -0.530     ; 8.316      ;
; -7.843 ; lcd_controller:inst2|clk_count[7]  ; lcd_controller:inst2|clk_count[1]  ; clock        ; clock       ; 1.000        ; -0.530     ; 8.315      ;
; -7.841 ; lcd_controller:inst2|clk_count[8]  ; lcd_controller:inst2|clk_count[3]  ; clock        ; clock       ; 1.000        ; -0.538     ; 8.305      ;
; -7.801 ; lcd_controller:inst2|clk_count[5]  ; lcd_controller:inst2|lcd_data[1]   ; clock        ; clock       ; 1.000        ; -0.536     ; 8.267      ;
; -7.801 ; lcd_controller:inst2|clk_count[5]  ; lcd_controller:inst2|lcd_data[3]   ; clock        ; clock       ; 1.000        ; -0.536     ; 8.267      ;
; -7.801 ; lcd_controller:inst2|clk_count[5]  ; lcd_controller:inst2|lcd_data[4]   ; clock        ; clock       ; 1.000        ; -0.536     ; 8.267      ;
; -7.801 ; lcd_controller:inst2|clk_count[5]  ; lcd_controller:inst2|lcd_data[5]   ; clock        ; clock       ; 1.000        ; -0.536     ; 8.267      ;
; -7.800 ; lcd_controller:inst2|clk_count[0]  ; lcd_controller:inst2|clk_count[3]  ; clock        ; clock       ; 1.000        ; -0.074     ; 8.728      ;
; -7.786 ; lcd_controller:inst2|clk_count[2]  ; lcd_controller:inst2|lcd_data[7]   ; clock        ; clock       ; 1.000        ; -0.081     ; 8.707      ;
; -7.786 ; lcd_controller:inst2|clk_count[2]  ; lcd_controller:inst2|lcd_data[0]   ; clock        ; clock       ; 1.000        ; -0.081     ; 8.707      ;
; -7.786 ; lcd_controller:inst2|clk_count[2]  ; lcd_controller:inst2|lcd_data[6]   ; clock        ; clock       ; 1.000        ; -0.081     ; 8.707      ;
; -7.779 ; lcd_controller:inst2|clk_count[3]  ; lcd_controller:inst2|clk_count[3]  ; clock        ; clock       ; 1.000        ; -0.073     ; 8.708      ;
; -7.778 ; lcd_controller:inst2|clk_count[9]  ; lcd_controller:inst2|clk_count[0]  ; clock        ; clock       ; 1.000        ; -0.537     ; 8.243      ;
; -7.776 ; lcd_controller:inst2|clk_count[9]  ; lcd_controller:inst2|clk_count[14] ; clock        ; clock       ; 1.000        ; -0.537     ; 8.241      ;
; -7.775 ; lcd_controller:inst2|clk_count[9]  ; lcd_controller:inst2|clk_count[12] ; clock        ; clock       ; 1.000        ; -0.537     ; 8.240      ;
; -7.774 ; lcd_controller:inst2|clk_count[9]  ; lcd_controller:inst2|clk_count[15] ; clock        ; clock       ; 1.000        ; -0.537     ; 8.239      ;
; -7.774 ; lcd_controller:inst2|clk_count[9]  ; lcd_controller:inst2|clk_count[31] ; clock        ; clock       ; 1.000        ; -0.537     ; 8.239      ;
; -7.770 ; lcd_controller:inst2|clk_count[11] ; lcd_controller:inst2|clk_count[3]  ; clock        ; clock       ; 1.000        ; -0.538     ; 8.234      ;
; -7.763 ; lcd_controller:inst2|clk_count[1]  ; lcd_controller:inst2|clk_count[10] ; clock        ; clock       ; 1.000        ; 0.364      ; 9.129      ;
; -7.763 ; lcd_controller:inst2|clk_count[1]  ; lcd_controller:inst2|clk_count[22] ; clock        ; clock       ; 1.000        ; 0.364      ; 9.129      ;
; -7.762 ; lcd_controller:inst2|clk_count[1]  ; lcd_controller:inst2|clk_count[26] ; clock        ; clock       ; 1.000        ; 0.364      ; 9.128      ;
; -7.760 ; lcd_controller:inst2|clk_count[1]  ; lcd_controller:inst2|clk_count[9]  ; clock        ; clock       ; 1.000        ; 0.364      ; 9.126      ;
; -7.759 ; lcd_controller:inst2|clk_count[1]  ; lcd_controller:inst2|clk_count[11] ; clock        ; clock       ; 1.000        ; 0.364      ; 9.125      ;
; -7.759 ; lcd_controller:inst2|clk_count[6]  ; lcd_controller:inst2|clk_count[0]  ; clock        ; clock       ; 1.000        ; -0.081     ; 8.680      ;
; -7.758 ; lcd_controller:inst2|clk_count[1]  ; lcd_controller:inst2|clk_count[7]  ; clock        ; clock       ; 1.000        ; 0.364      ; 9.124      ;
; -7.758 ; lcd_controller:inst2|clk_count[6]  ; lcd_controller:inst2|clk_count[14] ; clock        ; clock       ; 1.000        ; -0.081     ; 8.679      ;
; -7.756 ; lcd_controller:inst2|clk_count[1]  ; lcd_controller:inst2|clk_count[13] ; clock        ; clock       ; 1.000        ; 0.364      ; 9.122      ;
; -7.756 ; lcd_controller:inst2|clk_count[6]  ; lcd_controller:inst2|clk_count[12] ; clock        ; clock       ; 1.000        ; -0.081     ; 8.677      ;
; -7.756 ; lcd_controller:inst2|clk_count[6]  ; lcd_controller:inst2|clk_count[15] ; clock        ; clock       ; 1.000        ; -0.081     ; 8.677      ;
; -7.756 ; lcd_controller:inst2|clk_count[6]  ; lcd_controller:inst2|clk_count[31] ; clock        ; clock       ; 1.000        ; -0.081     ; 8.677      ;
; -7.755 ; lcd_controller:inst2|clk_count[1]  ; lcd_controller:inst2|clk_count[5]  ; clock        ; clock       ; 1.000        ; 0.364      ; 9.121      ;
; -7.755 ; lcd_controller:inst2|clk_count[1]  ; lcd_controller:inst2|clk_count[25] ; clock        ; clock       ; 1.000        ; 0.364      ; 9.121      ;
; -7.753 ; lcd_controller:inst2|clk_count[1]  ; lcd_controller:inst2|clk_count[8]  ; clock        ; clock       ; 1.000        ; 0.364      ; 9.119      ;
; -7.752 ; lcd_controller:inst2|clk_count[1]  ; lcd_controller:inst2|clk_count[4]  ; clock        ; clock       ; 1.000        ; 0.364      ; 9.118      ;
; -7.751 ; lcd_controller:inst2|clk_count[1]  ; lcd_controller:inst2|clk_count[23] ; clock        ; clock       ; 1.000        ; 0.364      ; 9.117      ;
; -7.729 ; lcd_controller:inst2|clk_count[8]  ; lcd_controller:inst2|clk_count[0]  ; clock        ; clock       ; 1.000        ; -0.537     ; 8.194      ;
; -7.728 ; lcd_controller:inst2|clk_count[8]  ; lcd_controller:inst2|clk_count[14] ; clock        ; clock       ; 1.000        ; -0.537     ; 8.193      ;
; -7.726 ; lcd_controller:inst2|clk_count[8]  ; lcd_controller:inst2|clk_count[12] ; clock        ; clock       ; 1.000        ; -0.537     ; 8.191      ;
; -7.726 ; lcd_controller:inst2|clk_count[8]  ; lcd_controller:inst2|clk_count[15] ; clock        ; clock       ; 1.000        ; -0.537     ; 8.191      ;
+--------+------------------------------------+------------------------------------+--------------+-------------+--------------+------------+------------+


+---------------------------------------------------------------------------------------------------------------------------------------------------------------------+
; Slow 1200mV 0C Model Hold: 'clock'                                                                                                                                  ;
+-------+-------------------------------------------+-------------------------------------------+--------------+-------------+--------------+------------+------------+
; Slack ; From Node                                 ; To Node                                   ; Launch Clock ; Latch Clock ; Relationship ; Clock Skew ; Data Delay ;
+-------+-------------------------------------------+-------------------------------------------+--------------+-------------+--------------+------------+------------+
; 0.384 ; lcd_controller:inst2|estado.INICIALIZACAO ; lcd_controller:inst2|estado.INICIALIZACAO ; clock        ; clock       ; 0.000        ; 0.090      ; 0.669      ;
; 0.384 ; lcd_controller:inst2|estado.ENERGIZACAO   ; lcd_controller:inst2|estado.ENERGIZACAO   ; clock        ; clock       ; 0.000        ; 0.090      ; 0.669      ;
; 0.400 ; lcd_logic:inst1|lcd_bus[5]                ; lcd_logic:inst1|lcd_bus[5]                ; clock        ; clock       ; 0.000        ; 0.074      ; 0.669      ;
; 0.401 ; lcd_controller:inst2|rs                   ; lcd_controller:inst2|rs                   ; clock        ; clock       ; 0.000        ; 0.073      ; 0.669      ;
; 0.401 ; lcd_logic:inst1|lcd_bus[0]                ; lcd_logic:inst1|lcd_bus[0]                ; clock        ; clock       ; 0.000        ; 0.073      ; 0.669      ;
; 0.401 ; lcd_logic:inst1|lcd_bus[6]                ; lcd_logic:inst1|lcd_bus[6]                ; clock        ; clock       ; 0.000        ; 0.073      ; 0.669      ;
; 0.401 ; debounce:inst3|stable[1]                  ; debounce:inst3|stable[1]                  ; clock        ; clock       ; 0.000        ; 0.073      ; 0.669      ;
; 0.401 ; lcd_controller:inst2|estado.ENVIAR        ; lcd_controller:inst2|estado.ENVIAR        ; clock        ; clock       ; 0.000        ; 0.073      ; 0.669      ;
; 0.401 ; lcd_logic:inst1|char[4]                   ; lcd_logic:inst1|char[4]                   ; clock        ; clock       ; 0.000        ; 0.073      ; 0.669      ;
; 0.401 ; lcd_logic:inst1|char[2]                   ; lcd_logic:inst1|char[2]                   ; clock        ; clock       ; 0.000        ; 0.073      ; 0.669      ;
; 0.415 ; lcd_logic:inst1|lcd_enable                ; lcd_logic:inst1|lcd_enable                ; clock        ; clock       ; 0.000        ; 0.074      ; 0.684      ;
; 0.518 ; lcd_logic:inst1|char[1]                   ; lcd_logic:inst1|char[2]                   ; clock        ; clock       ; 0.000        ; 0.073      ; 0.786      ;
; 0.705 ; debounce:inst3|cnt[1][3]                  ; debounce:inst3|cnt[1][3]                  ; clock        ; clock       ; 0.000        ; 0.072      ; 0.972      ;
; 0.705 ; debounce:inst3|cnt[1][5]                  ; debounce:inst3|cnt[1][5]                  ; clock        ; clock       ; 0.000        ; 0.072      ; 0.972      ;
; 0.705 ; debounce:inst3|cnt[1][13]                 ; debounce:inst3|cnt[1][13]                 ; clock        ; clock       ; 0.000        ; 0.072      ; 0.972      ;
; 0.705 ; debounce:inst3|cnt[1][15]                 ; debounce:inst3|cnt[1][15]                 ; clock        ; clock       ; 0.000        ; 0.072      ; 0.972      ;
; 0.705 ; debounce:inst3|cnt[1][19]                 ; debounce:inst3|cnt[1][19]                 ; clock        ; clock       ; 0.000        ; 0.073      ; 0.973      ;
; 0.705 ; debounce:inst3|cnt[1][21]                 ; debounce:inst3|cnt[1][21]                 ; clock        ; clock       ; 0.000        ; 0.073      ; 0.973      ;
; 0.705 ; debounce:inst3|cnt[1][29]                 ; debounce:inst3|cnt[1][29]                 ; clock        ; clock       ; 0.000        ; 0.073      ; 0.973      ;
; 0.706 ; debounce:inst3|cnt[1][11]                 ; debounce:inst3|cnt[1][11]                 ; clock        ; clock       ; 0.000        ; 0.072      ; 0.973      ;
; 0.706 ; debounce:inst3|cnt[1][17]                 ; debounce:inst3|cnt[1][17]                 ; clock        ; clock       ; 0.000        ; 0.073      ; 0.974      ;
; 0.706 ; debounce:inst3|cnt[1][27]                 ; debounce:inst3|cnt[1][27]                 ; clock        ; clock       ; 0.000        ; 0.073      ; 0.974      ;
; 0.707 ; debounce:inst3|cnt[1][1]                  ; debounce:inst3|cnt[1][1]                  ; clock        ; clock       ; 0.000        ; 0.072      ; 0.974      ;
; 0.707 ; debounce:inst3|cnt[1][22]                 ; debounce:inst3|cnt[1][22]                 ; clock        ; clock       ; 0.000        ; 0.073      ; 0.975      ;
; 0.707 ; debounce:inst3|cnt[1][31]                 ; debounce:inst3|cnt[1][31]                 ; clock        ; clock       ; 0.000        ; 0.073      ; 0.975      ;
; 0.708 ; debounce:inst3|cnt[1][6]                  ; debounce:inst3|cnt[1][6]                  ; clock        ; clock       ; 0.000        ; 0.072      ; 0.975      ;
; 0.708 ; debounce:inst3|cnt[1][9]                  ; debounce:inst3|cnt[1][9]                  ; clock        ; clock       ; 0.000        ; 0.072      ; 0.975      ;
; 0.708 ; debounce:inst3|cnt[1][23]                 ; debounce:inst3|cnt[1][23]                 ; clock        ; clock       ; 0.000        ; 0.073      ; 0.976      ;
; 0.708 ; debounce:inst3|cnt[1][25]                 ; debounce:inst3|cnt[1][25]                 ; clock        ; clock       ; 0.000        ; 0.073      ; 0.976      ;
; 0.709 ; debounce:inst3|cnt[1][7]                  ; debounce:inst3|cnt[1][7]                  ; clock        ; clock       ; 0.000        ; 0.072      ; 0.976      ;
; 0.709 ; debounce:inst3|cnt[1][16]                 ; debounce:inst3|cnt[1][16]                 ; clock        ; clock       ; 0.000        ; 0.073      ; 0.977      ;
; 0.710 ; debounce:inst3|cnt[1][2]                  ; debounce:inst3|cnt[1][2]                  ; clock        ; clock       ; 0.000        ; 0.072      ; 0.977      ;
; 0.710 ; debounce:inst3|cnt[1][14]                 ; debounce:inst3|cnt[1][14]                 ; clock        ; clock       ; 0.000        ; 0.072      ; 0.977      ;
; 0.710 ; debounce:inst3|cnt[1][18]                 ; debounce:inst3|cnt[1][18]                 ; clock        ; clock       ; 0.000        ; 0.073      ; 0.978      ;
; 0.711 ; debounce:inst3|cnt[1][4]                  ; debounce:inst3|cnt[1][4]                  ; clock        ; clock       ; 0.000        ; 0.072      ; 0.978      ;
; 0.711 ; debounce:inst3|cnt[1][10]                 ; debounce:inst3|cnt[1][10]                 ; clock        ; clock       ; 0.000        ; 0.072      ; 0.978      ;
; 0.711 ; debounce:inst3|cnt[1][12]                 ; debounce:inst3|cnt[1][12]                 ; clock        ; clock       ; 0.000        ; 0.072      ; 0.978      ;
; 0.711 ; debounce:inst3|cnt[1][28]                 ; debounce:inst3|cnt[1][28]                 ; clock        ; clock       ; 0.000        ; 0.073      ; 0.979      ;
; 0.711 ; debounce:inst3|cnt[1][20]                 ; debounce:inst3|cnt[1][20]                 ; clock        ; clock       ; 0.000        ; 0.073      ; 0.979      ;
; 0.711 ; debounce:inst3|cnt[1][26]                 ; debounce:inst3|cnt[1][26]                 ; clock        ; clock       ; 0.000        ; 0.073      ; 0.979      ;
; 0.711 ; debounce:inst3|cnt[1][30]                 ; debounce:inst3|cnt[1][30]                 ; clock        ; clock       ; 0.000        ; 0.073      ; 0.979      ;
; 0.712 ; debounce:inst3|cnt[1][8]                  ; debounce:inst3|cnt[1][8]                  ; clock        ; clock       ; 0.000        ; 0.072      ; 0.979      ;
; 0.712 ; debounce:inst3|cnt[1][24]                 ; debounce:inst3|cnt[1][24]                 ; clock        ; clock       ; 0.000        ; 0.073      ; 0.980      ;
; 0.725 ; lcd_controller:inst2|estado.PRONTO        ; lcd_controller:inst2|busy                 ; clock        ; clock       ; 0.000        ; 0.090      ; 1.010      ;
; 0.731 ; lcd_logic:inst1|lcd_enable                ; lcd_controller:inst2|busy                 ; clock        ; clock       ; 0.000        ; 0.483      ; 1.409      ;
; 0.733 ; debounce:inst3|cnt[1][0]                  ; debounce:inst3|cnt[1][0]                  ; clock        ; clock       ; 0.000        ; 0.072      ; 1.000      ;
; 0.735 ; debounce:inst3|s1[1]                      ; debounce:inst3|stable[1]                  ; clock        ; clock       ; 0.000        ; 0.073      ; 1.003      ;
; 0.763 ; lcd_logic:inst1|char[0]                   ; lcd_logic:inst1|char[2]                   ; clock        ; clock       ; 0.000        ; 0.073      ; 1.031      ;
; 0.778 ; lcd_controller:inst2|clk_count[31]        ; lcd_controller:inst2|estado.ENVIAR        ; clock        ; clock       ; 0.000        ; 0.073      ; 1.046      ;
; 0.801 ; lcd_logic:inst1|char[0]                   ; lcd_logic:inst1|lcd_bus[9]                ; clock        ; clock       ; 0.000        ; 0.484      ; 1.480      ;
; 0.815 ; lcd_logic:inst1|lcd_bus[0]                ; lcd_controller:inst2|lcd_data[0]          ; clock        ; clock       ; 0.000        ; 0.062      ; 1.072      ;
; 0.849 ; lcd_controller:inst2|estado.ENVIAR        ; lcd_controller:inst2|estado.PRONTO        ; clock        ; clock       ; 0.000        ; 0.494      ; 1.538      ;
; 0.930 ; lcd_logic:inst1|lcd_bus[6]                ; lcd_controller:inst2|lcd_data[6]          ; clock        ; clock       ; 0.000        ; 0.062      ; 1.187      ;
; 1.014 ; debounce:inst3|cnt[1][15]                 ; debounce:inst3|cnt[1][16]                 ; clock        ; clock       ; 0.000        ; 0.085      ; 1.294      ;
; 1.026 ; debounce:inst3|cnt[1][22]                 ; debounce:inst3|cnt[1][23]                 ; clock        ; clock       ; 0.000        ; 0.073      ; 1.294      ;
; 1.027 ; debounce:inst3|cnt[1][16]                 ; debounce:inst3|cnt[1][17]                 ; clock        ; clock       ; 0.000        ; 0.073      ; 1.295      ;
; 1.027 ; debounce:inst3|cnt[1][0]                  ; debounce:inst3|cnt[1][1]                  ; clock        ; clock       ; 0.000        ; 0.072      ; 1.294      ;
; 1.027 ; debounce:inst3|cnt[1][21]                 ; debounce:inst3|cnt[1][22]                 ; clock        ; clock       ; 0.000        ; 0.073      ; 1.295      ;
; 1.027 ; debounce:inst3|cnt[1][5]                  ; debounce:inst3|cnt[1][6]                  ; clock        ; clock       ; 0.000        ; 0.072      ; 1.294      ;
; 1.027 ; debounce:inst3|cnt[1][13]                 ; debounce:inst3|cnt[1][14]                 ; clock        ; clock       ; 0.000        ; 0.072      ; 1.294      ;
; 1.027 ; debounce:inst3|cnt[1][3]                  ; debounce:inst3|cnt[1][4]                  ; clock        ; clock       ; 0.000        ; 0.072      ; 1.294      ;
; 1.027 ; debounce:inst3|cnt[1][19]                 ; debounce:inst3|cnt[1][20]                 ; clock        ; clock       ; 0.000        ; 0.073      ; 1.295      ;
; 1.027 ; debounce:inst3|cnt[1][29]                 ; debounce:inst3|cnt[1][30]                 ; clock        ; clock       ; 0.000        ; 0.073      ; 1.295      ;
; 1.027 ; debounce:inst3|cnt[1][6]                  ; debounce:inst3|cnt[1][7]                  ; clock        ; clock       ; 0.000        ; 0.072      ; 1.294      ;
; 1.028 ; debounce:inst3|cnt[1][2]                  ; debounce:inst3|cnt[1][3]                  ; clock        ; clock       ; 0.000        ; 0.072      ; 1.295      ;
; 1.028 ; debounce:inst3|cnt[1][14]                 ; debounce:inst3|cnt[1][15]                 ; clock        ; clock       ; 0.000        ; 0.072      ; 1.295      ;
; 1.028 ; debounce:inst3|cnt[1][18]                 ; debounce:inst3|cnt[1][19]                 ; clock        ; clock       ; 0.000        ; 0.073      ; 1.296      ;
; 1.028 ; debounce:inst3|cnt[1][20]                 ; debounce:inst3|cnt[1][21]                 ; clock        ; clock       ; 0.000        ; 0.073      ; 1.296      ;
; 1.028 ; debounce:inst3|cnt[1][11]                 ; debounce:inst3|cnt[1][12]                 ; clock        ; clock       ; 0.000        ; 0.072      ; 1.295      ;
; 1.028 ; debounce:inst3|cnt[1][27]                 ; debounce:inst3|cnt[1][28]                 ; clock        ; clock       ; 0.000        ; 0.073      ; 1.296      ;
; 1.029 ; lcd_logic:inst1|char[4]                   ; lcd_logic:inst1|lcd_bus[2]                ; clock        ; clock       ; 0.000        ; 0.073      ; 1.297      ;
; 1.029 ; debounce:inst3|cnt[1][4]                  ; debounce:inst3|cnt[1][5]                  ; clock        ; clock       ; 0.000        ; 0.072      ; 1.296      ;
; 1.029 ; debounce:inst3|cnt[1][12]                 ; debounce:inst3|cnt[1][13]                 ; clock        ; clock       ; 0.000        ; 0.072      ; 1.296      ;
; 1.029 ; debounce:inst3|cnt[1][28]                 ; debounce:inst3|cnt[1][29]                 ; clock        ; clock       ; 0.000        ; 0.073      ; 1.297      ;
; 1.029 ; debounce:inst3|cnt[1][10]                 ; debounce:inst3|cnt[1][11]                 ; clock        ; clock       ; 0.000        ; 0.072      ; 1.296      ;
; 1.029 ; debounce:inst3|cnt[1][26]                 ; debounce:inst3|cnt[1][27]                 ; clock        ; clock       ; 0.000        ; 0.073      ; 1.297      ;
; 1.029 ; debounce:inst3|cnt[1][30]                 ; debounce:inst3|cnt[1][31]                 ; clock        ; clock       ; 0.000        ; 0.073      ; 1.297      ;
; 1.030 ; debounce:inst3|cnt[1][8]                  ; debounce:inst3|cnt[1][9]                  ; clock        ; clock       ; 0.000        ; 0.072      ; 1.297      ;
; 1.030 ; debounce:inst3|cnt[1][24]                 ; debounce:inst3|cnt[1][25]                 ; clock        ; clock       ; 0.000        ; 0.073      ; 1.298      ;
; 1.030 ; debounce:inst3|cnt[1][17]                 ; debounce:inst3|cnt[1][18]                 ; clock        ; clock       ; 0.000        ; 0.073      ; 1.298      ;
; 1.031 ; lcd_controller:inst2|estado.PRONTO        ; lcd_controller:inst2|lcd_data[6]          ; clock        ; clock       ; 0.000        ; -0.331     ; 0.895      ;
; 1.031 ; debounce:inst3|cnt[1][1]                  ; debounce:inst3|cnt[1][2]                  ; clock        ; clock       ; 0.000        ; 0.072      ; 1.298      ;
; 1.031 ; debounce:inst3|cnt[1][14]                 ; debounce:inst3|cnt[1][16]                 ; clock        ; clock       ; 0.000        ; 0.085      ; 1.311      ;
; 1.032 ; debounce:inst3|cnt[1][9]                  ; debounce:inst3|cnt[1][10]                 ; clock        ; clock       ; 0.000        ; 0.072      ; 1.299      ;
; 1.032 ; debounce:inst3|cnt[1][25]                 ; debounce:inst3|cnt[1][26]                 ; clock        ; clock       ; 0.000        ; 0.073      ; 1.300      ;
; 1.032 ; debounce:inst3|cnt[1][23]                 ; debounce:inst3|cnt[1][24]                 ; clock        ; clock       ; 0.000        ; 0.073      ; 1.300      ;
; 1.033 ; debounce:inst3|cnt[1][7]                  ; debounce:inst3|cnt[1][8]                  ; clock        ; clock       ; 0.000        ; 0.072      ; 1.300      ;
; 1.041 ; debounce:inst3|cnt[1][22]                 ; debounce:inst3|cnt[1][24]                 ; clock        ; clock       ; 0.000        ; 0.073      ; 1.309      ;
; 1.042 ; debounce:inst3|cnt[1][6]                  ; debounce:inst3|cnt[1][8]                  ; clock        ; clock       ; 0.000        ; 0.072      ; 1.309      ;
; 1.043 ; debounce:inst3|cnt[1][16]                 ; debounce:inst3|cnt[1][18]                 ; clock        ; clock       ; 0.000        ; 0.073      ; 1.311      ;
; 1.043 ; debounce:inst3|cnt[1][0]                  ; debounce:inst3|cnt[1][2]                  ; clock        ; clock       ; 0.000        ; 0.072      ; 1.310      ;
; 1.044 ; debounce:inst3|cnt[1][2]                  ; debounce:inst3|cnt[1][4]                  ; clock        ; clock       ; 0.000        ; 0.072      ; 1.311      ;
; 1.044 ; debounce:inst3|cnt[1][18]                 ; debounce:inst3|cnt[1][20]                 ; clock        ; clock       ; 0.000        ; 0.073      ; 1.312      ;
; 1.045 ; debounce:inst3|cnt[1][20]                 ; debounce:inst3|cnt[1][22]                 ; clock        ; clock       ; 0.000        ; 0.073      ; 1.313      ;
; 1.045 ; debounce:inst3|cnt[1][4]                  ; debounce:inst3|cnt[1][6]                  ; clock        ; clock       ; 0.000        ; 0.072      ; 1.312      ;
; 1.045 ; debounce:inst3|cnt[1][12]                 ; debounce:inst3|cnt[1][14]                 ; clock        ; clock       ; 0.000        ; 0.072      ; 1.312      ;
; 1.045 ; debounce:inst3|cnt[1][28]                 ; debounce:inst3|cnt[1][30]                 ; clock        ; clock       ; 0.000        ; 0.073      ; 1.313      ;
; 1.045 ; debounce:inst3|cnt[1][10]                 ; debounce:inst3|cnt[1][12]                 ; clock        ; clock       ; 0.000        ; 0.072      ; 1.312      ;
; 1.045 ; debounce:inst3|cnt[1][26]                 ; debounce:inst3|cnt[1][28]                 ; clock        ; clock       ; 0.000        ; 0.073      ; 1.313      ;
; 1.046 ; debounce:inst3|cnt[1][8]                  ; debounce:inst3|cnt[1][10]                 ; clock        ; clock       ; 0.000        ; 0.072      ; 1.313      ;
+-------+-------------------------------------------+-------------------------------------------+--------------+-------------+--------------+------------+------------+


----------------------------------------------
; Slow 1200mV 0C Model Metastability Summary ;
----------------------------------------------
Design MTBF is not calculated because the design doesn't meet its timing requirements.



+------------------------------------+
; Fast 1200mV 0C Model Setup Summary ;
+-------+--------+-------------------+
; Clock ; Slack  ; End Point TNS     ;
+-------+--------+-------------------+
; clock ; -3.420 ; -206.330          ;
+-------+--------+-------------------+


+-----------------------------------+
; Fast 1200mV 0C Model Hold Summary ;
+-------+-------+-------------------+
; Clock ; Slack ; End Point TNS     ;
+-------+-------+-------------------+
; clock ; 0.179 ; 0.000             ;
+-------+-------+-------------------+


-----------------------------------------
; Fast 1200mV 0C Model Recovery Summary ;
-----------------------------------------
No paths to report.


----------------------------------------
; Fast 1200mV 0C Model Removal Summary ;
----------------------------------------
No paths to report.


+--------------------------------------------------+
; Fast 1200mV 0C Model Minimum Pulse Width Summary ;
+-------+--------+---------------------------------+
; Clock ; Slack  ; End Point TNS                   ;
+-------+--------+---------------------------------+
; clock ; -3.000 ; -106.913                        ;
+-------+--------+---------------------------------+


+-------------------------------------------------------------------------------------------------------------------------------------------------------+
; Fast 1200mV 0C Model Setup: 'clock'                                                                                                                   ;
+--------+-----------------------------------+------------------------------------+--------------+-------------+--------------+------------+------------+
; Slack  ; From Node                         ; To Node                            ; Launch Clock ; Latch Clock ; Relationship ; Clock Skew ; Data Delay ;
+--------+-----------------------------------+------------------------------------+--------------+-------------+--------------+------------+------------+
; -3.420 ; lcd_controller:inst2|clk_count[1] ; lcd_controller:inst2|clk_count[3]  ; clock        ; clock       ; 1.000        ; -0.042     ; 4.365      ;
; -3.348 ; lcd_controller:inst2|clk_count[1] ; lcd_controller:inst2|clk_count[0]  ; clock        ; clock       ; 1.000        ; -0.040     ; 4.295      ;
; -3.346 ; lcd_controller:inst2|clk_count[1] ; lcd_controller:inst2|clk_count[14] ; clock        ; clock       ; 1.000        ; -0.040     ; 4.293      ;
; -3.345 ; lcd_controller:inst2|clk_count[1] ; lcd_controller:inst2|clk_count[12] ; clock        ; clock       ; 1.000        ; -0.040     ; 4.292      ;
; -3.344 ; lcd_controller:inst2|clk_count[1] ; lcd_controller:inst2|clk_count[15] ; clock        ; clock       ; 1.000        ; -0.040     ; 4.291      ;
; -3.344 ; lcd_controller:inst2|clk_count[1] ; lcd_controller:inst2|clk_count[31] ; clock        ; clock       ; 1.000        ; -0.040     ; 4.291      ;
; -3.333 ; lcd_controller:inst2|clk_count[2] ; lcd_controller:inst2|clk_count[3]  ; clock        ; clock       ; 1.000        ; -0.042     ; 4.278      ;
; -3.322 ; lcd_controller:inst2|clk_count[5] ; lcd_controller:inst2|clk_count[3]  ; clock        ; clock       ; 1.000        ; -0.237     ; 4.072      ;
; -3.311 ; lcd_controller:inst2|clk_count[1] ; lcd_controller:inst2|clk_count[2]  ; clock        ; clock       ; 1.000        ; -0.036     ; 4.262      ;
; -3.310 ; lcd_controller:inst2|clk_count[1] ; lcd_controller:inst2|clk_count[1]  ; clock        ; clock       ; 1.000        ; -0.036     ; 4.261      ;
; -3.310 ; lcd_controller:inst2|clk_count[1] ; lcd_controller:inst2|clk_count[6]  ; clock        ; clock       ; 1.000        ; -0.036     ; 4.261      ;
; -3.262 ; lcd_controller:inst2|clk_count[4] ; lcd_controller:inst2|clk_count[3]  ; clock        ; clock       ; 1.000        ; -0.237     ; 4.012      ;
; -3.261 ; lcd_controller:inst2|clk_count[2] ; lcd_controller:inst2|clk_count[0]  ; clock        ; clock       ; 1.000        ; -0.040     ; 4.208      ;
; -3.259 ; lcd_controller:inst2|clk_count[2] ; lcd_controller:inst2|clk_count[14] ; clock        ; clock       ; 1.000        ; -0.040     ; 4.206      ;
; -3.258 ; lcd_controller:inst2|clk_count[2] ; lcd_controller:inst2|clk_count[12] ; clock        ; clock       ; 1.000        ; -0.040     ; 4.205      ;
; -3.257 ; lcd_controller:inst2|clk_count[2] ; lcd_controller:inst2|clk_count[15] ; clock        ; clock       ; 1.000        ; -0.040     ; 4.204      ;
; -3.257 ; lcd_controller:inst2|clk_count[2] ; lcd_controller:inst2|clk_count[31] ; clock        ; clock       ; 1.000        ; -0.040     ; 4.204      ;
; -3.253 ; lcd_controller:inst2|clk_count[7] ; lcd_controller:inst2|clk_count[3]  ; clock        ; clock       ; 1.000        ; -0.237     ; 4.003      ;
; -3.250 ; lcd_controller:inst2|clk_count[5] ; lcd_controller:inst2|clk_count[0]  ; clock        ; clock       ; 1.000        ; -0.235     ; 4.002      ;
; -3.248 ; lcd_controller:inst2|clk_count[5] ; lcd_controller:inst2|clk_count[14] ; clock        ; clock       ; 1.000        ; -0.235     ; 4.000      ;
; -3.247 ; lcd_controller:inst2|clk_count[5] ; lcd_controller:inst2|clk_count[12] ; clock        ; clock       ; 1.000        ; -0.235     ; 3.999      ;
; -3.246 ; lcd_controller:inst2|clk_count[5] ; lcd_controller:inst2|clk_count[15] ; clock        ; clock       ; 1.000        ; -0.235     ; 3.998      ;
; -3.246 ; lcd_controller:inst2|clk_count[5] ; lcd_controller:inst2|clk_count[31] ; clock        ; clock       ; 1.000        ; -0.235     ; 3.998      ;
; -3.229 ; lcd_controller:inst2|clk_count[1] ; lcd_controller:inst2|clk_count[10] ; clock        ; clock       ; 1.000        ; 0.151      ; 4.367      ;
; -3.229 ; lcd_controller:inst2|clk_count[1] ; lcd_controller:inst2|clk_count[22] ; clock        ; clock       ; 1.000        ; 0.151      ; 4.367      ;
; -3.228 ; lcd_controller:inst2|clk_count[1] ; lcd_controller:inst2|clk_count[26] ; clock        ; clock       ; 1.000        ; 0.151      ; 4.366      ;
; -3.226 ; lcd_controller:inst2|clk_count[1] ; lcd_controller:inst2|clk_count[9]  ; clock        ; clock       ; 1.000        ; 0.151      ; 4.364      ;
; -3.225 ; lcd_controller:inst2|clk_count[1] ; lcd_controller:inst2|clk_count[11] ; clock        ; clock       ; 1.000        ; 0.151      ; 4.363      ;
; -3.224 ; lcd_controller:inst2|clk_count[1] ; lcd_controller:inst2|clk_count[7]  ; clock        ; clock       ; 1.000        ; 0.151      ; 4.362      ;
; -3.224 ; lcd_controller:inst2|clk_count[2] ; lcd_controller:inst2|clk_count[2]  ; clock        ; clock       ; 1.000        ; -0.036     ; 4.175      ;
; -3.223 ; lcd_controller:inst2|clk_count[2] ; lcd_controller:inst2|clk_count[1]  ; clock        ; clock       ; 1.000        ; -0.036     ; 4.174      ;
; -3.223 ; lcd_controller:inst2|clk_count[2] ; lcd_controller:inst2|clk_count[6]  ; clock        ; clock       ; 1.000        ; -0.036     ; 4.174      ;
; -3.222 ; lcd_controller:inst2|clk_count[1] ; lcd_controller:inst2|clk_count[13] ; clock        ; clock       ; 1.000        ; 0.151      ; 4.360      ;
; -3.221 ; lcd_controller:inst2|clk_count[1] ; lcd_controller:inst2|clk_count[5]  ; clock        ; clock       ; 1.000        ; 0.151      ; 4.359      ;
; -3.220 ; lcd_controller:inst2|clk_count[1] ; lcd_controller:inst2|clk_count[25] ; clock        ; clock       ; 1.000        ; 0.151      ; 4.358      ;
; -3.218 ; lcd_controller:inst2|clk_count[1] ; lcd_controller:inst2|clk_count[8]  ; clock        ; clock       ; 1.000        ; 0.151      ; 4.356      ;
; -3.217 ; lcd_controller:inst2|clk_count[1] ; lcd_controller:inst2|clk_count[4]  ; clock        ; clock       ; 1.000        ; 0.151      ; 4.355      ;
; -3.216 ; lcd_controller:inst2|clk_count[1] ; lcd_controller:inst2|clk_count[23] ; clock        ; clock       ; 1.000        ; 0.151      ; 4.354      ;
; -3.213 ; lcd_controller:inst2|clk_count[5] ; lcd_controller:inst2|clk_count[2]  ; clock        ; clock       ; 1.000        ; -0.231     ; 3.969      ;
; -3.212 ; lcd_controller:inst2|clk_count[5] ; lcd_controller:inst2|clk_count[1]  ; clock        ; clock       ; 1.000        ; -0.231     ; 3.968      ;
; -3.212 ; lcd_controller:inst2|clk_count[5] ; lcd_controller:inst2|clk_count[6]  ; clock        ; clock       ; 1.000        ; -0.231     ; 3.968      ;
; -3.207 ; lcd_controller:inst2|clk_count[1] ; lcd_controller:inst2|clk_count[29] ; clock        ; clock       ; 1.000        ; 0.152      ; 4.346      ;
; -3.206 ; lcd_controller:inst2|clk_count[1] ; lcd_controller:inst2|clk_count[30] ; clock        ; clock       ; 1.000        ; 0.152      ; 4.345      ;
; -3.205 ; lcd_controller:inst2|clk_count[1] ; lcd_controller:inst2|clk_count[18] ; clock        ; clock       ; 1.000        ; 0.152      ; 4.344      ;
; -3.204 ; lcd_controller:inst2|clk_count[1] ; lcd_controller:inst2|clk_count[28] ; clock        ; clock       ; 1.000        ; 0.152      ; 4.343      ;
; -3.202 ; lcd_controller:inst2|clk_count[1] ; lcd_controller:inst2|clk_count[19] ; clock        ; clock       ; 1.000        ; 0.152      ; 4.341      ;
; -3.201 ; lcd_controller:inst2|clk_count[1] ; lcd_controller:inst2|clk_count[17] ; clock        ; clock       ; 1.000        ; 0.152      ; 4.340      ;
; -3.199 ; lcd_controller:inst2|clk_count[1] ; lcd_controller:inst2|clk_count[16] ; clock        ; clock       ; 1.000        ; 0.152      ; 4.338      ;
; -3.199 ; lcd_controller:inst2|clk_count[1] ; lcd_controller:inst2|clk_count[27] ; clock        ; clock       ; 1.000        ; 0.152      ; 4.338      ;
; -3.197 ; lcd_controller:inst2|clk_count[6] ; lcd_controller:inst2|clk_count[3]  ; clock        ; clock       ; 1.000        ; -0.042     ; 4.142      ;
; -3.190 ; lcd_controller:inst2|clk_count[4] ; lcd_controller:inst2|clk_count[0]  ; clock        ; clock       ; 1.000        ; -0.235     ; 3.942      ;
; -3.188 ; lcd_controller:inst2|clk_count[4] ; lcd_controller:inst2|clk_count[14] ; clock        ; clock       ; 1.000        ; -0.235     ; 3.940      ;
; -3.187 ; lcd_controller:inst2|clk_count[4] ; lcd_controller:inst2|clk_count[12] ; clock        ; clock       ; 1.000        ; -0.235     ; 3.939      ;
; -3.186 ; lcd_controller:inst2|clk_count[9] ; lcd_controller:inst2|clk_count[3]  ; clock        ; clock       ; 1.000        ; -0.237     ; 3.936      ;
; -3.186 ; lcd_controller:inst2|clk_count[4] ; lcd_controller:inst2|clk_count[15] ; clock        ; clock       ; 1.000        ; -0.235     ; 3.938      ;
; -3.186 ; lcd_controller:inst2|clk_count[4] ; lcd_controller:inst2|clk_count[31] ; clock        ; clock       ; 1.000        ; -0.235     ; 3.938      ;
; -3.181 ; lcd_controller:inst2|clk_count[7] ; lcd_controller:inst2|clk_count[0]  ; clock        ; clock       ; 1.000        ; -0.235     ; 3.933      ;
; -3.179 ; lcd_controller:inst2|clk_count[7] ; lcd_controller:inst2|clk_count[14] ; clock        ; clock       ; 1.000        ; -0.235     ; 3.931      ;
; -3.178 ; lcd_controller:inst2|clk_count[0] ; lcd_controller:inst2|clk_count[3]  ; clock        ; clock       ; 1.000        ; -0.038     ; 4.127      ;
; -3.178 ; lcd_controller:inst2|clk_count[7] ; lcd_controller:inst2|clk_count[12] ; clock        ; clock       ; 1.000        ; -0.235     ; 3.930      ;
; -3.177 ; lcd_controller:inst2|clk_count[7] ; lcd_controller:inst2|clk_count[15] ; clock        ; clock       ; 1.000        ; -0.235     ; 3.929      ;
; -3.177 ; lcd_controller:inst2|clk_count[7] ; lcd_controller:inst2|clk_count[31] ; clock        ; clock       ; 1.000        ; -0.235     ; 3.929      ;
; -3.175 ; lcd_controller:inst2|clk_count[1] ; lcd_controller:inst2|lcd_data[2]   ; clock        ; clock       ; 1.000        ; -0.040     ; 4.122      ;
; -3.171 ; lcd_controller:inst2|clk_count[3] ; lcd_controller:inst2|clk_count[3]  ; clock        ; clock       ; 1.000        ; -0.037     ; 4.121      ;
; -3.153 ; lcd_controller:inst2|clk_count[4] ; lcd_controller:inst2|clk_count[2]  ; clock        ; clock       ; 1.000        ; -0.231     ; 3.909      ;
; -3.152 ; lcd_controller:inst2|clk_count[4] ; lcd_controller:inst2|clk_count[1]  ; clock        ; clock       ; 1.000        ; -0.231     ; 3.908      ;
; -3.152 ; lcd_controller:inst2|clk_count[4] ; lcd_controller:inst2|clk_count[6]  ; clock        ; clock       ; 1.000        ; -0.231     ; 3.908      ;
; -3.144 ; lcd_controller:inst2|clk_count[7] ; lcd_controller:inst2|clk_count[2]  ; clock        ; clock       ; 1.000        ; -0.231     ; 3.900      ;
; -3.143 ; lcd_controller:inst2|clk_count[7] ; lcd_controller:inst2|clk_count[1]  ; clock        ; clock       ; 1.000        ; -0.231     ; 3.899      ;
; -3.143 ; lcd_controller:inst2|clk_count[7] ; lcd_controller:inst2|clk_count[6]  ; clock        ; clock       ; 1.000        ; -0.231     ; 3.899      ;
; -3.142 ; lcd_controller:inst2|clk_count[2] ; lcd_controller:inst2|clk_count[10] ; clock        ; clock       ; 1.000        ; 0.151      ; 4.280      ;
; -3.142 ; lcd_controller:inst2|clk_count[2] ; lcd_controller:inst2|clk_count[22] ; clock        ; clock       ; 1.000        ; 0.151      ; 4.280      ;
; -3.141 ; lcd_controller:inst2|clk_count[2] ; lcd_controller:inst2|clk_count[26] ; clock        ; clock       ; 1.000        ; 0.151      ; 4.279      ;
; -3.139 ; lcd_controller:inst2|clk_count[2] ; lcd_controller:inst2|clk_count[9]  ; clock        ; clock       ; 1.000        ; 0.151      ; 4.277      ;
; -3.138 ; lcd_controller:inst2|clk_count[2] ; lcd_controller:inst2|clk_count[11] ; clock        ; clock       ; 1.000        ; 0.151      ; 4.276      ;
; -3.137 ; lcd_controller:inst2|clk_count[8] ; lcd_controller:inst2|clk_count[3]  ; clock        ; clock       ; 1.000        ; -0.237     ; 3.887      ;
; -3.137 ; lcd_controller:inst2|clk_count[2] ; lcd_controller:inst2|clk_count[7]  ; clock        ; clock       ; 1.000        ; 0.151      ; 4.275      ;
; -3.135 ; lcd_controller:inst2|clk_count[2] ; lcd_controller:inst2|clk_count[13] ; clock        ; clock       ; 1.000        ; 0.151      ; 4.273      ;
; -3.134 ; lcd_controller:inst2|clk_count[1] ; lcd_controller:inst2|lcd_data[1]   ; clock        ; clock       ; 1.000        ; -0.040     ; 4.081      ;
; -3.134 ; lcd_controller:inst2|clk_count[1] ; lcd_controller:inst2|lcd_data[3]   ; clock        ; clock       ; 1.000        ; -0.040     ; 4.081      ;
; -3.134 ; lcd_controller:inst2|clk_count[1] ; lcd_controller:inst2|lcd_data[4]   ; clock        ; clock       ; 1.000        ; -0.040     ; 4.081      ;
; -3.134 ; lcd_controller:inst2|clk_count[1] ; lcd_controller:inst2|lcd_data[5]   ; clock        ; clock       ; 1.000        ; -0.040     ; 4.081      ;
; -3.134 ; lcd_controller:inst2|clk_count[2] ; lcd_controller:inst2|clk_count[5]  ; clock        ; clock       ; 1.000        ; 0.151      ; 4.272      ;
; -3.133 ; lcd_controller:inst2|clk_count[2] ; lcd_controller:inst2|clk_count[25] ; clock        ; clock       ; 1.000        ; 0.151      ; 4.271      ;
; -3.131 ; lcd_controller:inst2|clk_count[1] ; lcd_controller:inst2|clk_count[20] ; clock        ; clock       ; 1.000        ; 0.151      ; 4.269      ;
; -3.131 ; lcd_controller:inst2|clk_count[5] ; lcd_controller:inst2|clk_count[10] ; clock        ; clock       ; 1.000        ; -0.044     ; 4.074      ;
; -3.131 ; lcd_controller:inst2|clk_count[5] ; lcd_controller:inst2|clk_count[22] ; clock        ; clock       ; 1.000        ; -0.044     ; 4.074      ;
; -3.131 ; lcd_controller:inst2|clk_count[2] ; lcd_controller:inst2|clk_count[8]  ; clock        ; clock       ; 1.000        ; 0.151      ; 4.269      ;
; -3.130 ; lcd_controller:inst2|clk_count[5] ; lcd_controller:inst2|clk_count[26] ; clock        ; clock       ; 1.000        ; -0.044     ; 4.073      ;
; -3.130 ; lcd_controller:inst2|clk_count[2] ; lcd_controller:inst2|clk_count[4]  ; clock        ; clock       ; 1.000        ; 0.151      ; 4.268      ;
; -3.129 ; lcd_controller:inst2|clk_count[2] ; lcd_controller:inst2|clk_count[23] ; clock        ; clock       ; 1.000        ; 0.151      ; 4.267      ;
; -3.128 ; lcd_controller:inst2|clk_count[5] ; lcd_controller:inst2|clk_count[9]  ; clock        ; clock       ; 1.000        ; -0.044     ; 4.071      ;
; -3.127 ; lcd_controller:inst2|clk_count[5] ; lcd_controller:inst2|clk_count[11] ; clock        ; clock       ; 1.000        ; -0.044     ; 4.070      ;
; -3.126 ; lcd_controller:inst2|clk_count[5] ; lcd_controller:inst2|clk_count[7]  ; clock        ; clock       ; 1.000        ; -0.044     ; 4.069      ;
; -3.125 ; lcd_controller:inst2|clk_count[6] ; lcd_controller:inst2|clk_count[0]  ; clock        ; clock       ; 1.000        ; -0.040     ; 4.072      ;
; -3.124 ; lcd_controller:inst2|clk_count[5] ; lcd_controller:inst2|clk_count[13] ; clock        ; clock       ; 1.000        ; -0.044     ; 4.067      ;
; -3.123 ; lcd_controller:inst2|clk_count[6] ; lcd_controller:inst2|clk_count[14] ; clock        ; clock       ; 1.000        ; -0.040     ; 4.070      ;
; -3.123 ; lcd_controller:inst2|clk_count[5] ; lcd_controller:inst2|clk_count[5]  ; clock        ; clock       ; 1.000        ; -0.044     ; 4.066      ;
; -3.122 ; lcd_controller:inst2|clk_count[6] ; lcd_controller:inst2|clk_count[12] ; clock        ; clock       ; 1.000        ; -0.040     ; 4.069      ;
; -3.122 ; lcd_controller:inst2|clk_count[5] ; lcd_controller:inst2|clk_count[25] ; clock        ; clock       ; 1.000        ; -0.044     ; 4.065      ;
+--------+-----------------------------------+------------------------------------+--------------+-------------+--------------+------------+------------+


+---------------------------------------------------------------------------------------------------------------------------------------------------------------------+
; Fast 1200mV 0C Model Hold: 'clock'                                                                                                                                  ;
+-------+-------------------------------------------+-------------------------------------------+--------------+-------------+--------------+------------+------------+
; Slack ; From Node                                 ; To Node                                   ; Launch Clock ; Latch Clock ; Relationship ; Clock Skew ; Data Delay ;
+-------+-------------------------------------------+-------------------------------------------+--------------+-------------+--------------+------------+------------+
; 0.179 ; lcd_controller:inst2|estado.INICIALIZACAO ; lcd_controller:inst2|estado.INICIALIZACAO ; clock        ; clock       ; 0.000        ; 0.044      ; 0.307      ;
; 0.179 ; lcd_controller:inst2|estado.ENERGIZACAO   ; lcd_controller:inst2|estado.ENERGIZACAO   ; clock        ; clock       ; 0.000        ; 0.044      ; 0.307      ;
; 0.186 ; lcd_controller:inst2|rs                   ; lcd_controller:inst2|rs                   ; clock        ; clock       ; 0.000        ; 0.037      ; 0.307      ;
; 0.186 ; lcd_logic:inst1|lcd_bus[0]                ; lcd_logic:inst1|lcd_bus[0]                ; clock        ; clock       ; 0.000        ; 0.037      ; 0.307      ;
; 0.186 ; lcd_logic:inst1|lcd_bus[5]                ; lcd_logic:inst1|lcd_bus[5]                ; clock        ; clock       ; 0.000        ; 0.037      ; 0.307      ;
; 0.186 ; lcd_logic:inst1|lcd_bus[6]                ; lcd_logic:inst1|lcd_bus[6]                ; clock        ; clock       ; 0.000        ; 0.037      ; 0.307      ;
; 0.186 ; debounce:inst3|stable[1]                  ; debounce:inst3|stable[1]                  ; clock        ; clock       ; 0.000        ; 0.037      ; 0.307      ;
; 0.186 ; lcd_logic:inst1|char[4]                   ; lcd_logic:inst1|char[4]                   ; clock        ; clock       ; 0.000        ; 0.037      ; 0.307      ;
; 0.186 ; lcd_logic:inst1|char[2]                   ; lcd_logic:inst1|char[2]                   ; clock        ; clock       ; 0.000        ; 0.037      ; 0.307      ;
; 0.187 ; lcd_controller:inst2|estado.ENVIAR        ; lcd_controller:inst2|estado.ENVIAR        ; clock        ; clock       ; 0.000        ; 0.036      ; 0.307      ;
; 0.193 ; lcd_logic:inst1|lcd_enable                ; lcd_logic:inst1|lcd_enable                ; clock        ; clock       ; 0.000        ; 0.037      ; 0.314      ;
; 0.231 ; lcd_logic:inst1|char[1]                   ; lcd_logic:inst1|char[2]                   ; clock        ; clock       ; 0.000        ; 0.037      ; 0.352      ;
; 0.303 ; debounce:inst3|cnt[1][15]                 ; debounce:inst3|cnt[1][15]                 ; clock        ; clock       ; 0.000        ; 0.036      ; 0.423      ;
; 0.303 ; debounce:inst3|cnt[1][31]                 ; debounce:inst3|cnt[1][31]                 ; clock        ; clock       ; 0.000        ; 0.037      ; 0.424      ;
; 0.304 ; debounce:inst3|cnt[1][3]                  ; debounce:inst3|cnt[1][3]                  ; clock        ; clock       ; 0.000        ; 0.036      ; 0.424      ;
; 0.304 ; debounce:inst3|cnt[1][5]                  ; debounce:inst3|cnt[1][5]                  ; clock        ; clock       ; 0.000        ; 0.036      ; 0.424      ;
; 0.304 ; debounce:inst3|cnt[1][13]                 ; debounce:inst3|cnt[1][13]                 ; clock        ; clock       ; 0.000        ; 0.036      ; 0.424      ;
; 0.304 ; debounce:inst3|cnt[1][17]                 ; debounce:inst3|cnt[1][17]                 ; clock        ; clock       ; 0.000        ; 0.037      ; 0.425      ;
; 0.304 ; debounce:inst3|cnt[1][19]                 ; debounce:inst3|cnt[1][19]                 ; clock        ; clock       ; 0.000        ; 0.037      ; 0.425      ;
; 0.304 ; debounce:inst3|cnt[1][21]                 ; debounce:inst3|cnt[1][21]                 ; clock        ; clock       ; 0.000        ; 0.037      ; 0.425      ;
; 0.304 ; debounce:inst3|cnt[1][27]                 ; debounce:inst3|cnt[1][27]                 ; clock        ; clock       ; 0.000        ; 0.037      ; 0.425      ;
; 0.304 ; debounce:inst3|cnt[1][29]                 ; debounce:inst3|cnt[1][29]                 ; clock        ; clock       ; 0.000        ; 0.037      ; 0.425      ;
; 0.305 ; debounce:inst3|cnt[1][1]                  ; debounce:inst3|cnt[1][1]                  ; clock        ; clock       ; 0.000        ; 0.036      ; 0.425      ;
; 0.305 ; debounce:inst3|cnt[1][6]                  ; debounce:inst3|cnt[1][6]                  ; clock        ; clock       ; 0.000        ; 0.036      ; 0.425      ;
; 0.305 ; debounce:inst3|cnt[1][7]                  ; debounce:inst3|cnt[1][7]                  ; clock        ; clock       ; 0.000        ; 0.036      ; 0.425      ;
; 0.305 ; debounce:inst3|cnt[1][11]                 ; debounce:inst3|cnt[1][11]                 ; clock        ; clock       ; 0.000        ; 0.036      ; 0.425      ;
; 0.305 ; debounce:inst3|cnt[1][16]                 ; debounce:inst3|cnt[1][16]                 ; clock        ; clock       ; 0.000        ; 0.037      ; 0.426      ;
; 0.305 ; debounce:inst3|cnt[1][22]                 ; debounce:inst3|cnt[1][22]                 ; clock        ; clock       ; 0.000        ; 0.037      ; 0.426      ;
; 0.305 ; debounce:inst3|cnt[1][23]                 ; debounce:inst3|cnt[1][23]                 ; clock        ; clock       ; 0.000        ; 0.037      ; 0.426      ;
; 0.305 ; debounce:inst3|cnt[1][25]                 ; debounce:inst3|cnt[1][25]                 ; clock        ; clock       ; 0.000        ; 0.037      ; 0.426      ;
; 0.306 ; debounce:inst3|cnt[1][2]                  ; debounce:inst3|cnt[1][2]                  ; clock        ; clock       ; 0.000        ; 0.036      ; 0.426      ;
; 0.306 ; debounce:inst3|cnt[1][9]                  ; debounce:inst3|cnt[1][9]                  ; clock        ; clock       ; 0.000        ; 0.036      ; 0.426      ;
; 0.306 ; debounce:inst3|cnt[1][8]                  ; debounce:inst3|cnt[1][8]                  ; clock        ; clock       ; 0.000        ; 0.036      ; 0.426      ;
; 0.306 ; debounce:inst3|cnt[1][14]                 ; debounce:inst3|cnt[1][14]                 ; clock        ; clock       ; 0.000        ; 0.036      ; 0.426      ;
; 0.306 ; debounce:inst3|cnt[1][18]                 ; debounce:inst3|cnt[1][18]                 ; clock        ; clock       ; 0.000        ; 0.037      ; 0.427      ;
; 0.306 ; debounce:inst3|cnt[1][20]                 ; debounce:inst3|cnt[1][20]                 ; clock        ; clock       ; 0.000        ; 0.037      ; 0.427      ;
; 0.306 ; debounce:inst3|cnt[1][24]                 ; debounce:inst3|cnt[1][24]                 ; clock        ; clock       ; 0.000        ; 0.037      ; 0.427      ;
; 0.306 ; debounce:inst3|cnt[1][30]                 ; debounce:inst3|cnt[1][30]                 ; clock        ; clock       ; 0.000        ; 0.037      ; 0.427      ;
; 0.307 ; debounce:inst3|cnt[1][4]                  ; debounce:inst3|cnt[1][4]                  ; clock        ; clock       ; 0.000        ; 0.036      ; 0.427      ;
; 0.307 ; debounce:inst3|cnt[1][10]                 ; debounce:inst3|cnt[1][10]                 ; clock        ; clock       ; 0.000        ; 0.036      ; 0.427      ;
; 0.307 ; debounce:inst3|cnt[1][12]                 ; debounce:inst3|cnt[1][12]                 ; clock        ; clock       ; 0.000        ; 0.036      ; 0.427      ;
; 0.307 ; debounce:inst3|cnt[1][28]                 ; debounce:inst3|cnt[1][28]                 ; clock        ; clock       ; 0.000        ; 0.037      ; 0.428      ;
; 0.307 ; debounce:inst3|cnt[1][26]                 ; debounce:inst3|cnt[1][26]                 ; clock        ; clock       ; 0.000        ; 0.037      ; 0.428      ;
; 0.312 ; lcd_controller:inst2|estado.PRONTO        ; lcd_controller:inst2|busy                 ; clock        ; clock       ; 0.000        ; 0.044      ; 0.440      ;
; 0.315 ; debounce:inst3|s1[1]                      ; debounce:inst3|stable[1]                  ; clock        ; clock       ; 0.000        ; 0.037      ; 0.436      ;
; 0.316 ; debounce:inst3|cnt[1][0]                  ; debounce:inst3|cnt[1][0]                  ; clock        ; clock       ; 0.000        ; 0.036      ; 0.436      ;
; 0.328 ; lcd_logic:inst1|lcd_enable                ; lcd_controller:inst2|busy                 ; clock        ; clock       ; 0.000        ; 0.215      ; 0.627      ;
; 0.335 ; lcd_controller:inst2|clk_count[31]        ; lcd_controller:inst2|estado.ENVIAR        ; clock        ; clock       ; 0.000        ; 0.036      ; 0.455      ;
; 0.338 ; lcd_logic:inst1|char[0]                   ; lcd_logic:inst1|char[2]                   ; clock        ; clock       ; 0.000        ; 0.037      ; 0.459      ;
; 0.339 ; lcd_logic:inst1|lcd_bus[0]                ; lcd_controller:inst2|lcd_data[0]          ; clock        ; clock       ; 0.000        ; 0.031      ; 0.454      ;
; 0.373 ; lcd_logic:inst1|char[0]                   ; lcd_logic:inst1|lcd_bus[9]                ; clock        ; clock       ; 0.000        ; 0.217      ; 0.674      ;
; 0.383 ; lcd_controller:inst2|estado.ENVIAR        ; lcd_controller:inst2|estado.PRONTO        ; clock        ; clock       ; 0.000        ; 0.221      ; 0.688      ;
; 0.414 ; lcd_logic:inst1|lcd_bus[6]                ; lcd_controller:inst2|lcd_data[6]          ; clock        ; clock       ; 0.000        ; 0.031      ; 0.529      ;
; 0.429 ; lcd_logic:inst1|char[4]                   ; lcd_logic:inst1|lcd_bus[2]                ; clock        ; clock       ; 0.000        ; 0.037      ; 0.550      ;
; 0.444 ; debounce:inst3|cnt[1][15]                 ; debounce:inst3|cnt[1][16]                 ; clock        ; clock       ; 0.000        ; 0.044      ; 0.572      ;
; 0.445 ; lcd_controller:inst2|estado.PRONTO        ; lcd_controller:inst2|lcd_data[6]          ; clock        ; clock       ; 0.000        ; -0.141     ; 0.388      ;
; 0.453 ; debounce:inst3|cnt[1][5]                  ; debounce:inst3|cnt[1][6]                  ; clock        ; clock       ; 0.000        ; 0.036      ; 0.573      ;
; 0.453 ; debounce:inst3|cnt[1][21]                 ; debounce:inst3|cnt[1][22]                 ; clock        ; clock       ; 0.000        ; 0.037      ; 0.574      ;
; 0.453 ; debounce:inst3|cnt[1][13]                 ; debounce:inst3|cnt[1][14]                 ; clock        ; clock       ; 0.000        ; 0.036      ; 0.573      ;
; 0.453 ; debounce:inst3|cnt[1][17]                 ; debounce:inst3|cnt[1][18]                 ; clock        ; clock       ; 0.000        ; 0.037      ; 0.574      ;
; 0.453 ; debounce:inst3|cnt[1][19]                 ; debounce:inst3|cnt[1][20]                 ; clock        ; clock       ; 0.000        ; 0.037      ; 0.574      ;
; 0.453 ; debounce:inst3|cnt[1][29]                 ; debounce:inst3|cnt[1][30]                 ; clock        ; clock       ; 0.000        ; 0.037      ; 0.574      ;
; 0.453 ; debounce:inst3|cnt[1][3]                  ; debounce:inst3|cnt[1][4]                  ; clock        ; clock       ; 0.000        ; 0.036      ; 0.573      ;
; 0.453 ; debounce:inst3|cnt[1][27]                 ; debounce:inst3|cnt[1][28]                 ; clock        ; clock       ; 0.000        ; 0.037      ; 0.574      ;
; 0.454 ; debounce:inst3|cnt[1][1]                  ; debounce:inst3|cnt[1][2]                  ; clock        ; clock       ; 0.000        ; 0.036      ; 0.574      ;
; 0.454 ; debounce:inst3|cnt[1][7]                  ; debounce:inst3|cnt[1][8]                  ; clock        ; clock       ; 0.000        ; 0.036      ; 0.574      ;
; 0.454 ; debounce:inst3|cnt[1][23]                 ; debounce:inst3|cnt[1][24]                 ; clock        ; clock       ; 0.000        ; 0.037      ; 0.575      ;
; 0.454 ; debounce:inst3|cnt[1][11]                 ; debounce:inst3|cnt[1][12]                 ; clock        ; clock       ; 0.000        ; 0.036      ; 0.574      ;
; 0.454 ; debounce:inst3|cnt[1][25]                 ; debounce:inst3|cnt[1][26]                 ; clock        ; clock       ; 0.000        ; 0.037      ; 0.575      ;
; 0.455 ; debounce:inst3|cnt[1][9]                  ; debounce:inst3|cnt[1][10]                 ; clock        ; clock       ; 0.000        ; 0.036      ; 0.575      ;
; 0.459 ; debounce:inst3|cnt[1][14]                 ; debounce:inst3|cnt[1][16]                 ; clock        ; clock       ; 0.000        ; 0.044      ; 0.587      ;
; 0.463 ; debounce:inst3|cnt[1][16]                 ; debounce:inst3|cnt[1][17]                 ; clock        ; clock       ; 0.000        ; 0.037      ; 0.584      ;
; 0.463 ; debounce:inst3|cnt[1][0]                  ; debounce:inst3|cnt[1][1]                  ; clock        ; clock       ; 0.000        ; 0.036      ; 0.583      ;
; 0.463 ; debounce:inst3|cnt[1][6]                  ; debounce:inst3|cnt[1][7]                  ; clock        ; clock       ; 0.000        ; 0.036      ; 0.583      ;
; 0.463 ; debounce:inst3|cnt[1][22]                 ; debounce:inst3|cnt[1][23]                 ; clock        ; clock       ; 0.000        ; 0.037      ; 0.584      ;
; 0.464 ; debounce:inst3|cnt[1][14]                 ; debounce:inst3|cnt[1][15]                 ; clock        ; clock       ; 0.000        ; 0.036      ; 0.584      ;
; 0.464 ; debounce:inst3|cnt[1][30]                 ; debounce:inst3|cnt[1][31]                 ; clock        ; clock       ; 0.000        ; 0.037      ; 0.585      ;
; 0.464 ; debounce:inst3|cnt[1][2]                  ; debounce:inst3|cnt[1][3]                  ; clock        ; clock       ; 0.000        ; 0.036      ; 0.584      ;
; 0.464 ; debounce:inst3|cnt[1][18]                 ; debounce:inst3|cnt[1][19]                 ; clock        ; clock       ; 0.000        ; 0.037      ; 0.585      ;
; 0.464 ; debounce:inst3|cnt[1][20]                 ; debounce:inst3|cnt[1][21]                 ; clock        ; clock       ; 0.000        ; 0.037      ; 0.585      ;
; 0.464 ; debounce:inst3|cnt[1][24]                 ; debounce:inst3|cnt[1][25]                 ; clock        ; clock       ; 0.000        ; 0.037      ; 0.585      ;
; 0.464 ; debounce:inst3|cnt[1][8]                  ; debounce:inst3|cnt[1][9]                  ; clock        ; clock       ; 0.000        ; 0.036      ; 0.584      ;
; 0.465 ; debounce:inst3|cnt[1][4]                  ; debounce:inst3|cnt[1][5]                  ; clock        ; clock       ; 0.000        ; 0.036      ; 0.585      ;
; 0.465 ; debounce:inst3|cnt[1][12]                 ; debounce:inst3|cnt[1][13]                 ; clock        ; clock       ; 0.000        ; 0.036      ; 0.585      ;
; 0.465 ; debounce:inst3|cnt[1][26]                 ; debounce:inst3|cnt[1][27]                 ; clock        ; clock       ; 0.000        ; 0.037      ; 0.586      ;
; 0.465 ; debounce:inst3|cnt[1][28]                 ; debounce:inst3|cnt[1][29]                 ; clock        ; clock       ; 0.000        ; 0.037      ; 0.586      ;
; 0.465 ; debounce:inst3|cnt[1][10]                 ; debounce:inst3|cnt[1][11]                 ; clock        ; clock       ; 0.000        ; 0.036      ; 0.585      ;
; 0.466 ; lcd_controller:inst2|estado.PRONTO        ; lcd_controller:inst2|estado.PRONTO        ; clock        ; clock       ; 0.000        ; 0.044      ; 0.594      ;
; 0.466 ; debounce:inst3|cnt[1][16]                 ; debounce:inst3|cnt[1][18]                 ; clock        ; clock       ; 0.000        ; 0.037      ; 0.587      ;
; 0.466 ; debounce:inst3|cnt[1][0]                  ; debounce:inst3|cnt[1][2]                  ; clock        ; clock       ; 0.000        ; 0.036      ; 0.586      ;
; 0.466 ; debounce:inst3|cnt[1][6]                  ; debounce:inst3|cnt[1][8]                  ; clock        ; clock       ; 0.000        ; 0.036      ; 0.586      ;
; 0.466 ; debounce:inst3|cnt[1][22]                 ; debounce:inst3|cnt[1][24]                 ; clock        ; clock       ; 0.000        ; 0.037      ; 0.587      ;
; 0.467 ; debounce:inst3|cnt[1][20]                 ; debounce:inst3|cnt[1][22]                 ; clock        ; clock       ; 0.000        ; 0.037      ; 0.588      ;
; 0.467 ; debounce:inst3|cnt[1][18]                 ; debounce:inst3|cnt[1][20]                 ; clock        ; clock       ; 0.000        ; 0.037      ; 0.588      ;
; 0.467 ; debounce:inst3|cnt[1][2]                  ; debounce:inst3|cnt[1][4]                  ; clock        ; clock       ; 0.000        ; 0.036      ; 0.587      ;
; 0.467 ; debounce:inst3|cnt[1][24]                 ; debounce:inst3|cnt[1][26]                 ; clock        ; clock       ; 0.000        ; 0.037      ; 0.588      ;
; 0.467 ; debounce:inst3|cnt[1][8]                  ; debounce:inst3|cnt[1][10]                 ; clock        ; clock       ; 0.000        ; 0.036      ; 0.587      ;
; 0.468 ; debounce:inst3|cnt[1][4]                  ; debounce:inst3|cnt[1][6]                  ; clock        ; clock       ; 0.000        ; 0.036      ; 0.588      ;
; 0.468 ; debounce:inst3|cnt[1][12]                 ; debounce:inst3|cnt[1][14]                 ; clock        ; clock       ; 0.000        ; 0.036      ; 0.588      ;
; 0.468 ; debounce:inst3|cnt[1][28]                 ; debounce:inst3|cnt[1][30]                 ; clock        ; clock       ; 0.000        ; 0.037      ; 0.589      ;
+-------+-------------------------------------------+-------------------------------------------+--------------+-------------+--------------+------------+------------+


----------------------------------------------
; Fast 1200mV 0C Model Metastability Summary ;
----------------------------------------------
Design MTBF is not calculated because the design doesn't meet its timing requirements.



+--------------------------------------------------------------------------------+
; Multicorner Timing Analysis Summary                                            ;
+------------------+----------+-------+----------+---------+---------------------+
; Clock            ; Setup    ; Hold  ; Recovery ; Removal ; Minimum Pulse Width ;
+------------------+----------+-------+----------+---------+---------------------+
; Worst-case Slack ; -9.145   ; 0.179 ; N/A      ; N/A     ; -3.000              ;
;  clock           ; -9.145   ; 0.179 ; N/A      ; N/A     ; -3.000              ;
; Design-wide TNS  ; -601.334 ; 0.0   ; 0.0      ; 0.0     ; -147.239            ;
;  clock           ; -601.334 ; 0.000 ; N/A      ; N/A     ; -147.239            ;
+------------------+----------+-------+----------+---------+---------------------+


+------------------------------------------------------------------------------------------------------------------------------------------------------------------------------------------------------------------------------------------------------------------------------------------------------------------------------------------------------------------------------------------------------------------+
; Board Trace Model Assignments                                                                                                                                                                                                                                                                                                                                                                                    ;
+---------------+--------------+-------------------+-------------------------+-------------------------+---------------+---------------------+----------------+------------------+--------+------------------+------------------------+------------------------+--------------+---------------+-----------------+-------+---------------------+--------------------+---------------+-----------------+-------------+
; Pin           ; I/O Standard ; Near Tline Length ; Near Tline L per Length ; Near Tline C per Length ; Near Series R ; Near Differential R ; Near Pull-up R ; Near Pull-down R ; Near C ; Far Tline Length ; Far Tline L per Length ; Far Tline C per Length ; Far Series R ; Far Pull-up R ; Far Pull-down R ; Far C ; Termination Voltage ; Far Differential R ; EBD File Name ; EBD Signal Name ; EBD Far-end ;
+---------------+--------------+-------------------+-------------------------+-------------------------+---------------+---------------------+----------------+------------------+--------+------------------+------------------------+------------------------+--------------+---------------+-----------------+-------+---------------------+--------------------+---------------+-----------------+-------------+
; lcd_rw        ; 2.5 V        ; 0 in              ; 0 H/in                  ; 0 F/in                  ; short         ; -                   ; open           ; open             ; open   ; 0 in             ; 0 H/in                 ; 0 F/in                 ; short        ; open          ; open            ; open  ; 0 V                 ; -                  ; n/a           ; n/a             ; n/a         ;
; lcd_en        ; 2.5 V        ; 0 in              ; 0 H/in                  ; 0 F/in                  ; short         ; -                   ; open           ; open             ; open   ; 0 in             ; 0 H/in                 ; 0 F/in                 ; short        ; open          ; open            ; open  ; 0 V                 ; -                  ; n/a           ; n/a             ; n/a         ;
; lcd_rs        ; 2.5 V        ; 0 in              ; 0 H/in                  ; 0 F/in                  ; short         ; -                   ; open           ; open             ; open   ; 0 in             ; 0 H/in                 ; 0 F/in                 ; short        ; open          ; open            ; open  ; 0 V                 ; -                  ; n/a           ; n/a             ; n/a         ;
; lcd_d[7]      ; 2.5 V        ; 0 in              ; 0 H/in                  ; 0 F/in                  ; short         ; -                   ; open           ; open             ; open   ; 0 in             ; 0 H/in                 ; 0 F/in                 ; short        ; open          ; open            ; open  ; 0 V                 ; -                  ; n/a           ; n/a             ; n/a         ;
; lcd_d[6]      ; 2.5 V        ; 0 in              ; 0 H/in                  ; 0 F/in                  ; short         ; -                   ; open           ; open             ; open   ; 0 in             ; 0 H/in                 ; 0 F/in                 ; short        ; open          ; open            ; open  ; 0 V                 ; -                  ; n/a           ; n/a             ; n/a         ;
; lcd_d[5]      ; 2.5 V        ; 0 in              ; 0 H/in                  ; 0 F/in                  ; short         ; -                   ; open           ; open             ; open   ; 0 in             ; 0 H/in                 ; 0 F/in                 ; short        ; open          ; open            ; open  ; 0 V                 ; -                  ; n/a           ; n/a             ; n/a         ;
; lcd_d[4]      ; 2.5 V        ; 0 in              ; 0 H/in                  ; 0 F/in                  ; short         ; -                   ; open           ; open             ; open   ; 0 in             ; 0 H/in                 ; 0 F/in                 ; short        ; open          ; open            ; open  ; 0 V                 ; -                  ; n/a           ; n/a             ; n/a         ;
; lcd_d[3]      ; 2.5 V        ; 0 in              ; 0 H/in                  ; 0 F/in                  ; short         ; -                   ; open           ; open             ; open   ; 0 in             ; 0 H/in                 ; 0 F/in                 ; short        ; open          ; open            ; open  ; 0 V                 ; -                  ; n/a           ; n/a             ; n/a         ;
; lcd_d[2]      ; 2.5 V        ; 0 in              ; 0 H/in                  ; 0 F/in                  ; short         ; -                   ; open           ; open             ; open   ; 0 in             ; 0 H/in                 ; 0 F/in                 ; short        ; open          ; open            ; open  ; 0 V                 ; -                  ; n/a           ; n/a             ; n/a         ;
; lcd_d[1]      ; 2.5 V        ; 0 in              ; 0 H/in                  ; 0 F/in                  ; short         ; -                   ; open           ; open             ; open   ; 0 in             ; 0 H/in                 ; 0 F/in                 ; short        ; open          ; open            ; open  ; 0 V                 ; -                  ; n/a           ; n/a             ; n/a         ;
; lcd_d[0]      ; 2.5 V        ; 0 in              ; 0 H/in                  ; 0 F/in                  ; short         ; -                   ; open           ; open             ; open   ; 0 in             ; 0 H/in                 ; 0 F/in                 ; short        ; open          ; open            ; open  ; 0 V                 ; -                  ; n/a           ; n/a             ; n/a         ;
; ~ALTERA_DCLK~ ; 2.5 V        ; 0 in              ; 0 H/in                  ; 0 F/in                  ; short         ; -                   ; open           ; open             ; open   ; 0 in             ; 0 H/in                 ; 0 F/in                 ; short        ; open          ; open            ; open  ; 0 V                 ; -                  ; n/a           ; n/a             ; n/a         ;
; ~ALTERA_nCEO~ ; 2.5 V        ; 0 in              ; 0 H/in                  ; 0 F/in                  ; short         ; -                   ; open           ; open             ; open   ; 0 in             ; 0 H/in                 ; 0 F/in                 ; short        ; open          ; open            ; open  ; 0 V                 ; -                  ; n/a           ; n/a             ; n/a         ;
+---------------+--------------+-------------------+-------------------------+-------------------------+---------------+---------------------+----------------+------------------+--------+------------------+------------------------+------------------------+--------------+---------------+-----------------+-------+---------------------+--------------------+---------------+-----------------+-------------+


+----------------------------------------------------------------------------+
; Input Transition Times                                                     ;
+-------------------------+--------------+-----------------+-----------------+
; Pin                     ; I/O Standard ; 10-90 Rise Time ; 90-10 Fall Time ;
+-------------------------+--------------+-----------------+-----------------+
; key[4]                  ; 2.5 V        ; 2000 ps         ; 2000 ps         ;
; key[3]                  ; 2.5 V        ; 2000 ps         ; 2000 ps         ;
; key[2]                  ; 2.5 V        ; 2000 ps         ; 2000 ps         ;
; clock                   ; 2.5 V        ; 2000 ps         ; 2000 ps         ;
; key[1]                  ; 2.5 V        ; 2000 ps         ; 2000 ps         ;
; ~ALTERA_ASDO_DATA1~     ; 2.5 V        ; 2000 ps         ; 2000 ps         ;
; ~ALTERA_FLASH_nCE_nCSO~ ; 2.5 V        ; 2000 ps         ; 2000 ps         ;
; ~ALTERA_DATA0~          ; 2.5 V        ; 2000 ps         ; 2000 ps         ;
+-------------------------+--------------+-----------------+-----------------+


+--------------------------------------------------------------------------------------------------------------------------------------------------------------------------------------------------------------------------------------------------------------------------------------------------------------------------------------------------------------------------------------------------------------------------------------------------------------------------------------------------------------------------------------------------------------------------------------------------------------------------------------------------------------------------------------------+
; Signal Integrity Metrics (Slow 1200mv 0c Model)                                                                                                                                                                                                                                                                                                                                                                                                                                                                                                                                                                                                                                            ;
+---------------+--------------+---------------------+---------------------+------------------------------+------------------------------+---------------------+---------------------+--------------------------------------+--------------------------------------+-----------------------------+-----------------------------+----------------------------+----------------------------+-----------------------------+-----------------------------+--------------------+--------------------+-------------------------------------+-------------------------------------+----------------------------+----------------------------+---------------------------+---------------------------+
; Pin           ; I/O Standard ; Board Delay on Rise ; Board Delay on Fall ; Steady State Voh at FPGA Pin ; Steady State Vol at FPGA Pin ; Voh Max at FPGA Pin ; Vol Min at FPGA Pin ; Ringback Voltage on Rise at FPGA Pin ; Ringback Voltage on Fall at FPGA Pin ; 10-90 Rise Time at FPGA Pin ; 90-10 Fall Time at FPGA Pin ; Monotonic Rise at FPGA Pin ; Monotonic Fall at FPGA Pin ; Steady State Voh at Far-end ; Steady State Vol at Far-end ; Voh Max at Far-end ; Vol Min at Far-end ; Ringback Voltage on Rise at Far-end ; Ringback Voltage on Fall at Far-end ; 10-90 Rise Time at Far-end ; 90-10 Fall Time at Far-end ; Monotonic Rise at Far-end ; Monotonic Fall at Far-end ;
+---------------+--------------+---------------------+---------------------+------------------------------+------------------------------+---------------------+---------------------+--------------------------------------+--------------------------------------+-----------------------------+-----------------------------+----------------------------+----------------------------+-----------------------------+-----------------------------+--------------------+--------------------+-------------------------------------+-------------------------------------+----------------------------+----------------------------+---------------------------+---------------------------+
; lcd_rw        ; 2.5 V        ; 0 s                 ; 0 s                 ; 2.32 V                       ; 2.8e-09 V                    ; 2.37 V              ; -0.00373 V          ; 0.104 V                              ; 0.011 V                              ; 4.34e-10 s                  ; 3.82e-10 s                  ; Yes                        ; Yes                        ; 2.32 V                      ; 2.8e-09 V                   ; 2.37 V             ; -0.00373 V         ; 0.104 V                             ; 0.011 V                             ; 4.34e-10 s                 ; 3.82e-10 s                 ; Yes                       ; Yes                       ;
; lcd_en        ; 2.5 V        ; 0 s                 ; 0 s                 ; 2.32 V                       ; 2.8e-09 V                    ; 2.37 V              ; -0.00373 V          ; 0.104 V                              ; 0.011 V                              ; 4.34e-10 s                  ; 3.82e-10 s                  ; Yes                        ; Yes                        ; 2.32 V                      ; 2.8e-09 V                   ; 2.37 V             ; -0.00373 V         ; 0.104 V                             ; 0.011 V                             ; 4.34e-10 s                 ; 3.82e-10 s                 ; Yes                       ; Yes                       ;
; lcd_rs        ; 2.5 V        ; 0 s                 ; 0 s                 ; 2.32 V                       ; 2.8e-09 V                    ; 2.37 V              ; -0.00373 V          ; 0.104 V                              ; 0.011 V                              ; 4.34e-10 s                  ; 3.82e-10 s                  ; Yes                        ; Yes                        ; 2.32 V                      ; 2.8e-09 V                   ; 2.37 V             ; -0.00373 V         ; 0.104 V                             ; 0.011 V                             ; 4.34e-10 s                 ; 3.82e-10 s                 ; Yes                       ; Yes                       ;
; lcd_d[7]      ; 2.5 V        ; 0 s                 ; 0 s                 ; 2.32 V                       ; 2.07e-09 V                   ; 2.36 V              ; -0.00737 V          ; 0.209 V                              ; 0.012 V                              ; 5.22e-10 s                  ; 5.33e-10 s                  ; Yes                        ; Yes                        ; 2.32 V                      ; 2.07e-09 V                  ; 2.36 V             ; -0.00737 V         ; 0.209 V                             ; 0.012 V                             ; 5.22e-10 s                 ; 5.33e-10 s                 ; Yes                       ; Yes                       ;
; lcd_d[6]      ; 2.5 V        ; 0 s                 ; 0 s                 ; 2.32 V                       ; 2.07e-09 V                   ; 2.33 V              ; -0.00421 V          ; 0.165 V                              ; 0.078 V                              ; 3.11e-09 s                  ; 2.85e-09 s                  ; Yes                        ; Yes                        ; 2.32 V                      ; 2.07e-09 V                  ; 2.33 V             ; -0.00421 V         ; 0.165 V                             ; 0.078 V                             ; 3.11e-09 s                 ; 2.85e-09 s                 ; Yes                       ; Yes                       ;
; lcd_d[5]      ; 2.5 V        ; 0 s                 ; 0 s                 ; 2.32 V                       ; 2.07e-09 V                   ; 2.36 V              ; -0.00737 V          ; 0.209 V                              ; 0.012 V                              ; 5.22e-10 s                  ; 5.33e-10 s                  ; Yes                        ; Yes                        ; 2.32 V                      ; 2.07e-09 V                  ; 2.36 V             ; -0.00737 V         ; 0.209 V                             ; 0.012 V                             ; 5.22e-10 s                 ; 5.33e-10 s                 ; Yes                       ; Yes                       ;
; lcd_d[4]      ; 2.5 V        ; 0 s                 ; 0 s                 ; 2.32 V                       ; 2.07e-09 V                   ; 2.38 V              ; -0.0073 V           ; 0.097 V                              ; 0.018 V                              ; 4.24e-10 s                  ; 3.65e-10 s                  ; No                         ; Yes                        ; 2.32 V                      ; 2.07e-09 V                  ; 2.38 V             ; -0.0073 V          ; 0.097 V                             ; 0.018 V                             ; 4.24e-10 s                 ; 3.65e-10 s                 ; No                        ; Yes                       ;
; lcd_d[3]      ; 2.5 V        ; 0 s                 ; 0 s                 ; 2.32 V                       ; 2.07e-09 V                   ; 2.38 V              ; -0.0073 V           ; 0.097 V                              ; 0.018 V                              ; 4.24e-10 s                  ; 3.65e-10 s                  ; No                         ; Yes                        ; 2.32 V                      ; 2.07e-09 V                  ; 2.38 V             ; -0.0073 V          ; 0.097 V                             ; 0.018 V                             ; 4.24e-10 s                 ; 3.65e-10 s                 ; No                        ; Yes                       ;
; lcd_d[2]      ; 2.5 V        ; 0 s                 ; 0 s                 ; 2.32 V                       ; 2.8e-09 V                    ; 2.37 V              ; -0.00373 V          ; 0.104 V                              ; 0.011 V                              ; 4.34e-10 s                  ; 3.82e-10 s                  ; Yes                        ; Yes                        ; 2.32 V                      ; 2.8e-09 V                   ; 2.37 V             ; -0.00373 V         ; 0.104 V                             ; 0.011 V                             ; 4.34e-10 s                 ; 3.82e-10 s                 ; Yes                       ; Yes                       ;
; lcd_d[1]      ; 2.5 V        ; 0 s                 ; 0 s                 ; 2.32 V                       ; 2.07e-09 V                   ; 2.38 V              ; -0.0073 V           ; 0.097 V                              ; 0.018 V                              ; 4.24e-10 s                  ; 3.65e-10 s                  ; No                         ; Yes                        ; 2.32 V                      ; 2.07e-09 V                  ; 2.38 V             ; -0.0073 V          ; 0.097 V                             ; 0.018 V                             ; 4.24e-10 s                 ; 3.65e-10 s                 ; No                        ; Yes                       ;
; lcd_d[0]      ; 2.5 V        ; 0 s                 ; 0 s                 ; 2.32 V                       ; 2.8e-09 V                    ; 2.37 V              ; -0.00373 V          ; 0.104 V                              ; 0.011 V                              ; 4.34e-10 s                  ; 3.82e-10 s                  ; Yes                        ; Yes                        ; 2.32 V                      ; 2.8e-09 V                   ; 2.37 V             ; -0.00373 V         ; 0.104 V                             ; 0.011 V                             ; 4.34e-10 s                 ; 3.82e-10 s                 ; Yes                       ; Yes                       ;
; ~ALTERA_DCLK~ ; 2.5 V        ; 0 s                 ; 0 s                 ; 2.32 V                       ; 1.74e-09 V                   ; 2.37 V              ; -0.0346 V           ; 0.198 V                              ; 0.094 V                              ; 3.14e-10 s                  ; 2.92e-10 s                  ; Yes                        ; Yes                        ; 2.32 V                      ; 1.74e-09 V                  ; 2.37 V             ; -0.0346 V          ; 0.198 V                             ; 0.094 V                             ; 3.14e-10 s                 ; 2.92e-10 s                 ; Yes                       ; Yes                       ;
; ~ALTERA_nCEO~ ; 2.5 V        ; 0 s                 ; 0 s                 ; 2.32 V                       ; 2.57e-09 V                   ; 2.37 V              ; -0.00683 V          ; 0.171 V                              ; 0.018 V                              ; 4.97e-10 s                  ; 6.66e-10 s                  ; Yes                        ; Yes                        ; 2.32 V                      ; 2.57e-09 V                  ; 2.37 V             ; -0.00683 V         ; 0.171 V                             ; 0.018 V                             ; 4.97e-10 s                 ; 6.66e-10 s                 ; Yes                       ; Yes                       ;
+---------------+--------------+---------------------+---------------------+------------------------------+------------------------------+---------------------+---------------------+--------------------------------------+--------------------------------------+-----------------------------+-----------------------------+----------------------------+----------------------------+-----------------------------+-----------------------------+--------------------+--------------------+-------------------------------------+-------------------------------------+----------------------------+----------------------------+---------------------------+---------------------------+


+--------------------------------------------------------------------------------------------------------------------------------------------------------------------------------------------------------------------------------------------------------------------------------------------------------------------------------------------------------------------------------------------------------------------------------------------------------------------------------------------------------------------------------------------------------------------------------------------------------------------------------------------------------------------------------------------+
; Signal Integrity Metrics (Slow 1200mv 85c Model)                                                                                                                                                                                                                                                                                                                                                                                                                                                                                                                                                                                                                                           ;
+---------------+--------------+---------------------+---------------------+------------------------------+------------------------------+---------------------+---------------------+--------------------------------------+--------------------------------------+-----------------------------+-----------------------------+----------------------------+----------------------------+-----------------------------+-----------------------------+--------------------+--------------------+-------------------------------------+-------------------------------------+----------------------------+----------------------------+---------------------------+---------------------------+
; Pin           ; I/O Standard ; Board Delay on Rise ; Board Delay on Fall ; Steady State Voh at FPGA Pin ; Steady State Vol at FPGA Pin ; Voh Max at FPGA Pin ; Vol Min at FPGA Pin ; Ringback Voltage on Rise at FPGA Pin ; Ringback Voltage on Fall at FPGA Pin ; 10-90 Rise Time at FPGA Pin ; 90-10 Fall Time at FPGA Pin ; Monotonic Rise at FPGA Pin ; Monotonic Fall at FPGA Pin ; Steady State Voh at Far-end ; Steady State Vol at Far-end ; Voh Max at Far-end ; Vol Min at Far-end ; Ringback Voltage on Rise at Far-end ; Ringback Voltage on Fall at Far-end ; 10-90 Rise Time at Far-end ; 90-10 Fall Time at Far-end ; Monotonic Rise at Far-end ; Monotonic Fall at Far-end ;
+---------------+--------------+---------------------+---------------------+------------------------------+------------------------------+---------------------+---------------------+--------------------------------------+--------------------------------------+-----------------------------+-----------------------------+----------------------------+----------------------------+-----------------------------+-----------------------------+--------------------+--------------------+-------------------------------------+-------------------------------------+----------------------------+----------------------------+---------------------------+---------------------------+
; lcd_rw        ; 2.5 V        ; 0 s                 ; 0 s                 ; 2.32 V                       ; 2.85e-07 V                   ; 2.35 V              ; -0.0123 V           ; 0.144 V                              ; 0.042 V                              ; 4.81e-10 s                  ; 4.81e-10 s                  ; Yes                        ; Yes                        ; 2.32 V                      ; 2.85e-07 V                  ; 2.35 V             ; -0.0123 V          ; 0.144 V                             ; 0.042 V                             ; 4.81e-10 s                 ; 4.81e-10 s                 ; Yes                       ; Yes                       ;
; lcd_en        ; 2.5 V        ; 0 s                 ; 0 s                 ; 2.32 V                       ; 2.85e-07 V                   ; 2.35 V              ; -0.0123 V           ; 0.144 V                              ; 0.042 V                              ; 4.81e-10 s                  ; 4.81e-10 s                  ; Yes                        ; Yes                        ; 2.32 V                      ; 2.85e-07 V                  ; 2.35 V             ; -0.0123 V          ; 0.144 V                             ; 0.042 V                             ; 4.81e-10 s                 ; 4.81e-10 s                 ; Yes                       ; Yes                       ;
; lcd_rs        ; 2.5 V        ; 0 s                 ; 0 s                 ; 2.32 V                       ; 2.85e-07 V                   ; 2.35 V              ; -0.0123 V           ; 0.144 V                              ; 0.042 V                              ; 4.81e-10 s                  ; 4.81e-10 s                  ; Yes                        ; Yes                        ; 2.32 V                      ; 2.85e-07 V                  ; 2.35 V             ; -0.0123 V          ; 0.144 V                             ; 0.042 V                             ; 4.81e-10 s                 ; 4.81e-10 s                 ; Yes                       ; Yes                       ;
; lcd_d[7]      ; 2.5 V        ; 0 s                 ; 0 s                 ; 2.32 V                       ; 1.93e-07 V                   ; 2.34 V              ; -0.00869 V          ; 0.14 V                               ; 0.046 V                              ; 6.89e-10 s                  ; 6.56e-10 s                  ; Yes                        ; Yes                        ; 2.32 V                      ; 1.93e-07 V                  ; 2.34 V             ; -0.00869 V         ; 0.14 V                              ; 0.046 V                             ; 6.89e-10 s                 ; 6.56e-10 s                 ; Yes                       ; Yes                       ;
; lcd_d[6]      ; 2.5 V        ; 0 s                 ; 0 s                 ; 2.32 V                       ; 1.93e-07 V                   ; 2.33 V              ; -0.0022 V           ; 0.088 V                              ; 0.056 V                              ; 3.76e-09 s                  ; 3.48e-09 s                  ; Yes                        ; Yes                        ; 2.32 V                      ; 1.93e-07 V                  ; 2.33 V             ; -0.0022 V          ; 0.088 V                             ; 0.056 V                             ; 3.76e-09 s                 ; 3.48e-09 s                 ; Yes                       ; Yes                       ;
; lcd_d[5]      ; 2.5 V        ; 0 s                 ; 0 s                 ; 2.32 V                       ; 1.93e-07 V                   ; 2.34 V              ; -0.00869 V          ; 0.14 V                               ; 0.046 V                              ; 6.89e-10 s                  ; 6.56e-10 s                  ; Yes                        ; Yes                        ; 2.32 V                      ; 1.93e-07 V                  ; 2.34 V             ; -0.00869 V         ; 0.14 V                              ; 0.046 V                             ; 6.89e-10 s                 ; 6.56e-10 s                 ; Yes                       ; Yes                       ;
; lcd_d[4]      ; 2.5 V        ; 0 s                 ; 0 s                 ; 2.32 V                       ; 1.93e-07 V                   ; 2.35 V              ; -0.00834 V          ; 0.127 V                              ; 0.035 V                              ; 4.7e-10 s                   ; 4.64e-10 s                  ; Yes                        ; Yes                        ; 2.32 V                      ; 1.93e-07 V                  ; 2.35 V             ; -0.00834 V         ; 0.127 V                             ; 0.035 V                             ; 4.7e-10 s                  ; 4.64e-10 s                 ; Yes                       ; Yes                       ;
; lcd_d[3]      ; 2.5 V        ; 0 s                 ; 0 s                 ; 2.32 V                       ; 1.93e-07 V                   ; 2.35 V              ; -0.00834 V          ; 0.127 V                              ; 0.035 V                              ; 4.7e-10 s                   ; 4.64e-10 s                  ; Yes                        ; Yes                        ; 2.32 V                      ; 1.93e-07 V                  ; 2.35 V             ; -0.00834 V         ; 0.127 V                             ; 0.035 V                             ; 4.7e-10 s                  ; 4.64e-10 s                 ; Yes                       ; Yes                       ;
; lcd_d[2]      ; 2.5 V        ; 0 s                 ; 0 s                 ; 2.32 V                       ; 2.85e-07 V                   ; 2.35 V              ; -0.0123 V           ; 0.144 V                              ; 0.042 V                              ; 4.81e-10 s                  ; 4.81e-10 s                  ; Yes                        ; Yes                        ; 2.32 V                      ; 2.85e-07 V                  ; 2.35 V             ; -0.0123 V          ; 0.144 V                             ; 0.042 V                             ; 4.81e-10 s                 ; 4.81e-10 s                 ; Yes                       ; Yes                       ;
; lcd_d[1]      ; 2.5 V        ; 0 s                 ; 0 s                 ; 2.32 V                       ; 1.93e-07 V                   ; 2.35 V              ; -0.00834 V          ; 0.127 V                              ; 0.035 V                              ; 4.7e-10 s                   ; 4.64e-10 s                  ; Yes                        ; Yes                        ; 2.32 V                      ; 1.93e-07 V                  ; 2.35 V             ; -0.00834 V         ; 0.127 V                             ; 0.035 V                             ; 4.7e-10 s                  ; 4.64e-10 s                 ; Yes                       ; Yes                       ;
; lcd_d[0]      ; 2.5 V        ; 0 s                 ; 0 s                 ; 2.32 V                       ; 2.85e-07 V                   ; 2.35 V              ; -0.0123 V           ; 0.144 V                              ; 0.042 V                              ; 4.81e-10 s                  ; 4.81e-10 s                  ; Yes                        ; Yes                        ; 2.32 V                      ; 2.85e-07 V                  ; 2.35 V             ; -0.0123 V          ; 0.144 V                             ; 0.042 V                             ; 4.81e-10 s                 ; 4.81e-10 s                 ; Yes                       ; Yes                       ;
; ~ALTERA_DCLK~ ; 2.5 V        ; 0 s                 ; 0 s                 ; 2.32 V                       ; 1.55e-07 V                   ; 2.35 V              ; -0.00221 V          ; 0.097 V                              ; 0.005 V                              ; 4.49e-10 s                  ; 3.85e-10 s                  ; Yes                        ; Yes                        ; 2.32 V                      ; 1.55e-07 V                  ; 2.35 V             ; -0.00221 V         ; 0.097 V                             ; 0.005 V                             ; 4.49e-10 s                 ; 3.85e-10 s                 ; Yes                       ; Yes                       ;
; ~ALTERA_nCEO~ ; 2.5 V        ; 0 s                 ; 0 s                 ; 2.32 V                       ; 2.54e-07 V                   ; 2.34 V              ; -0.00774 V          ; 0.109 V                              ; 0.026 V                              ; 6.58e-10 s                  ; 8.24e-10 s                  ; Yes                        ; Yes                        ; 2.32 V                      ; 2.54e-07 V                  ; 2.34 V             ; -0.00774 V         ; 0.109 V                             ; 0.026 V                             ; 6.58e-10 s                 ; 8.24e-10 s                 ; Yes                       ; Yes                       ;
+---------------+--------------+---------------------+---------------------+------------------------------+------------------------------+---------------------+---------------------+--------------------------------------+--------------------------------------+-----------------------------+-----------------------------+----------------------------+----------------------------+-----------------------------+-----------------------------+--------------------+--------------------+-------------------------------------+-------------------------------------+----------------------------+----------------------------+---------------------------+---------------------------+


+--------------------------------------------------------------------------------------------------------------------------------------------------------------------------------------------------------------------------------------------------------------------------------------------------------------------------------------------------------------------------------------------------------------------------------------------------------------------------------------------------------------------------------------------------------------------------------------------------------------------------------------------------------------------------------------------+
; Signal Integrity Metrics (Fast 1200mv 0c Model)                                                                                                                                                                                                                                                                                                                                                                                                                                                                                                                                                                                                                                            ;
+---------------+--------------+---------------------+---------------------+------------------------------+------------------------------+---------------------+---------------------+--------------------------------------+--------------------------------------+-----------------------------+-----------------------------+----------------------------+----------------------------+-----------------------------+-----------------------------+--------------------+--------------------+-------------------------------------+-------------------------------------+----------------------------+----------------------------+---------------------------+---------------------------+
; Pin           ; I/O Standard ; Board Delay on Rise ; Board Delay on Fall ; Steady State Voh at FPGA Pin ; Steady State Vol at FPGA Pin ; Voh Max at FPGA Pin ; Vol Min at FPGA Pin ; Ringback Voltage on Rise at FPGA Pin ; Ringback Voltage on Fall at FPGA Pin ; 10-90 Rise Time at FPGA Pin ; 90-10 Fall Time at FPGA Pin ; Monotonic Rise at FPGA Pin ; Monotonic Fall at FPGA Pin ; Steady State Voh at Far-end ; Steady State Vol at Far-end ; Voh Max at Far-end ; Vol Min at Far-end ; Ringback Voltage on Rise at Far-end ; Ringback Voltage on Fall at Far-end ; 10-90 Rise Time at Far-end ; 90-10 Fall Time at Far-end ; Monotonic Rise at Far-end ; Monotonic Fall at Far-end ;
+---------------+--------------+---------------------+---------------------+------------------------------+------------------------------+---------------------+---------------------+--------------------------------------+--------------------------------------+-----------------------------+-----------------------------+----------------------------+----------------------------+-----------------------------+-----------------------------+--------------------+--------------------+-------------------------------------+-------------------------------------+----------------------------+----------------------------+---------------------------+---------------------------+
; lcd_rw        ; 2.5 V        ; 0 s                 ; 0 s                 ; 2.62 V                       ; 4.05e-08 V                   ; 2.72 V              ; -0.0349 V           ; 0.173 V                              ; 0.1 V                                ; 2.72e-10 s                  ; 2.69e-10 s                  ; Yes                        ; Yes                        ; 2.62 V                      ; 4.05e-08 V                  ; 2.72 V             ; -0.0349 V          ; 0.173 V                             ; 0.1 V                               ; 2.72e-10 s                 ; 2.69e-10 s                 ; Yes                       ; Yes                       ;
; lcd_en        ; 2.5 V        ; 0 s                 ; 0 s                 ; 2.62 V                       ; 4.05e-08 V                   ; 2.72 V              ; -0.0349 V           ; 0.173 V                              ; 0.1 V                                ; 2.72e-10 s                  ; 2.69e-10 s                  ; Yes                        ; Yes                        ; 2.62 V                      ; 4.05e-08 V                  ; 2.72 V             ; -0.0349 V          ; 0.173 V                             ; 0.1 V                               ; 2.72e-10 s                 ; 2.69e-10 s                 ; Yes                       ; Yes                       ;
; lcd_rs        ; 2.5 V        ; 0 s                 ; 0 s                 ; 2.62 V                       ; 4.05e-08 V                   ; 2.72 V              ; -0.0349 V           ; 0.173 V                              ; 0.1 V                                ; 2.72e-10 s                  ; 2.69e-10 s                  ; Yes                        ; Yes                        ; 2.62 V                      ; 4.05e-08 V                  ; 2.72 V             ; -0.0349 V          ; 0.173 V                             ; 0.1 V                               ; 2.72e-10 s                 ; 2.69e-10 s                 ; Yes                       ; Yes                       ;
; lcd_d[7]      ; 2.5 V        ; 0 s                 ; 0 s                 ; 2.62 V                       ; 2.74e-08 V                   ; 2.71 V              ; -0.0317 V           ; 0.148 V                              ; 0.064 V                              ; 4.51e-10 s                  ; 4.15e-10 s                  ; No                         ; Yes                        ; 2.62 V                      ; 2.74e-08 V                  ; 2.71 V             ; -0.0317 V          ; 0.148 V                             ; 0.064 V                             ; 4.51e-10 s                 ; 4.15e-10 s                 ; No                        ; Yes                       ;
; lcd_d[6]      ; 2.5 V        ; 0 s                 ; 0 s                 ; 2.62 V                       ; 2.74e-08 V                   ; 2.64 V              ; -0.0117 V           ; 0.202 V                              ; 0.176 V                              ; 2.38e-09 s                  ; 2.22e-09 s                  ; No                         ; Yes                        ; 2.62 V                      ; 2.74e-08 V                  ; 2.64 V             ; -0.0117 V          ; 0.202 V                             ; 0.176 V                             ; 2.38e-09 s                 ; 2.22e-09 s                 ; No                        ; Yes                       ;
; lcd_d[5]      ; 2.5 V        ; 0 s                 ; 0 s                 ; 2.62 V                       ; 2.74e-08 V                   ; 2.71 V              ; -0.0317 V           ; 0.148 V                              ; 0.064 V                              ; 4.51e-10 s                  ; 4.15e-10 s                  ; No                         ; Yes                        ; 2.62 V                      ; 2.74e-08 V                  ; 2.71 V             ; -0.0317 V          ; 0.148 V                             ; 0.064 V                             ; 4.51e-10 s                 ; 4.15e-10 s                 ; No                        ; Yes                       ;
; lcd_d[4]      ; 2.5 V        ; 0 s                 ; 0 s                 ; 2.62 V                       ; 2.74e-08 V                   ; 2.73 V              ; -0.0384 V           ; 0.169 V                              ; 0.089 V                              ; 2.7e-10 s                   ; 2.62e-10 s                  ; Yes                        ; Yes                        ; 2.62 V                      ; 2.74e-08 V                  ; 2.73 V             ; -0.0384 V          ; 0.169 V                             ; 0.089 V                             ; 2.7e-10 s                  ; 2.62e-10 s                 ; Yes                       ; Yes                       ;
; lcd_d[3]      ; 2.5 V        ; 0 s                 ; 0 s                 ; 2.62 V                       ; 2.74e-08 V                   ; 2.73 V              ; -0.0384 V           ; 0.169 V                              ; 0.089 V                              ; 2.7e-10 s                   ; 2.62e-10 s                  ; Yes                        ; Yes                        ; 2.62 V                      ; 2.74e-08 V                  ; 2.73 V             ; -0.0384 V          ; 0.169 V                             ; 0.089 V                             ; 2.7e-10 s                  ; 2.62e-10 s                 ; Yes                       ; Yes                       ;
; lcd_d[2]      ; 2.5 V        ; 0 s                 ; 0 s                 ; 2.62 V                       ; 4.05e-08 V                   ; 2.72 V              ; -0.0349 V           ; 0.173 V                              ; 0.1 V                                ; 2.72e-10 s                  ; 2.69e-10 s                  ; Yes                        ; Yes                        ; 2.62 V                      ; 4.05e-08 V                  ; 2.72 V             ; -0.0349 V          ; 0.173 V                             ; 0.1 V                               ; 2.72e-10 s                 ; 2.69e-10 s                 ; Yes                       ; Yes                       ;
; lcd_d[1]      ; 2.5 V        ; 0 s                 ; 0 s                 ; 2.62 V                       ; 2.74e-08 V                   ; 2.73 V              ; -0.0384 V           ; 0.169 V                              ; 0.089 V                              ; 2.7e-10 s                   ; 2.62e-10 s                  ; Yes                        ; Yes                        ; 2.62 V                      ; 2.74e-08 V                  ; 2.73 V             ; -0.0384 V          ; 0.169 V                             ; 0.089 V                             ; 2.7e-10 s                  ; 2.62e-10 s                 ; Yes                       ; Yes                       ;
; lcd_d[0]      ; 2.5 V        ; 0 s                 ; 0 s                 ; 2.62 V                       ; 4.05e-08 V                   ; 2.72 V              ; -0.0349 V           ; 0.173 V                              ; 0.1 V                                ; 2.72e-10 s                  ; 2.69e-10 s                  ; Yes                        ; Yes                        ; 2.62 V                      ; 4.05e-08 V                  ; 2.72 V             ; -0.0349 V          ; 0.173 V                             ; 0.1 V                               ; 2.72e-10 s                 ; 2.69e-10 s                 ; Yes                       ; Yes                       ;
; ~ALTERA_DCLK~ ; 2.5 V        ; 0 s                 ; 0 s                 ; 2.62 V                       ; 2.22e-08 V                   ; 2.74 V              ; -0.06 V             ; 0.158 V                              ; 0.08 V                               ; 2.68e-10 s                  ; 2.19e-10 s                  ; Yes                        ; Yes                        ; 2.62 V                      ; 2.22e-08 V                  ; 2.74 V             ; -0.06 V            ; 0.158 V                             ; 0.08 V                              ; 2.68e-10 s                 ; 2.19e-10 s                 ; Yes                       ; Yes                       ;
; ~ALTERA_nCEO~ ; 2.5 V        ; 0 s                 ; 0 s                 ; 2.62 V                       ; 3.54e-08 V                   ; 2.7 V               ; -0.00943 V          ; 0.276 V                              ; 0.035 V                              ; 3.19e-10 s                  ; 4.99e-10 s                  ; No                         ; Yes                        ; 2.62 V                      ; 3.54e-08 V                  ; 2.7 V              ; -0.00943 V         ; 0.276 V                             ; 0.035 V                             ; 3.19e-10 s                 ; 4.99e-10 s                 ; No                        ; Yes                       ;
+---------------+--------------+---------------------+---------------------+------------------------------+------------------------------+---------------------+---------------------+--------------------------------------+--------------------------------------+-----------------------------+-----------------------------+----------------------------+----------------------------+-----------------------------+-----------------------------+--------------------+--------------------+-------------------------------------+-------------------------------------+----------------------------+----------------------------+---------------------------+---------------------------+


+-------------------------------------------------------------------+
; Setup Transfers                                                   ;
+------------+----------+----------+----------+----------+----------+
; From Clock ; To Clock ; RR Paths ; FR Paths ; RF Paths ; FF Paths ;
+------------+----------+----------+----------+----------+----------+
; clock      ; clock    ; 120718   ; 0        ; 0        ; 0        ;
+------------+----------+----------+----------+----------+----------+
Entries labeled "false path" only account for clock-to-clock false paths and not path-based false paths. As a result, actual path counts may be lower than reported.


+-------------------------------------------------------------------+
; Hold Transfers                                                    ;
+------------+----------+----------+----------+----------+----------+
; From Clock ; To Clock ; RR Paths ; FR Paths ; RF Paths ; FF Paths ;
+------------+----------+----------+----------+----------+----------+
; clock      ; clock    ; 120718   ; 0        ; 0        ; 0        ;
+------------+----------+----------+----------+----------+----------+
Entries labeled "false path" only account for clock-to-clock false paths and not path-based false paths. As a result, actual path counts may be lower than reported.


---------------
; Report TCCS ;
---------------
No dedicated SERDES Transmitter circuitry present in device or used in design


---------------
; Report RSKM ;
---------------
No non-DPA dedicated SERDES Receiver circuitry present in device or used in design


+------------------------------------------------+
; Unconstrained Paths Summary                    ;
+---------------------------------+-------+------+
; Property                        ; Setup ; Hold ;
+---------------------------------+-------+------+
; Illegal Clocks                  ; 0     ; 0    ;
; Unconstrained Clocks            ; 0     ; 0    ;
; Unconstrained Input Ports       ; 1     ; 1    ;
; Unconstrained Input Port Paths  ; 1     ; 1    ;
; Unconstrained Output Ports      ; 10    ; 10   ;
; Unconstrained Output Port Paths ; 10    ; 10   ;
+---------------------------------+-------+------+


+-------------------------------------+
; Clock Status Summary                ;
+--------+-------+------+-------------+
; Target ; Clock ; Type ; Status      ;
+--------+-------+------+-------------+
; clock  ; clock ; Base ; Constrained ;
+--------+-------+------+-------------+


+---------------------------------------------------------------------------------------------------+
; Unconstrained Input Ports                                                                         ;
+------------+--------------------------------------------------------------------------------------+
; Input Port ; Comment                                                                              ;
+------------+--------------------------------------------------------------------------------------+
; key[1]     ; No input delay, min/max delays, false-path exceptions, or max skew assignments found ;
+------------+--------------------------------------------------------------------------------------+


+-----------------------------------------------------------------------------------------------------+
; Unconstrained Output Ports                                                                          ;
+-------------+---------------------------------------------------------------------------------------+
; Output Port ; Comment                                                                               ;
+-------------+---------------------------------------------------------------------------------------+
; lcd_d[0]    ; No output delay, min/max delays, false-path exceptions, or max skew assignments found ;
; lcd_d[1]    ; No output delay, min/max delays, false-path exceptions, or max skew assignments found ;
; lcd_d[2]    ; No output delay, min/max delays, false-path exceptions, or max skew assignments found ;
; lcd_d[3]    ; No output delay, min/max delays, false-path exceptions, or max skew assignments found ;
; lcd_d[4]    ; No output delay, min/max delays, false-path exceptions, or max skew assignments found ;
; lcd_d[5]    ; No output delay, min/max delays, false-path exceptions, or max skew assignments found ;
; lcd_d[6]    ; No output delay, min/max delays, false-path exceptions, or max skew assignments found ;
; lcd_d[7]    ; No output delay, min/max delays, false-path exceptions, or max skew assignments found ;
; lcd_en      ; No output delay, min/max delays, false-path exceptions, or max skew assignments found ;
; lcd_rs      ; No output delay, min/max delays, false-path exceptions, or max skew assignments found ;
+-------------+---------------------------------------------------------------------------------------+


+---------------------------------------------------------------------------------------------------+
; Unconstrained Input Ports                                                                         ;
+------------+--------------------------------------------------------------------------------------+
; Input Port ; Comment                                                                              ;
+------------+--------------------------------------------------------------------------------------+
; key[1]     ; No input delay, min/max delays, false-path exceptions, or max skew assignments found ;
+------------+--------------------------------------------------------------------------------------+


+-----------------------------------------------------------------------------------------------------+
; Unconstrained Output Ports                                                                          ;
+-------------+---------------------------------------------------------------------------------------+
; Output Port ; Comment                                                                               ;
+-------------+---------------------------------------------------------------------------------------+
; lcd_d[0]    ; No output delay, min/max delays, false-path exceptions, or max skew assignments found ;
; lcd_d[1]    ; No output delay, min/max delays, false-path exceptions, or max skew assignments found ;
; lcd_d[2]    ; No output delay, min/max delays, false-path exceptions, or max skew assignments found ;
; lcd_d[3]    ; No output delay, min/max delays, false-path exceptions, or max skew assignments found ;
; lcd_d[4]    ; No output delay, min/max delays, false-path exceptions, or max skew assignments found ;
; lcd_d[5]    ; No output delay, min/max delays, false-path exceptions, or max skew assignments found ;
; lcd_d[6]    ; No output delay, min/max delays, false-path exceptions, or max skew assignments found ;
; lcd_d[7]    ; No output delay, min/max delays, false-path exceptions, or max skew assignments found ;
; lcd_en      ; No output delay, min/max delays, false-path exceptions, or max skew assignments found ;
; lcd_rs      ; No output delay, min/max delays, false-path exceptions, or max skew assignments found ;
+-------------+---------------------------------------------------------------------------------------+


+--------------------------+
; Timing Analyzer Messages ;
+--------------------------+
Info: *******************************************************************
Info: Running Quartus Prime Timing Analyzer
    Info: Version 24.1std.0 Build 1077 03/04/2025 SC Lite Edition
    Info: Processing started: Mon Aug 11 17:24:07 2025
Info: Command: quartus_sta lcd_controller -c lcd_controller
Info: qsta_default_script.tcl version: #1
Info (20030): Parallel compilation is enabled and will use 10 of the 10 processors detected
Info (21077): Low junction temperature is 0 degrees C
Info (21077): High junction temperature is 85 degrees C
Critical Warning (332012): Synopsys Design Constraints File file not found: 'lcd_controller.sdc'. A Synopsys Design Constraints File is required by the Timing Analyzer to get proper timing constraints. Without it, the Compiler will not properly optimize the design.
Info (332142): No user constrained base clocks found in the design. Calling "derive_clocks -period 1.0"
Info (332105): Deriving Clocks
    Info (332105): create_clock -period 1.000 -name clock clock
Info (332143): No user constrained clock uncertainty found in the design. Calling "derive_clock_uncertainty"
Info (332123): Deriving Clock Uncertainty. Please refer to report_sdc in the Timing Analyzer to see clock uncertainties.
Info: Found TIMING_ANALYZER_REPORT_SCRIPT_INCLUDE_DEFAULT_ANALYSIS = ON
Info: Analyzing Slow 1200mV 85C Model
Critical Warning (332148): Timing requirements not met
    Info (11105): For recommendations on closing timing, run Report Timing Closure Recommendations in the Timing Analyzer.
Info (332146): Worst-case setup slack is -9.145
    Info (332119):     Slack       End Point TNS Clock 
    Info (332119): ========= =================== =====================
    Info (332119):    -9.145            -601.334 clock 
Info (332146): Worst-case hold slack is 0.434
    Info (332119):     Slack       End Point TNS Clock 
    Info (332119): ========= =================== =====================
    Info (332119):     0.434               0.000 clock 
Info (332140): No Recovery paths to report
Info (332140): No Removal paths to report
Info (332146): Worst-case minimum pulse width slack is -3.000
    Info (332119):     Slack       End Point TNS Clock 
    Info (332119): ========= =================== =====================
    Info (332119):    -3.000            -147.239 clock 
Info (332114): Report Metastability: Found 1 synchronizer chains.
    Info (332114): Design MTBF is not calculated because the design doesn't meet its timing requirements.
Info: Analyzing Slow 1200mV 0C Model
Info (334003): Started post-fitting delay annotation
Info (334004): Delay annotation completed successfully
Info (332123): Deriving Clock Uncertainty. Please refer to report_sdc in the Timing Analyzer to see clock uncertainties.
Critical Warning (332148): Timing requirements not met
    Info (11105): For recommendations on closing timing, run Report Timing Closure Recommendations in the Timing Analyzer.
Info (332146): Worst-case setup slack is -8.207
    Info (332119):     Slack       End Point TNS Clock 
    Info (332119): ========= =================== =====================
    Info (332119):    -8.207            -546.256 clock 
Info (332146): Worst-case hold slack is 0.384
    Info (332119):     Slack       End Point TNS Clock 
    Info (332119): ========= =================== =====================
    Info (332119):     0.384               0.000 clock 
Info (332140): No Recovery paths to report
Info (332140): No Removal paths to report
Info (332146): Worst-case minimum pulse width slack is -3.000
    Info (332119):     Slack       End Point TNS Clock 
    Info (332119): ========= =================== =====================
    Info (332119):    -3.000            -147.239 clock 
Info (332114): Report Metastability: Found 1 synchronizer chains.
    Info (332114): Design MTBF is not calculated because the design doesn't meet its timing requirements.
Info: Analyzing Fast 1200mV 0C Model
Info (332123): Deriving Clock Uncertainty. Please refer to report_sdc in the Timing Analyzer to see clock uncertainties.
Critical Warning (332148): Timing requirements not met
    Info (11105): For recommendations on closing timing, run Report Timing Closure Recommendations in the Timing Analyzer.
Info (332146): Worst-case setup slack is -3.420
    Info (332119):     Slack       End Point TNS Clock 
    Info (332119): ========= =================== =====================
    Info (332119):    -3.420            -206.330 clock 
Info (332146): Worst-case hold slack is 0.179
    Info (332119):     Slack       End Point TNS Clock 
    Info (332119): ========= =================== =====================
    Info (332119):     0.179               0.000 clock 
Info (332140): No Recovery paths to report
Info (332140): No Removal paths to report
Info (332146): Worst-case minimum pulse width slack is -3.000
    Info (332119):     Slack       End Point TNS Clock 
    Info (332119): ========= =================== =====================
    Info (332119):    -3.000            -106.913 clock 
Info (332114): Report Metastability: Found 1 synchronizer chains.
    Info (332114): Design MTBF is not calculated because the design doesn't meet its timing requirements.
Info (332102): Design is not fully constrained for setup requirements
Info (332102): Design is not fully constrained for hold requirements
Info: Quartus Prime Timing Analyzer was successful. 0 errors, 4 warnings
    Info: Peak virtual memory: 4828 megabytes
    Info: Processing ended: Mon Aug 11 17:24:09 2025
    Info: Elapsed time: 00:00:02
    Info: Total CPU time (on all processors): 00:00:01


