Timing Analyzer report for Projeto_02
Thu Jul 17 09:55:22 2025
Quartus Prime Version 20.1.1 Build 720 11/11/2020 SJ Lite Edition


---------------------
; Table of Contents ;
---------------------
  1. Legal Notice
  2. Timing Analyzer Summary
  3. Parallel Compilation
  4. Clocks
  5. Slow 1200mV 85C Model Fmax Summary
  6. Timing Closure Recommendations
  7. Slow 1200mV 85C Model Setup Summary
  8. Slow 1200mV 85C Model Hold Summary
  9. Slow 1200mV 85C Model Recovery Summary
 10. Slow 1200mV 85C Model Removal Summary
 11. Slow 1200mV 85C Model Minimum Pulse Width Summary
 12. Slow 1200mV 85C Model Setup: 'divisor_de_frequencia:inst5|aux_tff'
 13. Slow 1200mV 85C Model Setup: 'clock'
 14. Slow 1200mV 85C Model Setup: 'divisor_de_frequencia:inst6|aux_tff'
 15. Slow 1200mV 85C Model Setup: 'Seletor_alimentacao_display:inst46|divisor_de_frequencia:inst|aux_tff'
 16. Slow 1200mV 85C Model Hold: 'clock'
 17. Slow 1200mV 85C Model Hold: 'divisor_de_frequencia:inst5|aux_tff'
 18. Slow 1200mV 85C Model Hold: 'Seletor_alimentacao_display:inst46|divisor_de_frequencia:inst|aux_tff'
 19. Slow 1200mV 85C Model Hold: 'divisor_de_frequencia:inst6|aux_tff'
 20. Slow 1200mV 85C Model Metastability Summary
 21. Slow 1200mV 0C Model Fmax Summary
 22. Slow 1200mV 0C Model Setup Summary
 23. Slow 1200mV 0C Model Hold Summary
 24. Slow 1200mV 0C Model Recovery Summary
 25. Slow 1200mV 0C Model Removal Summary
 26. Slow 1200mV 0C Model Minimum Pulse Width Summary
 27. Slow 1200mV 0C Model Setup: 'divisor_de_frequencia:inst5|aux_tff'
 28. Slow 1200mV 0C Model Setup: 'clock'
 29. Slow 1200mV 0C Model Setup: 'divisor_de_frequencia:inst6|aux_tff'
 30. Slow 1200mV 0C Model Setup: 'Seletor_alimentacao_display:inst46|divisor_de_frequencia:inst|aux_tff'
 31. Slow 1200mV 0C Model Hold: 'clock'
 32. Slow 1200mV 0C Model Hold: 'Seletor_alimentacao_display:inst46|divisor_de_frequencia:inst|aux_tff'
 33. Slow 1200mV 0C Model Hold: 'divisor_de_frequencia:inst5|aux_tff'
 34. Slow 1200mV 0C Model Hold: 'divisor_de_frequencia:inst6|aux_tff'
 35. Slow 1200mV 0C Model Metastability Summary
 36. Fast 1200mV 0C Model Setup Summary
 37. Fast 1200mV 0C Model Hold Summary
 38. Fast 1200mV 0C Model Recovery Summary
 39. Fast 1200mV 0C Model Removal Summary
 40. Fast 1200mV 0C Model Minimum Pulse Width Summary
 41. Fast 1200mV 0C Model Setup: 'divisor_de_frequencia:inst5|aux_tff'
 42. Fast 1200mV 0C Model Setup: 'clock'
 43. Fast 1200mV 0C Model Setup: 'divisor_de_frequencia:inst6|aux_tff'
 44. Fast 1200mV 0C Model Setup: 'Seletor_alimentacao_display:inst46|divisor_de_frequencia:inst|aux_tff'
 45. Fast 1200mV 0C Model Hold: 'clock'
 46. Fast 1200mV 0C Model Hold: 'Seletor_alimentacao_display:inst46|divisor_de_frequencia:inst|aux_tff'
 47. Fast 1200mV 0C Model Hold: 'divisor_de_frequencia:inst5|aux_tff'
 48. Fast 1200mV 0C Model Hold: 'divisor_de_frequencia:inst6|aux_tff'
 49. Fast 1200mV 0C Model Metastability Summary
 50. Multicorner Timing Analysis Summary
 51. Board Trace Model Assignments
 52. Input Transition Times
 53. Signal Integrity Metrics (Slow 1200mv 0c Model)
 54. Signal Integrity Metrics (Slow 1200mv 85c Model)
 55. Signal Integrity Metrics (Fast 1200mv 0c Model)
 56. Setup Transfers
 57. Hold Transfers
 58. Report TCCS
 59. Report RSKM
 60. Unconstrained Paths Summary
 61. Clock Status Summary
 62. Unconstrained Input Ports
 63. Unconstrained Output Ports
 64. Unconstrained Input Ports
 65. Unconstrained Output Ports
 66. Timing Analyzer Messages



----------------
; Legal Notice ;
----------------
Copyright (C) 2020  Intel Corporation. All rights reserved.
Your use of Intel Corporation's design tools, logic functions 
and other software and tools, and any partner logic 
functions, and any output files from any of the foregoing 
(including device programming or simulation files), and any 
associated documentation or information are expressly subject 
to the terms and conditions of the Intel Program License 
Subscription Agreement, the Intel Quartus Prime License Agreement,
the Intel FPGA IP License Agreement, or other applicable license
agreement, including, without limitation, that your use is for
the sole purpose of programming logic devices manufactured by
Intel and sold by Intel or its authorized distributors.  Please
refer to the applicable agreement for further details, at
https://fpgasoftware.intel.com/eula.



+-----------------------------------------------------------------------------+
; Timing Analyzer Summary                                                     ;
+-----------------------+-----------------------------------------------------+
; Quartus Prime Version ; Version 20.1.1 Build 720 11/11/2020 SJ Lite Edition ;
; Timing Analyzer       ; Legacy Timing Analyzer                              ;
; Revision Name         ; Projeto_02                                          ;
; Device Family         ; Cyclone IV E                                        ;
; Device Name           ; EP4CE6E22C8                                         ;
; Timing Models         ; Final                                               ;
; Delay Model           ; Combined                                            ;
; Rise/Fall Delays      ; Enabled                                             ;
+-----------------------+-----------------------------------------------------+


+------------------------------------------+
; Parallel Compilation                     ;
+----------------------------+-------------+
; Processors                 ; Number      ;
+----------------------------+-------------+
; Number detected on machine ; 8           ;
; Maximum allowed            ; 4           ;
;                            ;             ;
; Average used               ; 1.03        ;
; Maximum used               ; 4           ;
;                            ;             ;
; Usage by Processor         ; % Time Used ;
;     Processor 1            ; 100.0%      ;
;     Processor 2            ;   1.1%      ;
;     Processors 3-4         ;   1.0%      ;
+----------------------------+-------------+


+--------------------------------------------------------------------------------------------------------------------------------------------------------------------------------------------------------------------------------------------------------------------------------------------------------------+
; Clocks                                                                                                                                                                                                                                                                                                       ;
+-----------------------------------------------------------------------+------+--------+------------+-------+-------+------------+-----------+-------------+-------+--------+-----------+------------+----------+--------+--------+---------------------------------------------------------------------------+
; Clock Name                                                            ; Type ; Period ; Frequency  ; Rise  ; Fall  ; Duty Cycle ; Divide by ; Multiply by ; Phase ; Offset ; Edge List ; Edge Shift ; Inverted ; Master ; Source ; Targets                                                                   ;
+-----------------------------------------------------------------------+------+--------+------------+-------+-------+------------+-----------+-------------+-------+--------+-----------+------------+----------+--------+--------+---------------------------------------------------------------------------+
; clock                                                                 ; Base ; 1.000  ; 1000.0 MHz ; 0.000 ; 0.500 ;            ;           ;             ;       ;        ;           ;            ;          ;        ;        ; { clock }                                                                 ;
; divisor_de_frequencia:inst5|aux_tff                                   ; Base ; 1.000  ; 1000.0 MHz ; 0.000 ; 0.500 ;            ;           ;             ;       ;        ;           ;            ;          ;        ;        ; { divisor_de_frequencia:inst5|aux_tff }                                   ;
; divisor_de_frequencia:inst6|aux_tff                                   ; Base ; 1.000  ; 1000.0 MHz ; 0.000 ; 0.500 ;            ;           ;             ;       ;        ;           ;            ;          ;        ;        ; { divisor_de_frequencia:inst6|aux_tff }                                   ;
; Seletor_alimentacao_display:inst46|divisor_de_frequencia:inst|aux_tff ; Base ; 1.000  ; 1000.0 MHz ; 0.000 ; 0.500 ;            ;           ;             ;       ;        ;           ;            ;          ;        ;        ; { Seletor_alimentacao_display:inst46|divisor_de_frequencia:inst|aux_tff } ;
+-----------------------------------------------------------------------+------+--------+------------+-------+-------+------------+-----------+-------------+-------+--------+-----------+------------+----------+--------+--------+---------------------------------------------------------------------------+


+-------------------------------------------------------------------------------------------------------------------------------------------------------+
; Slow 1200mV 85C Model Fmax Summary                                                                                                                    ;
+------------+-----------------+-----------------------------------------------------------------------+------------------------------------------------+
; Fmax       ; Restricted Fmax ; Clock Name                                                            ; Note                                           ;
+------------+-----------------+-----------------------------------------------------------------------+------------------------------------------------+
; 180.08 MHz ; 180.08 MHz      ; divisor_de_frequencia:inst5|aux_tff                                   ;                                                ;
; 205.85 MHz ; 205.85 MHz      ; clock                                                                 ;                                                ;
; 564.97 MHz ; 402.09 MHz      ; divisor_de_frequencia:inst6|aux_tff                                   ; limit due to minimum period restriction (tmin) ;
; 999.0 MHz  ; 402.09 MHz      ; Seletor_alimentacao_display:inst46|divisor_de_frequencia:inst|aux_tff ; limit due to minimum period restriction (tmin) ;
+------------+-----------------+-----------------------------------------------------------------------+------------------------------------------------+
This panel reports FMAX for every clock in the design, regardless of the user-specified clock periods.  FMAX is only computed for paths where the source and destination registers or ports are driven by the same clock.  Paths of different clocks, including generated clocks, are ignored.  For paths between a clock and its inversion, FMAX is computed as if the rising and falling edges are scaled along with FMAX, such that the duty cycle (in terms of a percentage) is maintained. Altera recommends that you always use clock constraints and other slack reports for sign-off analysis.


----------------------------------
; Timing Closure Recommendations ;
----------------------------------
HTML report is unavailable in plain text report export.


+------------------------------------------------------------------------------------------------+
; Slow 1200mV 85C Model Setup Summary                                                            ;
+-----------------------------------------------------------------------+--------+---------------+
; Clock                                                                 ; Slack  ; End Point TNS ;
+-----------------------------------------------------------------------+--------+---------------+
; divisor_de_frequencia:inst5|aux_tff                                   ; -4.553 ; -67.737       ;
; clock                                                                 ; -3.971 ; -313.489      ;
; divisor_de_frequencia:inst6|aux_tff                                   ; -0.770 ; -4.516        ;
; Seletor_alimentacao_display:inst46|divisor_de_frequencia:inst|aux_tff ; -0.001 ; -0.001        ;
+-----------------------------------------------------------------------+--------+---------------+


+-----------------------------------------------------------------------------------------------+
; Slow 1200mV 85C Model Hold Summary                                                            ;
+-----------------------------------------------------------------------+-------+---------------+
; Clock                                                                 ; Slack ; End Point TNS ;
+-----------------------------------------------------------------------+-------+---------------+
; clock                                                                 ; 0.434 ; 0.000         ;
; divisor_de_frequencia:inst5|aux_tff                                   ; 0.453 ; 0.000         ;
; Seletor_alimentacao_display:inst46|divisor_de_frequencia:inst|aux_tff ; 0.454 ; 0.000         ;
; divisor_de_frequencia:inst6|aux_tff                                   ; 0.832 ; 0.000         ;
+-----------------------------------------------------------------------+-------+---------------+


------------------------------------------
; Slow 1200mV 85C Model Recovery Summary ;
------------------------------------------
No paths to report.


-----------------------------------------
; Slow 1200mV 85C Model Removal Summary ;
-----------------------------------------
No paths to report.


+------------------------------------------------------------------------------------------------+
; Slow 1200mV 85C Model Minimum Pulse Width Summary                                              ;
+-----------------------------------------------------------------------+--------+---------------+
; Clock                                                                 ; Slack  ; End Point TNS ;
+-----------------------------------------------------------------------+--------+---------------+
; clock                                                                 ; -3.000 ; -159.135      ;
; divisor_de_frequencia:inst5|aux_tff                                   ; -1.487 ; -25.279       ;
; divisor_de_frequencia:inst6|aux_tff                                   ; -1.487 ; -17.844       ;
; Seletor_alimentacao_display:inst46|divisor_de_frequencia:inst|aux_tff ; -1.487 ; -2.974        ;
+-----------------------------------------------------------------------+--------+---------------+


+---------------------------------------------------------------------------------------------------------------------------------------------------------------------------------------------------------------+
; Slow 1200mV 85C Model Setup: 'divisor_de_frequencia:inst5|aux_tff'                                                                                                                                            ;
+--------+----------------------------------------+----------------------------------------+-------------------------------------+-------------------------------------+--------------+------------+------------+
; Slack  ; From Node                              ; To Node                                ; Launch Clock                        ; Latch Clock                         ; Relationship ; Clock Skew ; Data Delay ;
+--------+----------------------------------------+----------------------------------------+-------------------------------------+-------------------------------------+--------------+------------+------------+
; -4.553 ; contador_de_decada:inst43|centena_q[1] ; contador_de_decada:inst43|unidade_q[1] ; divisor_de_frequencia:inst5|aux_tff ; divisor_de_frequencia:inst5|aux_tff ; 1.000        ; -0.083     ; 5.471      ;
; -4.549 ; contador_de_decada:inst43|centena_q[1] ; contador_de_decada:inst43|unidade_q[2] ; divisor_de_frequencia:inst5|aux_tff ; divisor_de_frequencia:inst5|aux_tff ; 1.000        ; -0.083     ; 5.467      ;
; -4.548 ; contador_de_decada:inst43|centena_q[1] ; contador_de_decada:inst43|unidade_q[3] ; divisor_de_frequencia:inst5|aux_tff ; divisor_de_frequencia:inst5|aux_tff ; 1.000        ; -0.083     ; 5.466      ;
; -4.455 ; contador_de_decada:inst43|dezena_q[1]  ; contador_de_decada:inst43|unidade_q[3] ; divisor_de_frequencia:inst5|aux_tff ; divisor_de_frequencia:inst5|aux_tff ; 1.000        ; -0.080     ; 5.376      ;
; -4.444 ; contador_de_decada:inst43|centena_q[0] ; contador_de_decada:inst43|unidade_q[1] ; divisor_de_frequencia:inst5|aux_tff ; divisor_de_frequencia:inst5|aux_tff ; 1.000        ; -0.083     ; 5.362      ;
; -4.442 ; contador_de_decada:inst43|unidade_q[2] ; contador_de_decada:inst43|unidade_q[1] ; divisor_de_frequencia:inst5|aux_tff ; divisor_de_frequencia:inst5|aux_tff ; 1.000        ; -0.081     ; 5.362      ;
; -4.442 ; contador_de_decada:inst43|centena_q[0] ; contador_de_decada:inst43|unidade_q[3] ; divisor_de_frequencia:inst5|aux_tff ; divisor_de_frequencia:inst5|aux_tff ; 1.000        ; -0.083     ; 5.360      ;
; -4.442 ; contador_de_decada:inst43|dezena_q[2]  ; contador_de_decada:inst43|unidade_q[3] ; divisor_de_frequencia:inst5|aux_tff ; divisor_de_frequencia:inst5|aux_tff ; 1.000        ; -0.080     ; 5.363      ;
; -4.440 ; contador_de_decada:inst43|centena_q[0] ; contador_de_decada:inst43|unidade_q[2] ; divisor_de_frequencia:inst5|aux_tff ; divisor_de_frequencia:inst5|aux_tff ; 1.000        ; -0.083     ; 5.358      ;
; -4.438 ; contador_de_decada:inst43|unidade_q[2] ; contador_de_decada:inst43|unidade_q[2] ; divisor_de_frequencia:inst5|aux_tff ; divisor_de_frequencia:inst5|aux_tff ; 1.000        ; -0.081     ; 5.358      ;
; -4.428 ; contador_de_decada:inst43|unidade_q[1] ; contador_de_decada:inst43|unidade_q[1] ; divisor_de_frequencia:inst5|aux_tff ; divisor_de_frequencia:inst5|aux_tff ; 1.000        ; -0.081     ; 5.348      ;
; -4.426 ; contador_de_decada:inst43|unidade_q[2] ; contador_de_decada:inst43|unidade_q[3] ; divisor_de_frequencia:inst5|aux_tff ; divisor_de_frequencia:inst5|aux_tff ; 1.000        ; -0.081     ; 5.346      ;
; -4.426 ; contador_de_decada:inst43|dezena_q[1]  ; contador_de_decada:inst43|unidade_q[1] ; divisor_de_frequencia:inst5|aux_tff ; divisor_de_frequencia:inst5|aux_tff ; 1.000        ; -0.080     ; 5.347      ;
; -4.424 ; contador_de_decada:inst43|unidade_q[1] ; contador_de_decada:inst43|unidade_q[2] ; divisor_de_frequencia:inst5|aux_tff ; divisor_de_frequencia:inst5|aux_tff ; 1.000        ; -0.081     ; 5.344      ;
; -4.422 ; contador_de_decada:inst43|dezena_q[1]  ; contador_de_decada:inst43|unidade_q[2] ; divisor_de_frequencia:inst5|aux_tff ; divisor_de_frequencia:inst5|aux_tff ; 1.000        ; -0.080     ; 5.343      ;
; -4.413 ; contador_de_decada:inst43|dezena_q[2]  ; contador_de_decada:inst43|unidade_q[1] ; divisor_de_frequencia:inst5|aux_tff ; divisor_de_frequencia:inst5|aux_tff ; 1.000        ; -0.080     ; 5.334      ;
; -4.412 ; contador_de_decada:inst43|unidade_q[1] ; contador_de_decada:inst43|unidade_q[3] ; divisor_de_frequencia:inst5|aux_tff ; divisor_de_frequencia:inst5|aux_tff ; 1.000        ; -0.081     ; 5.332      ;
; -4.409 ; contador_de_decada:inst43|dezena_q[2]  ; contador_de_decada:inst43|unidade_q[2] ; divisor_de_frequencia:inst5|aux_tff ; divisor_de_frequencia:inst5|aux_tff ; 1.000        ; -0.080     ; 5.330      ;
; -4.402 ; contador_de_decada:inst43|dezena_q[0]  ; contador_de_decada:inst43|unidade_q[1] ; divisor_de_frequencia:inst5|aux_tff ; divisor_de_frequencia:inst5|aux_tff ; 1.000        ; -0.080     ; 5.323      ;
; -4.398 ; contador_de_decada:inst43|dezena_q[0]  ; contador_de_decada:inst43|unidade_q[2] ; divisor_de_frequencia:inst5|aux_tff ; divisor_de_frequencia:inst5|aux_tff ; 1.000        ; -0.080     ; 5.319      ;
; -4.394 ; contador_de_decada:inst43|dezena_q[0]  ; contador_de_decada:inst43|unidade_q[3] ; divisor_de_frequencia:inst5|aux_tff ; divisor_de_frequencia:inst5|aux_tff ; 1.000        ; -0.080     ; 5.315      ;
; -4.285 ; contador_de_decada:inst43|centena_q[1] ; contador_de_decada:inst43|centena_q[1] ; divisor_de_frequencia:inst5|aux_tff ; divisor_de_frequencia:inst5|aux_tff ; 1.000        ; -0.080     ; 5.206      ;
; -4.284 ; contador_de_decada:inst43|centena_q[1] ; contador_de_decada:inst43|centena_q[3] ; divisor_de_frequencia:inst5|aux_tff ; divisor_de_frequencia:inst5|aux_tff ; 1.000        ; -0.080     ; 5.205      ;
; -4.283 ; contador_de_decada:inst43|centena_q[1] ; contador_de_decada:inst43|centena_q[2] ; divisor_de_frequencia:inst5|aux_tff ; divisor_de_frequencia:inst5|aux_tff ; 1.000        ; -0.080     ; 5.204      ;
; -4.280 ; contador_de_decada:inst43|unidade_q[0] ; contador_de_decada:inst43|unidade_q[3] ; divisor_de_frequencia:inst5|aux_tff ; divisor_de_frequencia:inst5|aux_tff ; 1.000        ; -0.081     ; 5.200      ;
; -4.256 ; contador_de_decada:inst43|milhar_q[3]  ; contador_de_decada:inst43|unidade_q[1] ; divisor_de_frequencia:inst5|aux_tff ; divisor_de_frequencia:inst5|aux_tff ; 1.000        ; -0.082     ; 5.175      ;
; -4.252 ; contador_de_decada:inst43|milhar_q[3]  ; contador_de_decada:inst43|unidade_q[2] ; divisor_de_frequencia:inst5|aux_tff ; divisor_de_frequencia:inst5|aux_tff ; 1.000        ; -0.082     ; 5.171      ;
; -4.251 ; contador_de_decada:inst43|unidade_q[0] ; contador_de_decada:inst43|unidade_q[1] ; divisor_de_frequencia:inst5|aux_tff ; divisor_de_frequencia:inst5|aux_tff ; 1.000        ; -0.081     ; 5.171      ;
; -4.250 ; contador_de_decada:inst43|unidade_q[3] ; contador_de_decada:inst43|unidade_q[3] ; divisor_de_frequencia:inst5|aux_tff ; divisor_de_frequencia:inst5|aux_tff ; 1.000        ; -0.081     ; 5.170      ;
; -4.247 ; contador_de_decada:inst43|centena_q[1] ; contador_de_decada:inst43|milhar_q[2]  ; divisor_de_frequencia:inst5|aux_tff ; divisor_de_frequencia:inst5|aux_tff ; 1.000        ; -0.082     ; 5.166      ;
; -4.247 ; contador_de_decada:inst43|unidade_q[0] ; contador_de_decada:inst43|unidade_q[2] ; divisor_de_frequencia:inst5|aux_tff ; divisor_de_frequencia:inst5|aux_tff ; 1.000        ; -0.081     ; 5.167      ;
; -4.243 ; contador_de_decada:inst43|centena_q[1] ; contador_de_decada:inst43|milhar_q[3]  ; divisor_de_frequencia:inst5|aux_tff ; divisor_de_frequencia:inst5|aux_tff ; 1.000        ; -0.082     ; 5.162      ;
; -4.242 ; contador_de_decada:inst43|centena_q[1] ; contador_de_decada:inst43|milhar_q[1]  ; divisor_de_frequencia:inst5|aux_tff ; divisor_de_frequencia:inst5|aux_tff ; 1.000        ; -0.082     ; 5.161      ;
; -4.240 ; contador_de_decada:inst43|milhar_q[3]  ; contador_de_decada:inst43|unidade_q[3] ; divisor_de_frequencia:inst5|aux_tff ; divisor_de_frequencia:inst5|aux_tff ; 1.000        ; -0.082     ; 5.159      ;
; -4.239 ; contador_de_decada:inst43|milhar_q[2]  ; contador_de_decada:inst43|unidade_q[1] ; divisor_de_frequencia:inst5|aux_tff ; divisor_de_frequencia:inst5|aux_tff ; 1.000        ; -0.082     ; 5.158      ;
; -4.235 ; contador_de_decada:inst43|milhar_q[2]  ; contador_de_decada:inst43|unidade_q[2] ; divisor_de_frequencia:inst5|aux_tff ; divisor_de_frequencia:inst5|aux_tff ; 1.000        ; -0.082     ; 5.154      ;
; -4.229 ; contador_de_decada:inst43|unidade_q[3] ; contador_de_decada:inst43|unidade_q[1] ; divisor_de_frequencia:inst5|aux_tff ; divisor_de_frequencia:inst5|aux_tff ; 1.000        ; -0.081     ; 5.149      ;
; -4.225 ; contador_de_decada:inst43|unidade_q[3] ; contador_de_decada:inst43|unidade_q[2] ; divisor_de_frequencia:inst5|aux_tff ; divisor_de_frequencia:inst5|aux_tff ; 1.000        ; -0.081     ; 5.145      ;
; -4.224 ; contador_de_decada:inst43|centena_q[1] ; contador_de_decada:inst43|dezena_q[2]  ; divisor_de_frequencia:inst5|aux_tff ; divisor_de_frequencia:inst5|aux_tff ; 1.000        ; -0.084     ; 5.141      ;
; -4.223 ; contador_de_decada:inst43|centena_q[1] ; contador_de_decada:inst43|dezena_q[3]  ; divisor_de_frequencia:inst5|aux_tff ; divisor_de_frequencia:inst5|aux_tff ; 1.000        ; -0.084     ; 5.140      ;
; -4.223 ; contador_de_decada:inst43|milhar_q[2]  ; contador_de_decada:inst43|unidade_q[3] ; divisor_de_frequencia:inst5|aux_tff ; divisor_de_frequencia:inst5|aux_tff ; 1.000        ; -0.082     ; 5.142      ;
; -4.222 ; contador_de_decada:inst43|centena_q[1] ; contador_de_decada:inst43|dezena_q[1]  ; divisor_de_frequencia:inst5|aux_tff ; divisor_de_frequencia:inst5|aux_tff ; 1.000        ; -0.084     ; 5.139      ;
; -4.197 ; contador_de_decada:inst43|centena_q[3] ; contador_de_decada:inst43|unidade_q[1] ; divisor_de_frequencia:inst5|aux_tff ; divisor_de_frequencia:inst5|aux_tff ; 1.000        ; -0.083     ; 5.115      ;
; -4.197 ; contador_de_decada:inst43|centena_q[2] ; contador_de_decada:inst43|unidade_q[1] ; divisor_de_frequencia:inst5|aux_tff ; divisor_de_frequencia:inst5|aux_tff ; 1.000        ; -0.083     ; 5.115      ;
; -4.193 ; contador_de_decada:inst43|centena_q[3] ; contador_de_decada:inst43|unidade_q[2] ; divisor_de_frequencia:inst5|aux_tff ; divisor_de_frequencia:inst5|aux_tff ; 1.000        ; -0.083     ; 5.111      ;
; -4.193 ; contador_de_decada:inst43|centena_q[2] ; contador_de_decada:inst43|unidade_q[2] ; divisor_de_frequencia:inst5|aux_tff ; divisor_de_frequencia:inst5|aux_tff ; 1.000        ; -0.083     ; 5.111      ;
; -4.192 ; contador_de_decada:inst43|dezena_q[1]  ; contador_de_decada:inst43|centena_q[1] ; divisor_de_frequencia:inst5|aux_tff ; divisor_de_frequencia:inst5|aux_tff ; 1.000        ; -0.077     ; 5.116      ;
; -4.191 ; contador_de_decada:inst43|dezena_q[1]  ; contador_de_decada:inst43|centena_q[3] ; divisor_de_frequencia:inst5|aux_tff ; divisor_de_frequencia:inst5|aux_tff ; 1.000        ; -0.077     ; 5.115      ;
; -4.190 ; contador_de_decada:inst43|dezena_q[1]  ; contador_de_decada:inst43|centena_q[2] ; divisor_de_frequencia:inst5|aux_tff ; divisor_de_frequencia:inst5|aux_tff ; 1.000        ; -0.077     ; 5.114      ;
; -4.181 ; contador_de_decada:inst43|centena_q[3] ; contador_de_decada:inst43|unidade_q[3] ; divisor_de_frequencia:inst5|aux_tff ; divisor_de_frequencia:inst5|aux_tff ; 1.000        ; -0.083     ; 5.099      ;
; -4.181 ; contador_de_decada:inst43|centena_q[2] ; contador_de_decada:inst43|unidade_q[3] ; divisor_de_frequencia:inst5|aux_tff ; divisor_de_frequencia:inst5|aux_tff ; 1.000        ; -0.083     ; 5.099      ;
; -4.179 ; contador_de_decada:inst43|centena_q[0] ; contador_de_decada:inst43|centena_q[1] ; divisor_de_frequencia:inst5|aux_tff ; divisor_de_frequencia:inst5|aux_tff ; 1.000        ; -0.080     ; 5.100      ;
; -4.179 ; contador_de_decada:inst43|dezena_q[2]  ; contador_de_decada:inst43|centena_q[1] ; divisor_de_frequencia:inst5|aux_tff ; divisor_de_frequencia:inst5|aux_tff ; 1.000        ; -0.077     ; 5.103      ;
; -4.178 ; contador_de_decada:inst43|centena_q[0] ; contador_de_decada:inst43|centena_q[3] ; divisor_de_frequencia:inst5|aux_tff ; divisor_de_frequencia:inst5|aux_tff ; 1.000        ; -0.080     ; 5.099      ;
; -4.178 ; contador_de_decada:inst43|dezena_q[2]  ; contador_de_decada:inst43|centena_q[3] ; divisor_de_frequencia:inst5|aux_tff ; divisor_de_frequencia:inst5|aux_tff ; 1.000        ; -0.077     ; 5.102      ;
; -4.177 ; contador_de_decada:inst43|centena_q[0] ; contador_de_decada:inst43|centena_q[2] ; divisor_de_frequencia:inst5|aux_tff ; divisor_de_frequencia:inst5|aux_tff ; 1.000        ; -0.080     ; 5.098      ;
; -4.177 ; contador_de_decada:inst43|dezena_q[2]  ; contador_de_decada:inst43|centena_q[2] ; divisor_de_frequencia:inst5|aux_tff ; divisor_de_frequencia:inst5|aux_tff ; 1.000        ; -0.077     ; 5.101      ;
; -4.149 ; contador_de_decada:inst43|dezena_q[1]  ; contador_de_decada:inst43|milhar_q[2]  ; divisor_de_frequencia:inst5|aux_tff ; divisor_de_frequencia:inst5|aux_tff ; 1.000        ; -0.079     ; 5.071      ;
; -4.145 ; contador_de_decada:inst43|dezena_q[1]  ; contador_de_decada:inst43|milhar_q[3]  ; divisor_de_frequencia:inst5|aux_tff ; divisor_de_frequencia:inst5|aux_tff ; 1.000        ; -0.079     ; 5.067      ;
; -4.145 ; contador_de_decada:inst43|dezena_q[1]  ; contador_de_decada:inst43|milhar_q[1]  ; divisor_de_frequencia:inst5|aux_tff ; divisor_de_frequencia:inst5|aux_tff ; 1.000        ; -0.079     ; 5.067      ;
; -4.140 ; contador_de_decada:inst43|dezena_q[3]  ; contador_de_decada:inst43|unidade_q[1] ; divisor_de_frequencia:inst5|aux_tff ; divisor_de_frequencia:inst5|aux_tff ; 1.000        ; -0.080     ; 5.061      ;
; -4.138 ; contador_de_decada:inst43|centena_q[0] ; contador_de_decada:inst43|milhar_q[2]  ; divisor_de_frequencia:inst5|aux_tff ; divisor_de_frequencia:inst5|aux_tff ; 1.000        ; -0.082     ; 5.057      ;
; -4.136 ; contador_de_decada:inst43|dezena_q[3]  ; contador_de_decada:inst43|unidade_q[2] ; divisor_de_frequencia:inst5|aux_tff ; divisor_de_frequencia:inst5|aux_tff ; 1.000        ; -0.080     ; 5.057      ;
; -4.136 ; contador_de_decada:inst43|unidade_q[2] ; contador_de_decada:inst43|centena_q[1] ; divisor_de_frequencia:inst5|aux_tff ; divisor_de_frequencia:inst5|aux_tff ; 1.000        ; -0.078     ; 5.059      ;
; -4.136 ; contador_de_decada:inst43|unidade_q[2] ; contador_de_decada:inst43|milhar_q[2]  ; divisor_de_frequencia:inst5|aux_tff ; divisor_de_frequencia:inst5|aux_tff ; 1.000        ; -0.080     ; 5.057      ;
; -4.136 ; contador_de_decada:inst43|dezena_q[2]  ; contador_de_decada:inst43|milhar_q[2]  ; divisor_de_frequencia:inst5|aux_tff ; divisor_de_frequencia:inst5|aux_tff ; 1.000        ; -0.079     ; 5.058      ;
; -4.135 ; contador_de_decada:inst43|unidade_q[2] ; contador_de_decada:inst43|centena_q[3] ; divisor_de_frequencia:inst5|aux_tff ; divisor_de_frequencia:inst5|aux_tff ; 1.000        ; -0.078     ; 5.058      ;
; -4.134 ; contador_de_decada:inst43|unidade_q[2] ; contador_de_decada:inst43|centena_q[2] ; divisor_de_frequencia:inst5|aux_tff ; divisor_de_frequencia:inst5|aux_tff ; 1.000        ; -0.078     ; 5.057      ;
; -4.134 ; contador_de_decada:inst43|centena_q[0] ; contador_de_decada:inst43|milhar_q[3]  ; divisor_de_frequencia:inst5|aux_tff ; divisor_de_frequencia:inst5|aux_tff ; 1.000        ; -0.082     ; 5.053      ;
; -4.133 ; contador_de_decada:inst43|centena_q[0] ; contador_de_decada:inst43|milhar_q[1]  ; divisor_de_frequencia:inst5|aux_tff ; divisor_de_frequencia:inst5|aux_tff ; 1.000        ; -0.082     ; 5.052      ;
; -4.132 ; contador_de_decada:inst43|unidade_q[2] ; contador_de_decada:inst43|milhar_q[3]  ; divisor_de_frequencia:inst5|aux_tff ; divisor_de_frequencia:inst5|aux_tff ; 1.000        ; -0.080     ; 5.053      ;
; -4.132 ; contador_de_decada:inst43|dezena_q[2]  ; contador_de_decada:inst43|milhar_q[3]  ; divisor_de_frequencia:inst5|aux_tff ; divisor_de_frequencia:inst5|aux_tff ; 1.000        ; -0.079     ; 5.054      ;
; -4.132 ; contador_de_decada:inst43|dezena_q[2]  ; contador_de_decada:inst43|milhar_q[1]  ; divisor_de_frequencia:inst5|aux_tff ; divisor_de_frequencia:inst5|aux_tff ; 1.000        ; -0.079     ; 5.054      ;
; -4.131 ; contador_de_decada:inst43|unidade_q[2] ; contador_de_decada:inst43|milhar_q[1]  ; divisor_de_frequencia:inst5|aux_tff ; divisor_de_frequencia:inst5|aux_tff ; 1.000        ; -0.080     ; 5.052      ;
; -4.131 ; contador_de_decada:inst43|dezena_q[0]  ; contador_de_decada:inst43|centena_q[1] ; divisor_de_frequencia:inst5|aux_tff ; divisor_de_frequencia:inst5|aux_tff ; 1.000        ; -0.077     ; 5.055      ;
; -4.130 ; contador_de_decada:inst43|dezena_q[0]  ; contador_de_decada:inst43|centena_q[3] ; divisor_de_frequencia:inst5|aux_tff ; divisor_de_frequencia:inst5|aux_tff ; 1.000        ; -0.077     ; 5.054      ;
; -4.129 ; contador_de_decada:inst43|dezena_q[0]  ; contador_de_decada:inst43|centena_q[2] ; divisor_de_frequencia:inst5|aux_tff ; divisor_de_frequencia:inst5|aux_tff ; 1.000        ; -0.077     ; 5.053      ;
; -4.126 ; contador_de_decada:inst43|unidade_q[1] ; contador_de_decada:inst43|centena_q[1] ; divisor_de_frequencia:inst5|aux_tff ; divisor_de_frequencia:inst5|aux_tff ; 1.000        ; -0.078     ; 5.049      ;
; -4.125 ; contador_de_decada:inst43|unidade_q[1] ; contador_de_decada:inst43|centena_q[3] ; divisor_de_frequencia:inst5|aux_tff ; divisor_de_frequencia:inst5|aux_tff ; 1.000        ; -0.078     ; 5.048      ;
; -4.124 ; contador_de_decada:inst43|dezena_q[3]  ; contador_de_decada:inst43|unidade_q[3] ; divisor_de_frequencia:inst5|aux_tff ; divisor_de_frequencia:inst5|aux_tff ; 1.000        ; -0.080     ; 5.045      ;
; -4.124 ; contador_de_decada:inst43|unidade_q[1] ; contador_de_decada:inst43|centena_q[2] ; divisor_de_frequencia:inst5|aux_tff ; divisor_de_frequencia:inst5|aux_tff ; 1.000        ; -0.078     ; 5.047      ;
; -4.122 ; contador_de_decada:inst43|unidade_q[1] ; contador_de_decada:inst43|milhar_q[2]  ; divisor_de_frequencia:inst5|aux_tff ; divisor_de_frequencia:inst5|aux_tff ; 1.000        ; -0.080     ; 5.043      ;
; -4.118 ; contador_de_decada:inst43|unidade_q[1] ; contador_de_decada:inst43|milhar_q[3]  ; divisor_de_frequencia:inst5|aux_tff ; divisor_de_frequencia:inst5|aux_tff ; 1.000        ; -0.080     ; 5.039      ;
; -4.117 ; contador_de_decada:inst43|unidade_q[1] ; contador_de_decada:inst43|milhar_q[1]  ; divisor_de_frequencia:inst5|aux_tff ; divisor_de_frequencia:inst5|aux_tff ; 1.000        ; -0.080     ; 5.038      ;
; -4.115 ; contador_de_decada:inst43|centena_q[0] ; contador_de_decada:inst43|dezena_q[2]  ; divisor_de_frequencia:inst5|aux_tff ; divisor_de_frequencia:inst5|aux_tff ; 1.000        ; -0.084     ; 5.032      ;
; -4.114 ; contador_de_decada:inst43|centena_q[0] ; contador_de_decada:inst43|dezena_q[3]  ; divisor_de_frequencia:inst5|aux_tff ; divisor_de_frequencia:inst5|aux_tff ; 1.000        ; -0.084     ; 5.031      ;
; -4.113 ; contador_de_decada:inst43|unidade_q[2] ; contador_de_decada:inst43|dezena_q[2]  ; divisor_de_frequencia:inst5|aux_tff ; divisor_de_frequencia:inst5|aux_tff ; 1.000        ; -0.082     ; 5.032      ;
; -4.113 ; contador_de_decada:inst43|centena_q[0] ; contador_de_decada:inst43|dezena_q[1]  ; divisor_de_frequencia:inst5|aux_tff ; divisor_de_frequencia:inst5|aux_tff ; 1.000        ; -0.084     ; 5.030      ;
; -4.112 ; contador_de_decada:inst43|unidade_q[2] ; contador_de_decada:inst43|dezena_q[3]  ; divisor_de_frequencia:inst5|aux_tff ; divisor_de_frequencia:inst5|aux_tff ; 1.000        ; -0.082     ; 5.031      ;
; -4.111 ; contador_de_decada:inst43|unidade_q[2] ; contador_de_decada:inst43|dezena_q[1]  ; divisor_de_frequencia:inst5|aux_tff ; divisor_de_frequencia:inst5|aux_tff ; 1.000        ; -0.082     ; 5.030      ;
; -4.099 ; contador_de_decada:inst43|unidade_q[1] ; contador_de_decada:inst43|dezena_q[2]  ; divisor_de_frequencia:inst5|aux_tff ; divisor_de_frequencia:inst5|aux_tff ; 1.000        ; -0.082     ; 5.018      ;
; -4.098 ; contador_de_decada:inst43|unidade_q[1] ; contador_de_decada:inst43|dezena_q[3]  ; divisor_de_frequencia:inst5|aux_tff ; divisor_de_frequencia:inst5|aux_tff ; 1.000        ; -0.082     ; 5.017      ;
; -4.097 ; contador_de_decada:inst43|unidade_q[1] ; contador_de_decada:inst43|dezena_q[1]  ; divisor_de_frequencia:inst5|aux_tff ; divisor_de_frequencia:inst5|aux_tff ; 1.000        ; -0.082     ; 5.016      ;
; -4.096 ; contador_de_decada:inst43|dezena_q[0]  ; contador_de_decada:inst43|milhar_q[2]  ; divisor_de_frequencia:inst5|aux_tff ; divisor_de_frequencia:inst5|aux_tff ; 1.000        ; -0.079     ; 5.018      ;
; -4.092 ; contador_de_decada:inst43|dezena_q[0]  ; contador_de_decada:inst43|milhar_q[3]  ; divisor_de_frequencia:inst5|aux_tff ; divisor_de_frequencia:inst5|aux_tff ; 1.000        ; -0.079     ; 5.014      ;
; -4.091 ; contador_de_decada:inst43|dezena_q[0]  ; contador_de_decada:inst43|milhar_q[1]  ; divisor_de_frequencia:inst5|aux_tff ; divisor_de_frequencia:inst5|aux_tff ; 1.000        ; -0.079     ; 5.013      ;
; -4.077 ; contador_de_decada:inst43|dezena_q[1]  ; contador_de_decada:inst43|dezena_q[2]  ; divisor_de_frequencia:inst5|aux_tff ; divisor_de_frequencia:inst5|aux_tff ; 1.000        ; -0.081     ; 4.997      ;
; -4.075 ; contador_de_decada:inst43|dezena_q[1]  ; contador_de_decada:inst43|dezena_q[3]  ; divisor_de_frequencia:inst5|aux_tff ; divisor_de_frequencia:inst5|aux_tff ; 1.000        ; -0.081     ; 4.995      ;
; -4.074 ; contador_de_decada:inst43|dezena_q[1]  ; contador_de_decada:inst43|dezena_q[1]  ; divisor_de_frequencia:inst5|aux_tff ; divisor_de_frequencia:inst5|aux_tff ; 1.000        ; -0.081     ; 4.994      ;
; -4.073 ; contador_4_bits_up_down:inst32|q[1]    ; contador_de_decada:inst43|unidade_q[1] ; clock                               ; divisor_de_frequencia:inst5|aux_tff ; 1.000        ; 0.531      ; 5.595      ;
+--------+----------------------------------------+----------------------------------------+-------------------------------------+-------------------------------------+--------------+------------+------------+


+---------------------------------------------------------------------------------------------------------------------------------------------------------------------------------------------------------------------------------------------------+
; Slow 1200mV 85C Model Setup: 'clock'                                                                                                                                                                                                              ;
+--------+----------------------------------------------------------------------+----------------------------------------------------------------------+-------------------------------------+-------------+--------------+------------+------------+
; Slack  ; From Node                                                            ; To Node                                                              ; Launch Clock                        ; Latch Clock ; Relationship ; Clock Skew ; Data Delay ;
+--------+----------------------------------------------------------------------+----------------------------------------------------------------------+-------------------------------------+-------------+--------------+------------+------------+
; -3.971 ; bloco_debounce:inst20|debounce:inst|ff3                              ; contador_4_bits_up_down:inst32|q[1]                                  ; divisor_de_frequencia:inst6|aux_tff ; clock       ; 1.000        ; -1.137     ; 3.825      ;
; -3.937 ; bloco_debounce:inst20|debounce:inst|ff3                              ; contador_4_bits_up_down:inst33|q[0]                                  ; divisor_de_frequencia:inst6|aux_tff ; clock       ; 1.000        ; -1.137     ; 3.791      ;
; -3.858 ; Seletor_alimentacao_display:inst46|divisor_de_frequencia:inst4|q[6]  ; Seletor_alimentacao_display:inst46|divisor_de_frequencia:inst4|q[1]  ; clock                               ; clock       ; 1.000        ; -0.573     ; 4.286      ;
; -3.858 ; Seletor_alimentacao_display:inst46|divisor_de_frequencia:inst4|q[6]  ; Seletor_alimentacao_display:inst46|divisor_de_frequencia:inst4|q[5]  ; clock                               ; clock       ; 1.000        ; -0.573     ; 4.286      ;
; -3.858 ; Seletor_alimentacao_display:inst46|divisor_de_frequencia:inst4|q[6]  ; Seletor_alimentacao_display:inst46|divisor_de_frequencia:inst4|q[7]  ; clock                               ; clock       ; 1.000        ; -0.573     ; 4.286      ;
; -3.858 ; Seletor_alimentacao_display:inst46|divisor_de_frequencia:inst4|q[6]  ; Seletor_alimentacao_display:inst46|divisor_de_frequencia:inst4|q[8]  ; clock                               ; clock       ; 1.000        ; -0.573     ; 4.286      ;
; -3.858 ; Seletor_alimentacao_display:inst46|divisor_de_frequencia:inst4|q[6]  ; Seletor_alimentacao_display:inst46|divisor_de_frequencia:inst4|q[9]  ; clock                               ; clock       ; 1.000        ; -0.573     ; 4.286      ;
; -3.858 ; Seletor_alimentacao_display:inst46|divisor_de_frequencia:inst4|q[6]  ; Seletor_alimentacao_display:inst46|divisor_de_frequencia:inst4|q[10] ; clock                               ; clock       ; 1.000        ; -0.573     ; 4.286      ;
; -3.858 ; Seletor_alimentacao_display:inst46|divisor_de_frequencia:inst4|q[6]  ; Seletor_alimentacao_display:inst46|divisor_de_frequencia:inst4|q[11] ; clock                               ; clock       ; 1.000        ; -0.573     ; 4.286      ;
; -3.858 ; Seletor_alimentacao_display:inst46|divisor_de_frequencia:inst4|q[6]  ; Seletor_alimentacao_display:inst46|divisor_de_frequencia:inst4|q[2]  ; clock                               ; clock       ; 1.000        ; -0.573     ; 4.286      ;
; -3.858 ; Seletor_alimentacao_display:inst46|divisor_de_frequencia:inst4|q[6]  ; Seletor_alimentacao_display:inst46|divisor_de_frequencia:inst4|q[3]  ; clock                               ; clock       ; 1.000        ; -0.573     ; 4.286      ;
; -3.858 ; Seletor_alimentacao_display:inst46|divisor_de_frequencia:inst4|q[6]  ; Seletor_alimentacao_display:inst46|divisor_de_frequencia:inst4|q[4]  ; clock                               ; clock       ; 1.000        ; -0.573     ; 4.286      ;
; -3.832 ; bloco_debounce:inst20|debounce:inst|ff3                              ; contador_4_bits_up_down:inst33|q[1]                                  ; divisor_de_frequencia:inst6|aux_tff ; clock       ; 1.000        ; -1.137     ; 3.686      ;
; -3.778 ; Seletor_alimentacao_display:inst46|divisor_de_frequencia:inst4|q[13] ; Seletor_alimentacao_display:inst46|divisor_de_frequencia:inst4|q[1]  ; clock                               ; clock       ; 1.000        ; -0.082     ; 4.697      ;
; -3.778 ; Seletor_alimentacao_display:inst46|divisor_de_frequencia:inst4|q[13] ; Seletor_alimentacao_display:inst46|divisor_de_frequencia:inst4|q[5]  ; clock                               ; clock       ; 1.000        ; -0.082     ; 4.697      ;
; -3.778 ; Seletor_alimentacao_display:inst46|divisor_de_frequencia:inst4|q[13] ; Seletor_alimentacao_display:inst46|divisor_de_frequencia:inst4|q[7]  ; clock                               ; clock       ; 1.000        ; -0.082     ; 4.697      ;
; -3.778 ; Seletor_alimentacao_display:inst46|divisor_de_frequencia:inst4|q[13] ; Seletor_alimentacao_display:inst46|divisor_de_frequencia:inst4|q[8]  ; clock                               ; clock       ; 1.000        ; -0.082     ; 4.697      ;
; -3.778 ; Seletor_alimentacao_display:inst46|divisor_de_frequencia:inst4|q[13] ; Seletor_alimentacao_display:inst46|divisor_de_frequencia:inst4|q[9]  ; clock                               ; clock       ; 1.000        ; -0.082     ; 4.697      ;
; -3.778 ; Seletor_alimentacao_display:inst46|divisor_de_frequencia:inst4|q[13] ; Seletor_alimentacao_display:inst46|divisor_de_frequencia:inst4|q[10] ; clock                               ; clock       ; 1.000        ; -0.082     ; 4.697      ;
; -3.778 ; Seletor_alimentacao_display:inst46|divisor_de_frequencia:inst4|q[13] ; Seletor_alimentacao_display:inst46|divisor_de_frequencia:inst4|q[11] ; clock                               ; clock       ; 1.000        ; -0.082     ; 4.697      ;
; -3.778 ; Seletor_alimentacao_display:inst46|divisor_de_frequencia:inst4|q[13] ; Seletor_alimentacao_display:inst46|divisor_de_frequencia:inst4|q[2]  ; clock                               ; clock       ; 1.000        ; -0.082     ; 4.697      ;
; -3.778 ; Seletor_alimentacao_display:inst46|divisor_de_frequencia:inst4|q[13] ; Seletor_alimentacao_display:inst46|divisor_de_frequencia:inst4|q[3]  ; clock                               ; clock       ; 1.000        ; -0.082     ; 4.697      ;
; -3.778 ; Seletor_alimentacao_display:inst46|divisor_de_frequencia:inst4|q[13] ; Seletor_alimentacao_display:inst46|divisor_de_frequencia:inst4|q[4]  ; clock                               ; clock       ; 1.000        ; -0.082     ; 4.697      ;
; -3.776 ; Seletor_alimentacao_display:inst46|divisor_de_frequencia:inst4|q[15] ; Seletor_alimentacao_display:inst46|divisor_de_frequencia:inst4|q[1]  ; clock                               ; clock       ; 1.000        ; -0.082     ; 4.695      ;
; -3.776 ; Seletor_alimentacao_display:inst46|divisor_de_frequencia:inst4|q[15] ; Seletor_alimentacao_display:inst46|divisor_de_frequencia:inst4|q[5]  ; clock                               ; clock       ; 1.000        ; -0.082     ; 4.695      ;
; -3.776 ; Seletor_alimentacao_display:inst46|divisor_de_frequencia:inst4|q[15] ; Seletor_alimentacao_display:inst46|divisor_de_frequencia:inst4|q[7]  ; clock                               ; clock       ; 1.000        ; -0.082     ; 4.695      ;
; -3.776 ; Seletor_alimentacao_display:inst46|divisor_de_frequencia:inst4|q[15] ; Seletor_alimentacao_display:inst46|divisor_de_frequencia:inst4|q[8]  ; clock                               ; clock       ; 1.000        ; -0.082     ; 4.695      ;
; -3.776 ; Seletor_alimentacao_display:inst46|divisor_de_frequencia:inst4|q[15] ; Seletor_alimentacao_display:inst46|divisor_de_frequencia:inst4|q[9]  ; clock                               ; clock       ; 1.000        ; -0.082     ; 4.695      ;
; -3.776 ; Seletor_alimentacao_display:inst46|divisor_de_frequencia:inst4|q[15] ; Seletor_alimentacao_display:inst46|divisor_de_frequencia:inst4|q[10] ; clock                               ; clock       ; 1.000        ; -0.082     ; 4.695      ;
; -3.776 ; Seletor_alimentacao_display:inst46|divisor_de_frequencia:inst4|q[15] ; Seletor_alimentacao_display:inst46|divisor_de_frequencia:inst4|q[11] ; clock                               ; clock       ; 1.000        ; -0.082     ; 4.695      ;
; -3.776 ; Seletor_alimentacao_display:inst46|divisor_de_frequencia:inst4|q[15] ; Seletor_alimentacao_display:inst46|divisor_de_frequencia:inst4|q[2]  ; clock                               ; clock       ; 1.000        ; -0.082     ; 4.695      ;
; -3.776 ; Seletor_alimentacao_display:inst46|divisor_de_frequencia:inst4|q[15] ; Seletor_alimentacao_display:inst46|divisor_de_frequencia:inst4|q[3]  ; clock                               ; clock       ; 1.000        ; -0.082     ; 4.695      ;
; -3.776 ; Seletor_alimentacao_display:inst46|divisor_de_frequencia:inst4|q[15] ; Seletor_alimentacao_display:inst46|divisor_de_frequencia:inst4|q[4]  ; clock                               ; clock       ; 1.000        ; -0.082     ; 4.695      ;
; -3.771 ; bloco_debounce:inst20|debounce:inst|ff3                              ; contador_4_bits_up_down:inst32|q[2]                                  ; divisor_de_frequencia:inst6|aux_tff ; clock       ; 1.000        ; -1.137     ; 3.625      ;
; -3.766 ; bloco_debounce:inst20|debounce:inst|ff3                              ; contador_4_bits_up_down:inst34|q[1]                                  ; divisor_de_frequencia:inst6|aux_tff ; clock       ; 1.000        ; -1.136     ; 3.621      ;
; -3.745 ; bloco_debounce:inst20|debounce:inst1|ff3                             ; contador_4_bits_up_down:inst33|q[3]                                  ; divisor_de_frequencia:inst6|aux_tff ; clock       ; 1.000        ; -1.142     ; 3.594      ;
; -3.729 ; bloco_debounce:inst20|debounce:inst1|ff3                             ; contador_4_bits_up_down:inst33|q[0]                                  ; divisor_de_frequencia:inst6|aux_tff ; clock       ; 1.000        ; -1.142     ; 3.578      ;
; -3.723 ; Seletor_alimentacao_display:inst46|divisor_de_frequencia:inst4|q[14] ; Seletor_alimentacao_display:inst46|divisor_de_frequencia:inst4|q[1]  ; clock                               ; clock       ; 1.000        ; -0.082     ; 4.642      ;
; -3.723 ; Seletor_alimentacao_display:inst46|divisor_de_frequencia:inst4|q[14] ; Seletor_alimentacao_display:inst46|divisor_de_frequencia:inst4|q[5]  ; clock                               ; clock       ; 1.000        ; -0.082     ; 4.642      ;
; -3.723 ; Seletor_alimentacao_display:inst46|divisor_de_frequencia:inst4|q[14] ; Seletor_alimentacao_display:inst46|divisor_de_frequencia:inst4|q[7]  ; clock                               ; clock       ; 1.000        ; -0.082     ; 4.642      ;
; -3.723 ; Seletor_alimentacao_display:inst46|divisor_de_frequencia:inst4|q[14] ; Seletor_alimentacao_display:inst46|divisor_de_frequencia:inst4|q[8]  ; clock                               ; clock       ; 1.000        ; -0.082     ; 4.642      ;
; -3.723 ; Seletor_alimentacao_display:inst46|divisor_de_frequencia:inst4|q[14] ; Seletor_alimentacao_display:inst46|divisor_de_frequencia:inst4|q[9]  ; clock                               ; clock       ; 1.000        ; -0.082     ; 4.642      ;
; -3.723 ; Seletor_alimentacao_display:inst46|divisor_de_frequencia:inst4|q[14] ; Seletor_alimentacao_display:inst46|divisor_de_frequencia:inst4|q[10] ; clock                               ; clock       ; 1.000        ; -0.082     ; 4.642      ;
; -3.723 ; Seletor_alimentacao_display:inst46|divisor_de_frequencia:inst4|q[14] ; Seletor_alimentacao_display:inst46|divisor_de_frequencia:inst4|q[11] ; clock                               ; clock       ; 1.000        ; -0.082     ; 4.642      ;
; -3.723 ; Seletor_alimentacao_display:inst46|divisor_de_frequencia:inst4|q[14] ; Seletor_alimentacao_display:inst46|divisor_de_frequencia:inst4|q[2]  ; clock                               ; clock       ; 1.000        ; -0.082     ; 4.642      ;
; -3.723 ; Seletor_alimentacao_display:inst46|divisor_de_frequencia:inst4|q[14] ; Seletor_alimentacao_display:inst46|divisor_de_frequencia:inst4|q[3]  ; clock                               ; clock       ; 1.000        ; -0.082     ; 4.642      ;
; -3.723 ; Seletor_alimentacao_display:inst46|divisor_de_frequencia:inst4|q[14] ; Seletor_alimentacao_display:inst46|divisor_de_frequencia:inst4|q[4]  ; clock                               ; clock       ; 1.000        ; -0.082     ; 4.642      ;
; -3.717 ; bloco_debounce:inst20|debounce:inst1|ff3                             ; contador_2_bits_up_down:inst24|q[0]                                  ; divisor_de_frequencia:inst6|aux_tff ; clock       ; 1.000        ; -1.142     ; 3.566      ;
; -3.673 ; contador_de_decada:inst43|dezena_q[1]                                ; contador_reset_2_bits_up_down:inst49|q[1]                            ; divisor_de_frequencia:inst5|aux_tff ; clock       ; 1.000        ; -0.782     ; 3.882      ;
; -3.667 ; bloco_debounce:inst20|debounce:inst1|ff3                             ; contador_4_bits_up_down:inst32|q[1]                                  ; divisor_de_frequencia:inst6|aux_tff ; clock       ; 1.000        ; -1.142     ; 3.516      ;
; -3.664 ; bloco_debounce:inst20|debounce:inst1|ff3                             ; contador_4_bits_up_down:inst34|q[3]                                  ; divisor_de_frequencia:inst6|aux_tff ; clock       ; 1.000        ; -1.140     ; 3.515      ;
; -3.660 ; contador_de_decada:inst43|dezena_q[2]                                ; contador_reset_2_bits_up_down:inst49|q[1]                            ; divisor_de_frequencia:inst5|aux_tff ; clock       ; 1.000        ; -0.782     ; 3.869      ;
; -3.628 ; Seletor_alimentacao_display:inst46|divisor_de_frequencia:inst6|q[6]  ; Seletor_alimentacao_display:inst46|divisor_de_frequencia:inst6|q[1]  ; clock                               ; clock       ; 1.000        ; -0.080     ; 4.549      ;
; -3.628 ; Seletor_alimentacao_display:inst46|divisor_de_frequencia:inst6|q[6]  ; Seletor_alimentacao_display:inst46|divisor_de_frequencia:inst6|q[2]  ; clock                               ; clock       ; 1.000        ; -0.080     ; 4.549      ;
; -3.628 ; Seletor_alimentacao_display:inst46|divisor_de_frequencia:inst6|q[6]  ; Seletor_alimentacao_display:inst46|divisor_de_frequencia:inst6|q[3]  ; clock                               ; clock       ; 1.000        ; -0.080     ; 4.549      ;
; -3.628 ; Seletor_alimentacao_display:inst46|divisor_de_frequencia:inst6|q[6]  ; Seletor_alimentacao_display:inst46|divisor_de_frequencia:inst6|q[4]  ; clock                               ; clock       ; 1.000        ; -0.080     ; 4.549      ;
; -3.628 ; Seletor_alimentacao_display:inst46|divisor_de_frequencia:inst6|q[6]  ; Seletor_alimentacao_display:inst46|divisor_de_frequencia:inst6|q[5]  ; clock                               ; clock       ; 1.000        ; -0.080     ; 4.549      ;
; -3.628 ; Seletor_alimentacao_display:inst46|divisor_de_frequencia:inst6|q[6]  ; Seletor_alimentacao_display:inst46|divisor_de_frequencia:inst6|q[6]  ; clock                               ; clock       ; 1.000        ; -0.080     ; 4.549      ;
; -3.628 ; Seletor_alimentacao_display:inst46|divisor_de_frequencia:inst6|q[6]  ; Seletor_alimentacao_display:inst46|divisor_de_frequencia:inst6|q[7]  ; clock                               ; clock       ; 1.000        ; -0.080     ; 4.549      ;
; -3.628 ; Seletor_alimentacao_display:inst46|divisor_de_frequencia:inst6|q[6]  ; Seletor_alimentacao_display:inst46|divisor_de_frequencia:inst6|q[8]  ; clock                               ; clock       ; 1.000        ; -0.080     ; 4.549      ;
; -3.628 ; Seletor_alimentacao_display:inst46|divisor_de_frequencia:inst6|q[6]  ; Seletor_alimentacao_display:inst46|divisor_de_frequencia:inst6|q[9]  ; clock                               ; clock       ; 1.000        ; -0.080     ; 4.549      ;
; -3.628 ; Seletor_alimentacao_display:inst46|divisor_de_frequencia:inst6|q[6]  ; Seletor_alimentacao_display:inst46|divisor_de_frequencia:inst6|q[10] ; clock                               ; clock       ; 1.000        ; -0.080     ; 4.549      ;
; -3.628 ; Seletor_alimentacao_display:inst46|divisor_de_frequencia:inst6|q[6]  ; Seletor_alimentacao_display:inst46|divisor_de_frequencia:inst6|q[11] ; clock                               ; clock       ; 1.000        ; -0.080     ; 4.549      ;
; -3.628 ; bloco_debounce:inst20|debounce:inst|ff3                              ; contador_4_bits_up_down:inst33|q[3]                                  ; divisor_de_frequencia:inst6|aux_tff ; clock       ; 1.000        ; -1.137     ; 3.482      ;
; -3.582 ; bloco_debounce:inst20|debounce:inst|ff3                              ; contador_4_bits_up_down:inst35|q[1]                                  ; divisor_de_frequencia:inst6|aux_tff ; clock       ; 1.000        ; -1.137     ; 3.436      ;
; -3.565 ; bloco_debounce:inst20|debounce:inst1|ff3                             ; contador_4_bits_up_down:inst32|q[3]                                  ; divisor_de_frequencia:inst6|aux_tff ; clock       ; 1.000        ; -1.142     ; 3.414      ;
; -3.564 ; contador_de_decada:inst43|centena_q[1]                               ; contador_reset_2_bits_up_down:inst49|q[1]                            ; divisor_de_frequencia:inst5|aux_tff ; clock       ; 1.000        ; -0.785     ; 3.770      ;
; -3.562 ; bloco_debounce:inst20|debounce:inst|ff3                              ; contador_4_bits_up_down:inst33|q[2]                                  ; divisor_de_frequencia:inst6|aux_tff ; clock       ; 1.000        ; -1.137     ; 3.416      ;
; -3.529 ; Seletor_alimentacao_display:inst46|divisor_de_frequencia:inst4|q[12] ; Seletor_alimentacao_display:inst46|divisor_de_frequencia:inst4|q[1]  ; clock                               ; clock       ; 1.000        ; -0.082     ; 4.448      ;
; -3.529 ; Seletor_alimentacao_display:inst46|divisor_de_frequencia:inst4|q[12] ; Seletor_alimentacao_display:inst46|divisor_de_frequencia:inst4|q[5]  ; clock                               ; clock       ; 1.000        ; -0.082     ; 4.448      ;
; -3.529 ; Seletor_alimentacao_display:inst46|divisor_de_frequencia:inst4|q[12] ; Seletor_alimentacao_display:inst46|divisor_de_frequencia:inst4|q[7]  ; clock                               ; clock       ; 1.000        ; -0.082     ; 4.448      ;
; -3.529 ; Seletor_alimentacao_display:inst46|divisor_de_frequencia:inst4|q[12] ; Seletor_alimentacao_display:inst46|divisor_de_frequencia:inst4|q[8]  ; clock                               ; clock       ; 1.000        ; -0.082     ; 4.448      ;
; -3.529 ; Seletor_alimentacao_display:inst46|divisor_de_frequencia:inst4|q[12] ; Seletor_alimentacao_display:inst46|divisor_de_frequencia:inst4|q[9]  ; clock                               ; clock       ; 1.000        ; -0.082     ; 4.448      ;
; -3.529 ; Seletor_alimentacao_display:inst46|divisor_de_frequencia:inst4|q[12] ; Seletor_alimentacao_display:inst46|divisor_de_frequencia:inst4|q[10] ; clock                               ; clock       ; 1.000        ; -0.082     ; 4.448      ;
; -3.529 ; Seletor_alimentacao_display:inst46|divisor_de_frequencia:inst4|q[12] ; Seletor_alimentacao_display:inst46|divisor_de_frequencia:inst4|q[11] ; clock                               ; clock       ; 1.000        ; -0.082     ; 4.448      ;
; -3.529 ; Seletor_alimentacao_display:inst46|divisor_de_frequencia:inst4|q[12] ; Seletor_alimentacao_display:inst46|divisor_de_frequencia:inst4|q[2]  ; clock                               ; clock       ; 1.000        ; -0.082     ; 4.448      ;
; -3.529 ; Seletor_alimentacao_display:inst46|divisor_de_frequencia:inst4|q[12] ; Seletor_alimentacao_display:inst46|divisor_de_frequencia:inst4|q[3]  ; clock                               ; clock       ; 1.000        ; -0.082     ; 4.448      ;
; -3.529 ; Seletor_alimentacao_display:inst46|divisor_de_frequencia:inst4|q[12] ; Seletor_alimentacao_display:inst46|divisor_de_frequencia:inst4|q[4]  ; clock                               ; clock       ; 1.000        ; -0.082     ; 4.448      ;
; -3.528 ; bloco_debounce:inst20|debounce:inst1|ff3                             ; contador_4_bits_up_down:inst33|q[1]                                  ; divisor_de_frequencia:inst6|aux_tff ; clock       ; 1.000        ; -1.142     ; 3.377      ;
; -3.516 ; bloco_debounce:inst20|debounce:inst1|ff3                             ; contador_4_bits_up_down:inst33|q[2]                                  ; divisor_de_frequencia:inst6|aux_tff ; clock       ; 1.000        ; -1.142     ; 3.365      ;
; -3.513 ; contador_de_decada:inst43|unidade_q[2]                               ; contador_reset_2_bits_up_down:inst49|q[1]                            ; divisor_de_frequencia:inst5|aux_tff ; clock       ; 1.000        ; -0.783     ; 3.721      ;
; -3.485 ; contador_de_decada:inst43|dezena_q[0]                                ; contador_reset_2_bits_up_down:inst49|q[1]                            ; divisor_de_frequencia:inst5|aux_tff ; clock       ; 1.000        ; -0.782     ; 3.694      ;
; -3.468 ; bloco_debounce:inst20|debounce:inst1|ff3                             ; contador_4_bits_up_down:inst34|q[2]                                  ; divisor_de_frequencia:inst6|aux_tff ; clock       ; 1.000        ; -1.140     ; 3.319      ;
; -3.467 ; bloco_debounce:inst20|debounce:inst1|ff3                             ; contador_4_bits_up_down:inst32|q[2]                                  ; divisor_de_frequencia:inst6|aux_tff ; clock       ; 1.000        ; -1.142     ; 3.316      ;
; -3.462 ; bloco_debounce:inst20|debounce:inst1|ff3                             ; contador_4_bits_up_down:inst34|q[1]                                  ; divisor_de_frequencia:inst6|aux_tff ; clock       ; 1.000        ; -1.141     ; 3.312      ;
; -3.458 ; contador_de_decada:inst43|centena_q[0]                               ; contador_reset_2_bits_up_down:inst49|q[1]                            ; divisor_de_frequencia:inst5|aux_tff ; clock       ; 1.000        ; -0.785     ; 3.664      ;
; -3.456 ; Seletor_alimentacao_display:inst46|divisor_de_frequencia:inst4|q[1]  ; Seletor_alimentacao_display:inst46|divisor_de_frequencia:inst4|q[1]  ; clock                               ; clock       ; 1.000        ; -0.081     ; 4.376      ;
; -3.456 ; Seletor_alimentacao_display:inst46|divisor_de_frequencia:inst4|q[1]  ; Seletor_alimentacao_display:inst46|divisor_de_frequencia:inst4|q[5]  ; clock                               ; clock       ; 1.000        ; -0.081     ; 4.376      ;
; -3.456 ; Seletor_alimentacao_display:inst46|divisor_de_frequencia:inst4|q[1]  ; Seletor_alimentacao_display:inst46|divisor_de_frequencia:inst4|q[7]  ; clock                               ; clock       ; 1.000        ; -0.081     ; 4.376      ;
; -3.456 ; Seletor_alimentacao_display:inst46|divisor_de_frequencia:inst4|q[1]  ; Seletor_alimentacao_display:inst46|divisor_de_frequencia:inst4|q[8]  ; clock                               ; clock       ; 1.000        ; -0.081     ; 4.376      ;
; -3.456 ; Seletor_alimentacao_display:inst46|divisor_de_frequencia:inst4|q[1]  ; Seletor_alimentacao_display:inst46|divisor_de_frequencia:inst4|q[9]  ; clock                               ; clock       ; 1.000        ; -0.081     ; 4.376      ;
; -3.456 ; Seletor_alimentacao_display:inst46|divisor_de_frequencia:inst4|q[1]  ; Seletor_alimentacao_display:inst46|divisor_de_frequencia:inst4|q[10] ; clock                               ; clock       ; 1.000        ; -0.081     ; 4.376      ;
; -3.456 ; Seletor_alimentacao_display:inst46|divisor_de_frequencia:inst4|q[1]  ; Seletor_alimentacao_display:inst46|divisor_de_frequencia:inst4|q[11] ; clock                               ; clock       ; 1.000        ; -0.081     ; 4.376      ;
; -3.456 ; Seletor_alimentacao_display:inst46|divisor_de_frequencia:inst4|q[1]  ; Seletor_alimentacao_display:inst46|divisor_de_frequencia:inst4|q[2]  ; clock                               ; clock       ; 1.000        ; -0.081     ; 4.376      ;
; -3.456 ; Seletor_alimentacao_display:inst46|divisor_de_frequencia:inst4|q[1]  ; Seletor_alimentacao_display:inst46|divisor_de_frequencia:inst4|q[3]  ; clock                               ; clock       ; 1.000        ; -0.081     ; 4.376      ;
; -3.456 ; Seletor_alimentacao_display:inst46|divisor_de_frequencia:inst4|q[1]  ; Seletor_alimentacao_display:inst46|divisor_de_frequencia:inst4|q[4]  ; clock                               ; clock       ; 1.000        ; -0.081     ; 4.376      ;
; -3.448 ; Seletor_alimentacao_display:inst46|divisor_de_frequencia:inst4|q[3]  ; Seletor_alimentacao_display:inst46|divisor_de_frequencia:inst4|q[1]  ; clock                               ; clock       ; 1.000        ; -0.081     ; 4.368      ;
; -3.448 ; Seletor_alimentacao_display:inst46|divisor_de_frequencia:inst4|q[3]  ; Seletor_alimentacao_display:inst46|divisor_de_frequencia:inst4|q[5]  ; clock                               ; clock       ; 1.000        ; -0.081     ; 4.368      ;
; -3.448 ; Seletor_alimentacao_display:inst46|divisor_de_frequencia:inst4|q[3]  ; Seletor_alimentacao_display:inst46|divisor_de_frequencia:inst4|q[7]  ; clock                               ; clock       ; 1.000        ; -0.081     ; 4.368      ;
; -3.448 ; Seletor_alimentacao_display:inst46|divisor_de_frequencia:inst4|q[3]  ; Seletor_alimentacao_display:inst46|divisor_de_frequencia:inst4|q[8]  ; clock                               ; clock       ; 1.000        ; -0.081     ; 4.368      ;
+--------+----------------------------------------------------------------------+----------------------------------------------------------------------+-------------------------------------+-------------+--------------+------------+------------+


+-------------------------------------------------------------------------------------------------------------------------------------------------------------------------------------------------------------------+
; Slow 1200mV 85C Model Setup: 'divisor_de_frequencia:inst6|aux_tff'                                                                                                                                                ;
+--------+------------------------------------------+------------------------------------------+-------------------------------------+-------------------------------------+--------------+------------+------------+
; Slack  ; From Node                                ; To Node                                  ; Launch Clock                        ; Latch Clock                         ; Relationship ; Clock Skew ; Data Delay ;
+--------+------------------------------------------+------------------------------------------+-------------------------------------+-------------------------------------+--------------+------------+------------+
; -0.770 ; bloco_debounce:inst20|debounce:inst3|ff1 ; bloco_debounce:inst20|debounce:inst3|ff3 ; divisor_de_frequencia:inst6|aux_tff ; divisor_de_frequencia:inst6|aux_tff ; 1.000        ; -0.080     ; 1.691      ;
; -0.770 ; bloco_debounce:inst20|debounce:inst1|ff1 ; bloco_debounce:inst20|debounce:inst1|ff3 ; divisor_de_frequencia:inst6|aux_tff ; divisor_de_frequencia:inst6|aux_tff ; 1.000        ; -0.081     ; 1.690      ;
; -0.769 ; bloco_debounce:inst20|debounce:inst|ff1  ; bloco_debounce:inst20|debounce:inst|ff3  ; divisor_de_frequencia:inst6|aux_tff ; divisor_de_frequencia:inst6|aux_tff ; 1.000        ; -0.080     ; 1.690      ;
; -0.768 ; bloco_debounce:inst20|debounce:inst2|ff1 ; bloco_debounce:inst20|debounce:inst2|ff3 ; divisor_de_frequencia:inst6|aux_tff ; divisor_de_frequencia:inst6|aux_tff ; 1.000        ; -0.080     ; 1.689      ;
; -0.410 ; bloco_debounce:inst20|debounce:inst2|ff3 ; bloco_debounce:inst20|debounce:inst2|ff3 ; divisor_de_frequencia:inst6|aux_tff ; divisor_de_frequencia:inst6|aux_tff ; 1.000        ; -0.080     ; 1.331      ;
; -0.409 ; bloco_debounce:inst20|debounce:inst1|ff3 ; bloco_debounce:inst20|debounce:inst1|ff3 ; divisor_de_frequencia:inst6|aux_tff ; divisor_de_frequencia:inst6|aux_tff ; 1.000        ; -0.081     ; 1.329      ;
; -0.398 ; bloco_debounce:inst20|debounce:inst3|ff3 ; bloco_debounce:inst20|debounce:inst3|ff3 ; divisor_de_frequencia:inst6|aux_tff ; divisor_de_frequencia:inst6|aux_tff ; 1.000        ; -0.080     ; 1.319      ;
; -0.387 ; bloco_debounce:inst20|debounce:inst|ff3  ; bloco_debounce:inst20|debounce:inst|ff3  ; divisor_de_frequencia:inst6|aux_tff ; divisor_de_frequencia:inst6|aux_tff ; 1.000        ; -0.080     ; 1.308      ;
; -0.364 ; bloco_debounce:inst20|debounce:inst1|ff1 ; bloco_debounce:inst20|debounce:inst1|ff2 ; divisor_de_frequencia:inst6|aux_tff ; divisor_de_frequencia:inst6|aux_tff ; 1.000        ; -0.081     ; 1.284      ;
; -0.361 ; bloco_debounce:inst20|debounce:inst3|ff1 ; bloco_debounce:inst20|debounce:inst3|ff2 ; divisor_de_frequencia:inst6|aux_tff ; divisor_de_frequencia:inst6|aux_tff ; 1.000        ; -0.080     ; 1.282      ;
; -0.359 ; bloco_debounce:inst20|debounce:inst|ff1  ; bloco_debounce:inst20|debounce:inst|ff2  ; divisor_de_frequencia:inst6|aux_tff ; divisor_de_frequencia:inst6|aux_tff ; 1.000        ; -0.080     ; 1.280      ;
; -0.355 ; bloco_debounce:inst20|debounce:inst2|ff1 ; bloco_debounce:inst20|debounce:inst2|ff2 ; divisor_de_frequencia:inst6|aux_tff ; divisor_de_frequencia:inst6|aux_tff ; 1.000        ; -0.080     ; 1.276      ;
; -0.319 ; bloco_debounce:inst20|debounce:inst3|ff2 ; bloco_debounce:inst20|debounce:inst3|ff3 ; divisor_de_frequencia:inst6|aux_tff ; divisor_de_frequencia:inst6|aux_tff ; 1.000        ; -0.080     ; 1.240      ;
; -0.319 ; bloco_debounce:inst20|debounce:inst|ff2  ; bloco_debounce:inst20|debounce:inst|ff3  ; divisor_de_frequencia:inst6|aux_tff ; divisor_de_frequencia:inst6|aux_tff ; 1.000        ; -0.080     ; 1.240      ;
; -0.318 ; bloco_debounce:inst20|debounce:inst2|ff2 ; bloco_debounce:inst20|debounce:inst2|ff3 ; divisor_de_frequencia:inst6|aux_tff ; divisor_de_frequencia:inst6|aux_tff ; 1.000        ; -0.080     ; 1.239      ;
; -0.317 ; bloco_debounce:inst20|debounce:inst1|ff2 ; bloco_debounce:inst20|debounce:inst1|ff3 ; divisor_de_frequencia:inst6|aux_tff ; divisor_de_frequencia:inst6|aux_tff ; 1.000        ; -0.081     ; 1.237      ;
+--------+------------------------------------------+------------------------------------------+-------------------------------------+-------------------------------------+--------------+------------+------------+


+---------------------------------------------------------------------------------------------------------------------------------------------------------------------------------------------------------------------------------------------------------------------------------------------------------------------------------+
; Slow 1200mV 85C Model Setup: 'Seletor_alimentacao_display:inst46|divisor_de_frequencia:inst|aux_tff'                                                                                                                                                                                                                            ;
+--------+---------------------------------------------------------------+---------------------------------------------------------------+-----------------------------------------------------------------------+-----------------------------------------------------------------------+--------------+------------+------------+
; Slack  ; From Node                                                     ; To Node                                                       ; Launch Clock                                                          ; Latch Clock                                                           ; Relationship ; Clock Skew ; Data Delay ;
+--------+---------------------------------------------------------------+---------------------------------------------------------------+-----------------------------------------------------------------------+-----------------------------------------------------------------------+--------------+------------+------------+
; -0.001 ; Seletor_alimentacao_display:inst46|contador_n_bits:inst1|q[0] ; Seletor_alimentacao_display:inst46|contador_n_bits:inst1|q[1] ; Seletor_alimentacao_display:inst46|divisor_de_frequencia:inst|aux_tff ; Seletor_alimentacao_display:inst46|divisor_de_frequencia:inst|aux_tff ; 1.000        ; -0.080     ; 0.922      ;
; 0.063  ; Seletor_alimentacao_display:inst46|contador_n_bits:inst1|q[0] ; Seletor_alimentacao_display:inst46|contador_n_bits:inst1|q[0] ; Seletor_alimentacao_display:inst46|divisor_de_frequencia:inst|aux_tff ; Seletor_alimentacao_display:inst46|divisor_de_frequencia:inst|aux_tff ; 1.000        ; -0.080     ; 0.858      ;
; 0.063  ; Seletor_alimentacao_display:inst46|contador_n_bits:inst1|q[1] ; Seletor_alimentacao_display:inst46|contador_n_bits:inst1|q[1] ; Seletor_alimentacao_display:inst46|divisor_de_frequencia:inst|aux_tff ; Seletor_alimentacao_display:inst46|divisor_de_frequencia:inst|aux_tff ; 1.000        ; -0.080     ; 0.858      ;
+--------+---------------------------------------------------------------+---------------------------------------------------------------+-----------------------------------------------------------------------+-----------------------------------------------------------------------+--------------+------------+------------+


+----------------------------------------------------------------------------------------------------------------------------------------------------------------------------------------------------------------------------------------------------------------------------------------+
; Slow 1200mV 85C Model Hold: 'clock'                                                                                                                                                                                                                                                    ;
+-------+------------------------------------------------------------------------+------------------------------------------------------------------------+-----------------------------------------------------------------------+-------------+--------------+------------+------------+
; Slack ; From Node                                                              ; To Node                                                                ; Launch Clock                                                          ; Latch Clock ; Relationship ; Clock Skew ; Data Delay ;
+-------+------------------------------------------------------------------------+------------------------------------------------------------------------+-----------------------------------------------------------------------+-------------+--------------+------------+------------+
; 0.434 ; controlador_pausa_reset:inst50|pausa_q                                 ; controlador_pausa_reset:inst50|pausa_q                                 ; clock                                                                 ; clock       ; 0.000        ; 0.100      ; 0.746      ;
; 0.434 ; contador_2_bits_habilitado:inst39|q[1]                                 ; contador_2_bits_habilitado:inst39|q[1]                                 ; clock                                                                 ; clock       ; 0.000        ; 0.100      ; 0.746      ;
; 0.448 ; Seletor_alimentacao_display:inst46|divisor_de_frequencia:inst|q[0]     ; Seletor_alimentacao_display:inst46|divisor_de_frequencia:inst|q[0]     ; clock                                                                 ; clock       ; 0.000        ; 0.098      ; 0.758      ;
; 0.453 ; teste_reset_latch:inst11|flag_q                                        ; teste_reset_latch:inst11|flag_q                                        ; clock                                                                 ; clock       ; 0.000        ; 0.081      ; 0.746      ;
; 0.453 ; contador_2_bits_up_down:inst24|q[0]                                    ; contador_2_bits_up_down:inst24|q[0]                                    ; clock                                                                 ; clock       ; 0.000        ; 0.081      ; 0.746      ;
; 0.453 ; Seletor_alimentacao_display:inst46|divisor_de_frequencia:inst4|aux_tff ; Seletor_alimentacao_display:inst46|divisor_de_frequencia:inst4|aux_tff ; clock                                                                 ; clock       ; 0.000        ; 0.081      ; 0.746      ;
; 0.453 ; contador_4_bits_up_down:inst34|q[0]                                    ; contador_4_bits_up_down:inst34|q[0]                                    ; clock                                                                 ; clock       ; 0.000        ; 0.081      ; 0.746      ;
; 0.453 ; contador_4_bits_up_down:inst34|q[1]                                    ; contador_4_bits_up_down:inst34|q[1]                                    ; clock                                                                 ; clock       ; 0.000        ; 0.081      ; 0.746      ;
; 0.453 ; decodificador_menu_digitos:inst37|aux_dig[4]                           ; decodificador_menu_digitos:inst37|aux_dig[4]                           ; clock                                                                 ; clock       ; 0.000        ; 0.081      ; 0.746      ;
; 0.453 ; flag_menu_visitado:inst41|comp_flag_q                                  ; flag_menu_visitado:inst41|comp_flag_q                                  ; clock                                                                 ; clock       ; 0.000        ; 0.081      ; 0.746      ;
; 0.453 ; decodificador_menu_digitos:inst37|aux_dig[2]                           ; decodificador_menu_digitos:inst37|aux_dig[2]                           ; clock                                                                 ; clock       ; 0.000        ; 0.081      ; 0.746      ;
; 0.453 ; contador_2_bits_habilitado:inst39|q[0]                                 ; contador_2_bits_habilitado:inst39|q[0]                                 ; clock                                                                 ; clock       ; 0.000        ; 0.081      ; 0.746      ;
; 0.454 ; Seletor_alimentacao_display:inst46|divisor_de_frequencia:inst6|aux_tff ; Seletor_alimentacao_display:inst46|divisor_de_frequencia:inst6|aux_tff ; clock                                                                 ; clock       ; 0.000        ; 0.080      ; 0.746      ;
; 0.454 ; contador_4_bits_up_down:inst35|q[0]                                    ; contador_4_bits_up_down:inst35|q[0]                                    ; clock                                                                 ; clock       ; 0.000        ; 0.080      ; 0.746      ;
; 0.454 ; contador_4_bits_up_down:inst33|q[0]                                    ; contador_4_bits_up_down:inst33|q[0]                                    ; clock                                                                 ; clock       ; 0.000        ; 0.080      ; 0.746      ;
; 0.454 ; contador_4_bits_up_down:inst33|q[1]                                    ; contador_4_bits_up_down:inst33|q[1]                                    ; clock                                                                 ; clock       ; 0.000        ; 0.080      ; 0.746      ;
; 0.454 ; contador_4_bits_up_down:inst32|q[0]                                    ; contador_4_bits_up_down:inst32|q[0]                                    ; clock                                                                 ; clock       ; 0.000        ; 0.080      ; 0.746      ;
; 0.465 ; Seletor_alimentacao_display:inst46|divisor_de_frequencia:inst4|q[0]    ; Seletor_alimentacao_display:inst46|divisor_de_frequencia:inst4|q[0]    ; clock                                                                 ; clock       ; 0.000        ; 0.081      ; 0.758      ;
; 0.466 ; Seletor_alimentacao_display:inst46|divisor_de_frequencia:inst6|q[0]    ; Seletor_alimentacao_display:inst46|divisor_de_frequencia:inst6|q[0]    ; clock                                                                 ; clock       ; 0.000        ; 0.080      ; 0.758      ;
; 0.492 ; Seletor_alimentacao_display:inst46|divisor_de_frequencia:inst|q[14]    ; Seletor_alimentacao_display:inst46|divisor_de_frequencia:inst|q[14]    ; clock                                                                 ; clock       ; 0.000        ; 0.080      ; 0.784      ;
; 0.493 ; Seletor_alimentacao_display:inst46|divisor_de_frequencia:inst6|q[22]   ; Seletor_alimentacao_display:inst46|divisor_de_frequencia:inst6|q[22]   ; clock                                                                 ; clock       ; 0.000        ; 0.080      ; 0.785      ;
; 0.617 ; Seletor_alimentacao_display:inst46|divisor_de_frequencia:inst4|q[5]    ; Seletor_alimentacao_display:inst46|divisor_de_frequencia:inst4|q[6]    ; clock                                                                 ; clock       ; 0.000        ; 0.573      ; 1.402      ;
; 0.655 ; divisor_de_frequencia:inst6|aux_tff                                    ; divisor_de_frequencia:inst6|aux_tff                                    ; divisor_de_frequencia:inst6|aux_tff                                   ; clock       ; 0.000        ; 2.592      ; 3.750      ;
; 0.702 ; divisor_de_frequencia:inst5|aux_tff                                    ; divisor_de_frequencia:inst5|aux_tff                                    ; divisor_de_frequencia:inst5|aux_tff                                   ; clock       ; 0.000        ; 2.592      ; 3.797      ;
; 0.738 ; Seletor_alimentacao_display:inst46|divisor_de_frequencia:inst4|q[4]    ; Seletor_alimentacao_display:inst46|divisor_de_frequencia:inst4|q[6]    ; clock                                                                 ; clock       ; 0.000        ; 0.573      ; 1.523      ;
; 0.744 ; Seletor_alimentacao_display:inst46|divisor_de_frequencia:inst4|q[8]    ; Seletor_alimentacao_display:inst46|divisor_de_frequencia:inst4|q[8]    ; clock                                                                 ; clock       ; 0.000        ; 0.081      ; 1.037      ;
; 0.744 ; Seletor_alimentacao_display:inst46|divisor_de_frequencia:inst4|q[10]   ; Seletor_alimentacao_display:inst46|divisor_de_frequencia:inst4|q[10]   ; clock                                                                 ; clock       ; 0.000        ; 0.081      ; 1.037      ;
; 0.744 ; Seletor_alimentacao_display:inst46|divisor_de_frequencia:inst4|q[11]   ; Seletor_alimentacao_display:inst46|divisor_de_frequencia:inst4|q[11]   ; clock                                                                 ; clock       ; 0.000        ; 0.081      ; 1.037      ;
; 0.744 ; Seletor_alimentacao_display:inst46|divisor_de_frequencia:inst4|q[2]    ; Seletor_alimentacao_display:inst46|divisor_de_frequencia:inst4|q[2]    ; clock                                                                 ; clock       ; 0.000        ; 0.081      ; 1.037      ;
; 0.744 ; Seletor_alimentacao_display:inst46|divisor_de_frequencia:inst6|q[10]   ; Seletor_alimentacao_display:inst46|divisor_de_frequencia:inst6|q[10]   ; clock                                                                 ; clock       ; 0.000        ; 0.080      ; 1.036      ;
; 0.744 ; Seletor_alimentacao_display:inst46|divisor_de_frequencia:inst4|q[6]    ; Seletor_alimentacao_display:inst46|divisor_de_frequencia:inst4|q[6]    ; clock                                                                 ; clock       ; 0.000        ; 0.100      ; 1.056      ;
; 0.745 ; Seletor_alimentacao_display:inst46|divisor_de_frequencia:inst4|q[7]    ; Seletor_alimentacao_display:inst46|divisor_de_frequencia:inst4|q[7]    ; clock                                                                 ; clock       ; 0.000        ; 0.081      ; 1.038      ;
; 0.745 ; Seletor_alimentacao_display:inst46|divisor_de_frequencia:inst4|q[9]    ; Seletor_alimentacao_display:inst46|divisor_de_frequencia:inst4|q[9]    ; clock                                                                 ; clock       ; 0.000        ; 0.081      ; 1.038      ;
; 0.745 ; Seletor_alimentacao_display:inst46|divisor_de_frequencia:inst4|q[4]    ; Seletor_alimentacao_display:inst46|divisor_de_frequencia:inst4|q[4]    ; clock                                                                 ; clock       ; 0.000        ; 0.081      ; 1.038      ;
; 0.745 ; Seletor_alimentacao_display:inst46|divisor_de_frequencia:inst6|q[9]    ; Seletor_alimentacao_display:inst46|divisor_de_frequencia:inst6|q[9]    ; clock                                                                 ; clock       ; 0.000        ; 0.080      ; 1.037      ;
; 0.745 ; Seletor_alimentacao_display:inst46|divisor_de_frequencia:inst6|q[11]   ; Seletor_alimentacao_display:inst46|divisor_de_frequencia:inst6|q[11]   ; clock                                                                 ; clock       ; 0.000        ; 0.080      ; 1.037      ;
; 0.745 ; Seletor_alimentacao_display:inst46|divisor_de_frequencia:inst6|q[12]   ; Seletor_alimentacao_display:inst46|divisor_de_frequencia:inst6|q[12]   ; clock                                                                 ; clock       ; 0.000        ; 0.080      ; 1.037      ;
; 0.745 ; Seletor_alimentacao_display:inst46|divisor_de_frequencia:inst6|q[14]   ; Seletor_alimentacao_display:inst46|divisor_de_frequencia:inst6|q[14]   ; clock                                                                 ; clock       ; 0.000        ; 0.080      ; 1.037      ;
; 0.746 ; Seletor_alimentacao_display:inst46|divisor_de_frequencia:inst|q[6]     ; Seletor_alimentacao_display:inst46|divisor_de_frequencia:inst|q[6]     ; clock                                                                 ; clock       ; 0.000        ; 0.080      ; 1.038      ;
; 0.746 ; Seletor_alimentacao_display:inst46|divisor_de_frequencia:inst6|q[2]    ; Seletor_alimentacao_display:inst46|divisor_de_frequencia:inst6|q[2]    ; clock                                                                 ; clock       ; 0.000        ; 0.080      ; 1.038      ;
; 0.746 ; Seletor_alimentacao_display:inst46|divisor_de_frequencia:inst6|q[4]    ; Seletor_alimentacao_display:inst46|divisor_de_frequencia:inst6|q[4]    ; clock                                                                 ; clock       ; 0.000        ; 0.080      ; 1.038      ;
; 0.746 ; Seletor_alimentacao_display:inst46|divisor_de_frequencia:inst6|q[7]    ; Seletor_alimentacao_display:inst46|divisor_de_frequencia:inst6|q[7]    ; clock                                                                 ; clock       ; 0.000        ; 0.080      ; 1.038      ;
; 0.746 ; Seletor_alimentacao_display:inst46|divisor_de_frequencia:inst6|q[8]    ; Seletor_alimentacao_display:inst46|divisor_de_frequencia:inst6|q[8]    ; clock                                                                 ; clock       ; 0.000        ; 0.080      ; 1.038      ;
; 0.746 ; Seletor_alimentacao_display:inst46|divisor_de_frequencia:inst6|q[16]   ; Seletor_alimentacao_display:inst46|divisor_de_frequencia:inst6|q[16]   ; clock                                                                 ; clock       ; 0.000        ; 0.080      ; 1.038      ;
; 0.746 ; Seletor_alimentacao_display:inst46|divisor_de_frequencia:inst6|q[18]   ; Seletor_alimentacao_display:inst46|divisor_de_frequencia:inst6|q[18]   ; clock                                                                 ; clock       ; 0.000        ; 0.080      ; 1.038      ;
; 0.747 ; Seletor_alimentacao_display:inst46|divisor_de_frequencia:inst|q[4]     ; Seletor_alimentacao_display:inst46|divisor_de_frequencia:inst|q[4]     ; clock                                                                 ; clock       ; 0.000        ; 0.080      ; 1.039      ;
; 0.747 ; Seletor_alimentacao_display:inst46|divisor_de_frequencia:inst4|q[22]   ; Seletor_alimentacao_display:inst46|divisor_de_frequencia:inst4|q[22]   ; clock                                                                 ; clock       ; 0.000        ; 0.081      ; 1.040      ;
; 0.747 ; Seletor_alimentacao_display:inst46|divisor_de_frequencia:inst4|q[3]    ; Seletor_alimentacao_display:inst46|divisor_de_frequencia:inst4|q[3]    ; clock                                                                 ; clock       ; 0.000        ; 0.081      ; 1.040      ;
; 0.747 ; Seletor_alimentacao_display:inst46|divisor_de_frequencia:inst6|q[13]   ; Seletor_alimentacao_display:inst46|divisor_de_frequencia:inst6|q[13]   ; clock                                                                 ; clock       ; 0.000        ; 0.080      ; 1.039      ;
; 0.747 ; Seletor_alimentacao_display:inst46|divisor_de_frequencia:inst6|q[15]   ; Seletor_alimentacao_display:inst46|divisor_de_frequencia:inst6|q[15]   ; clock                                                                 ; clock       ; 0.000        ; 0.080      ; 1.039      ;
; 0.748 ; Seletor_alimentacao_display:inst46|divisor_de_frequencia:inst|q[5]     ; Seletor_alimentacao_display:inst46|divisor_de_frequencia:inst|q[5]     ; clock                                                                 ; clock       ; 0.000        ; 0.080      ; 1.040      ;
; 0.748 ; Seletor_alimentacao_display:inst46|divisor_de_frequencia:inst|q[12]    ; Seletor_alimentacao_display:inst46|divisor_de_frequencia:inst|q[12]    ; clock                                                                 ; clock       ; 0.000        ; 0.080      ; 1.040      ;
; 0.748 ; Seletor_alimentacao_display:inst46|divisor_de_frequencia:inst|q[13]    ; Seletor_alimentacao_display:inst46|divisor_de_frequencia:inst|q[13]    ; clock                                                                 ; clock       ; 0.000        ; 0.080      ; 1.040      ;
; 0.748 ; Seletor_alimentacao_display:inst46|divisor_de_frequencia:inst4|q[5]    ; Seletor_alimentacao_display:inst46|divisor_de_frequencia:inst4|q[5]    ; clock                                                                 ; clock       ; 0.000        ; 0.081      ; 1.041      ;
; 0.748 ; Seletor_alimentacao_display:inst46|divisor_de_frequencia:inst6|q[20]   ; Seletor_alimentacao_display:inst46|divisor_de_frequencia:inst6|q[20]   ; clock                                                                 ; clock       ; 0.000        ; 0.080      ; 1.040      ;
; 0.748 ; Seletor_alimentacao_display:inst46|divisor_de_frequencia:inst6|q[17]   ; Seletor_alimentacao_display:inst46|divisor_de_frequencia:inst6|q[17]   ; clock                                                                 ; clock       ; 0.000        ; 0.080      ; 1.040      ;
; 0.749 ; Seletor_alimentacao_display:inst46|divisor_de_frequencia:inst4|q[21]   ; Seletor_alimentacao_display:inst46|divisor_de_frequencia:inst4|q[21]   ; clock                                                                 ; clock       ; 0.000        ; 0.081      ; 1.042      ;
; 0.749 ; Seletor_alimentacao_display:inst46|divisor_de_frequencia:inst4|q[23]   ; Seletor_alimentacao_display:inst46|divisor_de_frequencia:inst4|q[23]   ; clock                                                                 ; clock       ; 0.000        ; 0.081      ; 1.042      ;
; 0.749 ; Seletor_alimentacao_display:inst46|divisor_de_frequencia:inst6|q[3]    ; Seletor_alimentacao_display:inst46|divisor_de_frequencia:inst6|q[3]    ; clock                                                                 ; clock       ; 0.000        ; 0.080      ; 1.041      ;
; 0.749 ; Seletor_alimentacao_display:inst46|divisor_de_frequencia:inst6|q[5]    ; Seletor_alimentacao_display:inst46|divisor_de_frequencia:inst6|q[5]    ; clock                                                                 ; clock       ; 0.000        ; 0.080      ; 1.041      ;
; 0.750 ; Seletor_alimentacao_display:inst46|divisor_de_frequencia:inst|q[7]     ; Seletor_alimentacao_display:inst46|divisor_de_frequencia:inst|q[7]     ; clock                                                                 ; clock       ; 0.000        ; 0.080      ; 1.042      ;
; 0.750 ; Seletor_alimentacao_display:inst46|divisor_de_frequencia:inst6|q[19]   ; Seletor_alimentacao_display:inst46|divisor_de_frequencia:inst6|q[19]   ; clock                                                                 ; clock       ; 0.000        ; 0.080      ; 1.042      ;
; 0.756 ; Seletor_alimentacao_display:inst46|divisor_de_frequencia:inst4|q[3]    ; Seletor_alimentacao_display:inst46|divisor_de_frequencia:inst4|q[6]    ; clock                                                                 ; clock       ; 0.000        ; 0.573      ; 1.541      ;
; 0.762 ; Seletor_alimentacao_display:inst46|divisor_de_frequencia:inst4|q[18]   ; Seletor_alimentacao_display:inst46|divisor_de_frequencia:inst4|q[18]   ; clock                                                                 ; clock       ; 0.000        ; 0.081      ; 1.055      ;
; 0.763 ; Seletor_alimentacao_display:inst46|divisor_de_frequencia:inst|q[2]     ; Seletor_alimentacao_display:inst46|divisor_de_frequencia:inst|q[2]     ; clock                                                                 ; clock       ; 0.000        ; 0.080      ; 1.055      ;
; 0.763 ; Seletor_alimentacao_display:inst46|divisor_de_frequencia:inst4|q[16]   ; Seletor_alimentacao_display:inst46|divisor_de_frequencia:inst4|q[16]   ; clock                                                                 ; clock       ; 0.000        ; 0.081      ; 1.056      ;
; 0.764 ; Seletor_alimentacao_display:inst46|divisor_de_frequencia:inst|q[3]     ; Seletor_alimentacao_display:inst46|divisor_de_frequencia:inst|q[3]     ; clock                                                                 ; clock       ; 0.000        ; 0.080      ; 1.056      ;
; 0.764 ; Seletor_alimentacao_display:inst46|divisor_de_frequencia:inst4|q[17]   ; Seletor_alimentacao_display:inst46|divisor_de_frequencia:inst4|q[17]   ; clock                                                                 ; clock       ; 0.000        ; 0.081      ; 1.057      ;
; 0.764 ; Seletor_alimentacao_display:inst46|divisor_de_frequencia:inst4|q[20]   ; Seletor_alimentacao_display:inst46|divisor_de_frequencia:inst4|q[20]   ; clock                                                                 ; clock       ; 0.000        ; 0.081      ; 1.057      ;
; 0.764 ; Seletor_alimentacao_display:inst46|divisor_de_frequencia:inst6|q[6]    ; Seletor_alimentacao_display:inst46|divisor_de_frequencia:inst6|q[6]    ; clock                                                                 ; clock       ; 0.000        ; 0.080      ; 1.056      ;
; 0.765 ; Seletor_alimentacao_display:inst46|divisor_de_frequencia:inst|q[8]     ; Seletor_alimentacao_display:inst46|divisor_de_frequencia:inst|q[8]     ; clock                                                                 ; clock       ; 0.000        ; 0.080      ; 1.057      ;
; 0.765 ; Seletor_alimentacao_display:inst46|divisor_de_frequencia:inst|q[10]    ; Seletor_alimentacao_display:inst46|divisor_de_frequencia:inst|q[10]    ; clock                                                                 ; clock       ; 0.000        ; 0.080      ; 1.057      ;
; 0.765 ; Seletor_alimentacao_display:inst46|divisor_de_frequencia:inst|q[11]    ; Seletor_alimentacao_display:inst46|divisor_de_frequencia:inst|q[11]    ; clock                                                                 ; clock       ; 0.000        ; 0.080      ; 1.057      ;
; 0.765 ; Seletor_alimentacao_display:inst46|divisor_de_frequencia:inst4|q[1]    ; Seletor_alimentacao_display:inst46|divisor_de_frequencia:inst4|q[1]    ; clock                                                                 ; clock       ; 0.000        ; 0.081      ; 1.058      ;
; 0.765 ; Seletor_alimentacao_display:inst46|divisor_de_frequencia:inst4|q[0]    ; Seletor_alimentacao_display:inst46|divisor_de_frequencia:inst4|q[1]    ; clock                                                                 ; clock       ; 0.000        ; 0.081      ; 1.058      ;
; 0.766 ; Seletor_alimentacao_display:inst46|divisor_de_frequencia:inst4|q[19]   ; Seletor_alimentacao_display:inst46|divisor_de_frequencia:inst4|q[19]   ; clock                                                                 ; clock       ; 0.000        ; 0.081      ; 1.059      ;
; 0.766 ; Seletor_alimentacao_display:inst46|divisor_de_frequencia:inst6|q[1]    ; Seletor_alimentacao_display:inst46|divisor_de_frequencia:inst6|q[1]    ; clock                                                                 ; clock       ; 0.000        ; 0.080      ; 1.058      ;
; 0.766 ; Seletor_alimentacao_display:inst46|divisor_de_frequencia:inst6|q[0]    ; Seletor_alimentacao_display:inst46|divisor_de_frequencia:inst6|q[1]    ; clock                                                                 ; clock       ; 0.000        ; 0.080      ; 1.058      ;
; 0.767 ; Seletor_alimentacao_display:inst46|divisor_de_frequencia:inst|q[9]     ; Seletor_alimentacao_display:inst46|divisor_de_frequencia:inst|q[9]     ; clock                                                                 ; clock       ; 0.000        ; 0.080      ; 1.059      ;
; 0.767 ; Seletor_alimentacao_display:inst46|divisor_de_frequencia:inst6|q[21]   ; Seletor_alimentacao_display:inst46|divisor_de_frequencia:inst6|q[21]   ; clock                                                                 ; clock       ; 0.000        ; 0.080      ; 1.059      ;
; 0.783 ; Seletor_alimentacao_display:inst46|divisor_de_frequencia:inst|q[1]     ; Seletor_alimentacao_display:inst46|divisor_de_frequencia:inst|q[1]     ; clock                                                                 ; clock       ; 0.000        ; 0.080      ; 1.075      ;
; 0.791 ; decodificador_menu_digitos:inst37|digsel_q[4]                          ; contador_4_bits_up_down:inst35|q[0]                                    ; clock                                                                 ; clock       ; 0.000        ; 0.080      ; 1.083      ;
; 0.867 ; contador_2_bits_habilitado:inst39|btn1_reg                             ; controlador_pausa_reset:inst50|pausa_q                                 ; clock                                                                 ; clock       ; 0.000        ; 0.575      ; 1.654      ;
; 0.878 ; Seletor_alimentacao_display:inst46|divisor_de_frequencia:inst4|q[2]    ; Seletor_alimentacao_display:inst46|divisor_de_frequencia:inst4|q[6]    ; clock                                                                 ; clock       ; 0.000        ; 0.573      ; 1.663      ;
; 0.895 ; Seletor_alimentacao_display:inst46|divisor_de_frequencia:inst4|q[1]    ; Seletor_alimentacao_display:inst46|divisor_de_frequencia:inst4|q[6]    ; clock                                                                 ; clock       ; 0.000        ; 0.573      ; 1.680      ;
; 0.896 ; Seletor_alimentacao_display:inst46|divisor_de_frequencia:inst4|q[0]    ; Seletor_alimentacao_display:inst46|divisor_de_frequencia:inst4|q[6]    ; clock                                                                 ; clock       ; 0.000        ; 0.573      ; 1.681      ;
; 0.941 ; decodificador_menu_digitos:inst37|aux_dig[2]                           ; decodificador_menu_digitos:inst37|digsel_q[2]                          ; clock                                                                 ; clock       ; 0.000        ; 0.081      ; 1.234      ;
; 0.955 ; Seletor_alimentacao_display:inst46|divisor_de_frequencia:inst4|q[14]   ; Seletor_alimentacao_display:inst46|divisor_de_frequencia:inst4|q[14]   ; clock                                                                 ; clock       ; 0.000        ; 0.081      ; 1.248      ;
; 0.956 ; Seletor_alimentacao_display:inst46|divisor_de_frequencia:inst|aux_tff  ; Seletor_alimentacao_display:inst46|divisor_de_frequencia:inst|aux_tff  ; Seletor_alimentacao_display:inst46|divisor_de_frequencia:inst|aux_tff ; clock       ; 0.000        ; 2.592      ; 4.051      ;
; 0.967 ; Seletor_alimentacao_display:inst46|divisor_de_frequencia:inst4|q[15]   ; Seletor_alimentacao_display:inst46|divisor_de_frequencia:inst4|q[15]   ; clock                                                                 ; clock       ; 0.000        ; 0.081      ; 1.260      ;
; 0.968 ; Seletor_alimentacao_display:inst46|divisor_de_frequencia:inst4|q[13]   ; Seletor_alimentacao_display:inst46|divisor_de_frequencia:inst4|q[13]   ; clock                                                                 ; clock       ; 0.000        ; 0.081      ; 1.261      ;
; 1.018 ; Seletor_alimentacao_display:inst46|divisor_de_frequencia:inst4|q[12]   ; Seletor_alimentacao_display:inst46|divisor_de_frequencia:inst4|q[12]   ; clock                                                                 ; clock       ; 0.000        ; 0.081      ; 1.311      ;
; 1.048 ; decodificador_menu_digitos:inst37|aux_dig[1]                           ; decodificador_menu_digitos:inst37|digsel_q[1]                          ; clock                                                                 ; clock       ; 0.000        ; 0.081      ; 1.341      ;
; 1.080 ; contador_4_bits_up_down:inst33|q[0]                                    ; contador_4_bits_up_down:inst33|q[1]                                    ; clock                                                                 ; clock       ; 0.000        ; 0.080      ; 1.372      ;
; 1.098 ; Seletor_alimentacao_display:inst46|divisor_de_frequencia:inst4|q[10]   ; Seletor_alimentacao_display:inst46|divisor_de_frequencia:inst4|q[11]   ; clock                                                                 ; clock       ; 0.000        ; 0.081      ; 1.391      ;
; 1.098 ; Seletor_alimentacao_display:inst46|divisor_de_frequencia:inst4|q[8]    ; Seletor_alimentacao_display:inst46|divisor_de_frequencia:inst4|q[9]    ; clock                                                                 ; clock       ; 0.000        ; 0.081      ; 1.391      ;
; 1.098 ; Seletor_alimentacao_display:inst46|divisor_de_frequencia:inst6|q[10]   ; Seletor_alimentacao_display:inst46|divisor_de_frequencia:inst6|q[11]   ; clock                                                                 ; clock       ; 0.000        ; 0.080      ; 1.390      ;
; 1.099 ; Seletor_alimentacao_display:inst46|divisor_de_frequencia:inst4|q[2]    ; Seletor_alimentacao_display:inst46|divisor_de_frequencia:inst4|q[3]    ; clock                                                                 ; clock       ; 0.000        ; 0.081      ; 1.392      ;
; 1.099 ; Seletor_alimentacao_display:inst46|divisor_de_frequencia:inst6|q[12]   ; Seletor_alimentacao_display:inst46|divisor_de_frequencia:inst6|q[13]   ; clock                                                                 ; clock       ; 0.000        ; 0.080      ; 1.391      ;
; 1.099 ; Seletor_alimentacao_display:inst46|divisor_de_frequencia:inst6|q[14]   ; Seletor_alimentacao_display:inst46|divisor_de_frequencia:inst6|q[15]   ; clock                                                                 ; clock       ; 0.000        ; 0.080      ; 1.391      ;
+-------+------------------------------------------------------------------------+------------------------------------------------------------------------+-----------------------------------------------------------------------+-------------+--------------+------------+------------+


+------------------------------------------------------------------------------------------------------------------------------------------------------------------------------------------------------------------+
; Slow 1200mV 85C Model Hold: 'divisor_de_frequencia:inst5|aux_tff'                                                                                                                                                ;
+-------+--------------------------------------------+----------------------------------------+-------------------------------------+-------------------------------------+--------------+------------+------------+
; Slack ; From Node                                  ; To Node                                ; Launch Clock                        ; Latch Clock                         ; Relationship ; Clock Skew ; Data Delay ;
+-------+--------------------------------------------+----------------------------------------+-------------------------------------+-------------------------------------+--------------+------------+------------+
; 0.453 ; contador_de_decada:inst43|unidade_q[3]     ; contador_de_decada:inst43|unidade_q[3] ; divisor_de_frequencia:inst5|aux_tff ; divisor_de_frequencia:inst5|aux_tff ; 0.000        ; 0.081      ; 0.746      ;
; 0.453 ; contador_de_decada:inst43|unidade_q[1]     ; contador_de_decada:inst43|unidade_q[1] ; divisor_de_frequencia:inst5|aux_tff ; divisor_de_frequencia:inst5|aux_tff ; 0.000        ; 0.081      ; 0.746      ;
; 0.453 ; contador_de_decada:inst43|unidade_q[2]     ; contador_de_decada:inst43|unidade_q[2] ; divisor_de_frequencia:inst5|aux_tff ; divisor_de_frequencia:inst5|aux_tff ; 0.000        ; 0.081      ; 0.746      ;
; 0.453 ; contador_de_decada:inst43|milhar_q[3]      ; contador_de_decada:inst43|milhar_q[3]  ; divisor_de_frequencia:inst5|aux_tff ; divisor_de_frequencia:inst5|aux_tff ; 0.000        ; 0.081      ; 0.746      ;
; 0.453 ; contador_de_decada:inst43|milhar_q[2]      ; contador_de_decada:inst43|milhar_q[2]  ; divisor_de_frequencia:inst5|aux_tff ; divisor_de_frequencia:inst5|aux_tff ; 0.000        ; 0.081      ; 0.746      ;
; 0.453 ; contador_de_decada:inst43|milhar_q[1]      ; contador_de_decada:inst43|milhar_q[1]  ; divisor_de_frequencia:inst5|aux_tff ; divisor_de_frequencia:inst5|aux_tff ; 0.000        ; 0.081      ; 0.746      ;
; 0.453 ; contador_de_decada:inst43|unidade_q[0]     ; contador_de_decada:inst43|unidade_q[0] ; divisor_de_frequencia:inst5|aux_tff ; divisor_de_frequencia:inst5|aux_tff ; 0.000        ; 0.081      ; 0.746      ;
; 0.453 ; contador_de_decada:inst43|dezena_q[3]      ; contador_de_decada:inst43|dezena_q[3]  ; divisor_de_frequencia:inst5|aux_tff ; divisor_de_frequencia:inst5|aux_tff ; 0.000        ; 0.081      ; 0.746      ;
; 0.453 ; contador_de_decada:inst43|dezena_q[2]      ; contador_de_decada:inst43|dezena_q[2]  ; divisor_de_frequencia:inst5|aux_tff ; divisor_de_frequencia:inst5|aux_tff ; 0.000        ; 0.081      ; 0.746      ;
; 0.453 ; contador_de_decada:inst43|dezena_q[1]      ; contador_de_decada:inst43|dezena_q[1]  ; divisor_de_frequencia:inst5|aux_tff ; divisor_de_frequencia:inst5|aux_tff ; 0.000        ; 0.081      ; 0.746      ;
; 0.453 ; contador_de_decada:inst43|dezena_q[0]      ; contador_de_decada:inst43|dezena_q[0]  ; divisor_de_frequencia:inst5|aux_tff ; divisor_de_frequencia:inst5|aux_tff ; 0.000        ; 0.081      ; 0.746      ;
; 0.453 ; contador_de_decada:inst43|milhar_q[0]      ; contador_de_decada:inst43|milhar_q[0]  ; divisor_de_frequencia:inst5|aux_tff ; divisor_de_frequencia:inst5|aux_tff ; 0.000        ; 0.081      ; 0.746      ;
; 0.454 ; contador_de_decada:inst43|centena_q[0]     ; contador_de_decada:inst43|centena_q[0] ; divisor_de_frequencia:inst5|aux_tff ; divisor_de_frequencia:inst5|aux_tff ; 0.000        ; 0.080      ; 0.746      ;
; 0.454 ; contador_de_decada:inst43|centena_q[2]     ; contador_de_decada:inst43|centena_q[2] ; divisor_de_frequencia:inst5|aux_tff ; divisor_de_frequencia:inst5|aux_tff ; 0.000        ; 0.080      ; 0.746      ;
; 0.454 ; contador_de_decada:inst43|centena_q[1]     ; contador_de_decada:inst43|centena_q[1] ; divisor_de_frequencia:inst5|aux_tff ; divisor_de_frequencia:inst5|aux_tff ; 0.000        ; 0.080      ; 0.746      ;
; 0.454 ; contador_de_decada:inst43|centena_q[3]     ; contador_de_decada:inst43|centena_q[3] ; divisor_de_frequencia:inst5|aux_tff ; divisor_de_frequencia:inst5|aux_tff ; 0.000        ; 0.080      ; 0.746      ;
; 0.799 ; contador_de_decada:inst43|unidade_q[0]     ; contador_de_decada:inst43|unidade_q[1] ; divisor_de_frequencia:inst5|aux_tff ; divisor_de_frequencia:inst5|aux_tff ; 0.000        ; 0.081      ; 1.092      ;
; 0.803 ; contador_de_decada:inst43|dezena_q[0]      ; contador_de_decada:inst43|dezena_q[1]  ; divisor_de_frequencia:inst5|aux_tff ; divisor_de_frequencia:inst5|aux_tff ; 0.000        ; 0.081      ; 1.096      ;
; 0.976 ; contador_de_decada:inst43|milhar_q[0]      ; contador_de_decada:inst43|milhar_q[1]  ; divisor_de_frequencia:inst5|aux_tff ; divisor_de_frequencia:inst5|aux_tff ; 0.000        ; 0.081      ; 1.269      ;
; 1.048 ; contador_de_decada:inst43|centena_q[0]     ; contador_de_decada:inst43|centena_q[1] ; divisor_de_frequencia:inst5|aux_tff ; divisor_de_frequencia:inst5|aux_tff ; 0.000        ; 0.080      ; 1.340      ;
; 1.146 ; contador_de_decada:inst43|reset_reg        ; contador_de_decada:inst43|milhar_q[0]  ; divisor_de_frequencia:inst5|aux_tff ; divisor_de_frequencia:inst5|aux_tff ; 0.000        ; 0.081      ; 1.439      ;
; 1.188 ; contador_de_decada:inst43|centena_q[1]     ; contador_de_decada:inst43|centena_q[2] ; divisor_de_frequencia:inst5|aux_tff ; divisor_de_frequencia:inst5|aux_tff ; 0.000        ; 0.080      ; 1.480      ;
; 1.331 ; contador_de_decada:inst43|milhar_q[0]      ; contador_de_decada:inst43|milhar_q[3]  ; divisor_de_frequencia:inst5|aux_tff ; divisor_de_frequencia:inst5|aux_tff ; 0.000        ; 0.081      ; 1.624      ;
; 1.345 ; contador_de_decada:inst43|unidade_q[1]     ; contador_de_decada:inst43|unidade_q[3] ; divisor_de_frequencia:inst5|aux_tff ; divisor_de_frequencia:inst5|aux_tff ; 0.000        ; 0.081      ; 1.638      ;
; 1.363 ; contador_de_decada:inst43|centena_q[1]     ; contador_de_decada:inst43|centena_q[3] ; divisor_de_frequencia:inst5|aux_tff ; divisor_de_frequencia:inst5|aux_tff ; 0.000        ; 0.080      ; 1.655      ;
; 1.455 ; contador_de_decada:inst43|centena_q[0]     ; contador_de_decada:inst43|centena_q[2] ; divisor_de_frequencia:inst5|aux_tff ; divisor_de_frequencia:inst5|aux_tff ; 0.000        ; 0.080      ; 1.747      ;
; 1.479 ; contador_de_decada:inst43|unidade_q[0]     ; contador_de_decada:inst43|unidade_q[3] ; divisor_de_frequencia:inst5|aux_tff ; divisor_de_frequencia:inst5|aux_tff ; 0.000        ; 0.081      ; 1.772      ;
; 1.488 ; contador_de_decada:inst43|unidade_q[1]     ; contador_de_decada:inst43|unidade_q[2] ; divisor_de_frequencia:inst5|aux_tff ; divisor_de_frequencia:inst5|aux_tff ; 0.000        ; 0.081      ; 1.781      ;
; 1.489 ; contador_de_decada:inst43|dezena_q[0]      ; contador_de_decada:inst43|dezena_q[2]  ; divisor_de_frequencia:inst5|aux_tff ; divisor_de_frequencia:inst5|aux_tff ; 0.000        ; 0.081      ; 1.782      ;
; 1.489 ; contador_de_decada:inst43|unidade_q[2]     ; contador_de_decada:inst43|unidade_q[3] ; divisor_de_frequencia:inst5|aux_tff ; divisor_de_frequencia:inst5|aux_tff ; 0.000        ; 0.081      ; 1.782      ;
; 1.492 ; contador_de_decada:inst43|dezena_q[2]      ; contador_de_decada:inst43|dezena_q[3]  ; divisor_de_frequencia:inst5|aux_tff ; divisor_de_frequencia:inst5|aux_tff ; 0.000        ; 0.081      ; 1.785      ;
; 1.504 ; contador_de_decada:inst43|centena_q[2]     ; contador_de_decada:inst43|centena_q[3] ; divisor_de_frequencia:inst5|aux_tff ; divisor_de_frequencia:inst5|aux_tff ; 0.000        ; 0.080      ; 1.796      ;
; 1.537 ; controlador_pausa_reset:inst50|resetcont_q ; contador_de_decada:inst43|reset_reg    ; clock                               ; divisor_de_frequencia:inst5|aux_tff ; 0.000        ; 0.351      ; 2.130      ;
; 1.611 ; contador_de_decada:inst43|milhar_q[1]      ; contador_de_decada:inst43|milhar_q[3]  ; divisor_de_frequencia:inst5|aux_tff ; divisor_de_frequencia:inst5|aux_tff ; 0.000        ; 0.081      ; 1.904      ;
; 1.622 ; controlador_pausa_reset:inst50|resetcont_q ; contador_de_decada:inst43|milhar_q[0]  ; clock                               ; divisor_de_frequencia:inst5|aux_tff ; 0.000        ; 0.351      ; 2.215      ;
; 1.625 ; contador_de_decada:inst43|reset_reg        ; contador_de_decada:inst43|dezena_q[0]  ; divisor_de_frequencia:inst5|aux_tff ; divisor_de_frequencia:inst5|aux_tff ; 0.000        ; 0.079      ; 1.916      ;
; 1.626 ; contador_de_decada:inst43|milhar_q[2]      ; contador_de_decada:inst43|milhar_q[3]  ; divisor_de_frequencia:inst5|aux_tff ; divisor_de_frequencia:inst5|aux_tff ; 0.000        ; 0.081      ; 1.919      ;
; 1.647 ; contador_de_decada:inst43|unidade_q[0]     ; contador_de_decada:inst43|unidade_q[2] ; divisor_de_frequencia:inst5|aux_tff ; divisor_de_frequencia:inst5|aux_tff ; 0.000        ; 0.081      ; 1.940      ;
; 1.649 ; contador_de_decada:inst43|dezena_q[1]      ; contador_de_decada:inst43|dezena_q[3]  ; divisor_de_frequencia:inst5|aux_tff ; divisor_de_frequencia:inst5|aux_tff ; 0.000        ; 0.081      ; 1.942      ;
; 1.653 ; contador_de_decada:inst43|dezena_q[1]      ; contador_de_decada:inst43|dezena_q[2]  ; divisor_de_frequencia:inst5|aux_tff ; divisor_de_frequencia:inst5|aux_tff ; 0.000        ; 0.081      ; 1.946      ;
; 1.666 ; contador_de_decada:inst43|centena_q[0]     ; contador_de_decada:inst43|centena_q[3] ; divisor_de_frequencia:inst5|aux_tff ; divisor_de_frequencia:inst5|aux_tff ; 0.000        ; 0.080      ; 1.958      ;
; 1.667 ; contador_de_decada:inst43|reset_reg        ; contador_de_decada:inst43|centena_q[0] ; divisor_de_frequencia:inst5|aux_tff ; divisor_de_frequencia:inst5|aux_tff ; 0.000        ; 0.082      ; 1.961      ;
; 1.739 ; contador_de_decada:inst43|unidade_q[3]     ; contador_de_decada:inst43|dezena_q[0]  ; divisor_de_frequencia:inst5|aux_tff ; divisor_de_frequencia:inst5|aux_tff ; 0.000        ; 0.080      ; 2.031      ;
; 1.803 ; contador_de_decada:inst43|milhar_q[3]      ; contador_de_decada:inst43|milhar_q[2]  ; divisor_de_frequencia:inst5|aux_tff ; divisor_de_frequencia:inst5|aux_tff ; 0.000        ; 0.081      ; 2.096      ;
; 1.804 ; contador_de_decada:inst43|milhar_q[3]      ; contador_de_decada:inst43|milhar_q[1]  ; divisor_de_frequencia:inst5|aux_tff ; divisor_de_frequencia:inst5|aux_tff ; 0.000        ; 0.081      ; 2.097      ;
; 1.833 ; contador_de_decada:inst43|milhar_q[1]      ; contador_de_decada:inst43|milhar_q[2]  ; divisor_de_frequencia:inst5|aux_tff ; divisor_de_frequencia:inst5|aux_tff ; 0.000        ; 0.081      ; 2.126      ;
; 1.837 ; contador_de_decada:inst43|dezena_q[0]      ; contador_de_decada:inst43|dezena_q[3]  ; divisor_de_frequencia:inst5|aux_tff ; divisor_de_frequencia:inst5|aux_tff ; 0.000        ; 0.081      ; 2.130      ;
; 1.843 ; contador_de_decada:inst43|unidade_q[1]     ; contador_de_decada:inst43|dezena_q[0]  ; divisor_de_frequencia:inst5|aux_tff ; divisor_de_frequencia:inst5|aux_tff ; 0.000        ; 0.080      ; 2.135      ;
; 1.854 ; contador_de_decada:inst43|milhar_q[0]      ; contador_de_decada:inst43|milhar_q[2]  ; divisor_de_frequencia:inst5|aux_tff ; divisor_de_frequencia:inst5|aux_tff ; 0.000        ; 0.081      ; 2.147      ;
; 1.866 ; controlador_pausa_reset:inst50|resetcont_q ; contador_de_decada:inst43|unidade_q[0] ; clock                               ; divisor_de_frequencia:inst5|aux_tff ; 0.000        ; 0.350      ; 2.458      ;
; 1.908 ; contador_de_decada:inst43|reset_reg        ; contador_de_decada:inst43|unidade_q[0] ; divisor_de_frequencia:inst5|aux_tff ; divisor_de_frequencia:inst5|aux_tff ; 0.000        ; 0.080      ; 2.200      ;
; 1.951 ; contador_de_decada:inst43|reset_reg        ; contador_de_decada:inst43|milhar_q[2]  ; divisor_de_frequencia:inst5|aux_tff ; divisor_de_frequencia:inst5|aux_tff ; 0.000        ; 0.081      ; 2.244      ;
; 1.952 ; contador_de_decada:inst43|reset_reg        ; contador_de_decada:inst43|milhar_q[3]  ; divisor_de_frequencia:inst5|aux_tff ; divisor_de_frequencia:inst5|aux_tff ; 0.000        ; 0.081      ; 2.245      ;
; 1.952 ; contador_de_decada:inst43|reset_reg        ; contador_de_decada:inst43|milhar_q[1]  ; divisor_de_frequencia:inst5|aux_tff ; divisor_de_frequencia:inst5|aux_tff ; 0.000        ; 0.081      ; 2.245      ;
; 1.957 ; contador_4_bits_up_down:inst35|q[1]        ; contador_de_decada:inst43|milhar_q[0]  ; clock                               ; divisor_de_frequencia:inst5|aux_tff ; 0.000        ; 0.782      ; 2.981      ;
; 1.991 ; flag_menu_visitado:inst41|comp_flag_q      ; contador_de_decada:inst43|milhar_q[0]  ; clock                               ; divisor_de_frequencia:inst5|aux_tff ; 0.000        ; 0.779      ; 3.012      ;
; 1.994 ; contador_4_bits_up_down:inst35|q[1]        ; contador_de_decada:inst43|centena_q[0] ; clock                               ; divisor_de_frequencia:inst5|aux_tff ; 0.000        ; 0.783      ; 3.019      ;
; 1.997 ; contador_de_decada:inst43|unidade_q[2]     ; contador_de_decada:inst43|dezena_q[0]  ; divisor_de_frequencia:inst5|aux_tff ; divisor_de_frequencia:inst5|aux_tff ; 0.000        ; 0.080      ; 2.289      ;
; 2.024 ; controlador_pausa_reset:inst50|pausa_q     ; contador_de_decada:inst43|milhar_q[0]  ; clock                               ; divisor_de_frequencia:inst5|aux_tff ; 0.000        ; 0.306      ; 2.572      ;
; 2.033 ; flag_menu_visitado:inst41|comp_flag_q      ; contador_de_decada:inst43|centena_q[0] ; clock                               ; divisor_de_frequencia:inst5|aux_tff ; 0.000        ; 0.780      ; 3.055      ;
; 2.049 ; contador_de_decada:inst43|unidade_q[0]     ; contador_de_decada:inst43|dezena_q[0]  ; divisor_de_frequencia:inst5|aux_tff ; divisor_de_frequencia:inst5|aux_tff ; 0.000        ; 0.080      ; 2.341      ;
; 2.057 ; controlador_pausa_reset:inst50|resetcont_q ; contador_de_decada:inst43|dezena_q[0]  ; clock                               ; divisor_de_frequencia:inst5|aux_tff ; 0.000        ; 0.349      ; 2.648      ;
; 2.061 ; controlador_pausa_reset:inst50|pausa_q     ; contador_de_decada:inst43|centena_q[0] ; clock                               ; divisor_de_frequencia:inst5|aux_tff ; 0.000        ; 0.307      ; 2.610      ;
; 2.083 ; contador_de_decada:inst43|reset_reg        ; contador_de_decada:inst43|centena_q[2] ; divisor_de_frequencia:inst5|aux_tff ; divisor_de_frequencia:inst5|aux_tff ; 0.000        ; 0.082      ; 2.377      ;
; 2.083 ; contador_de_decada:inst43|reset_reg        ; contador_de_decada:inst43|centena_q[3] ; divisor_de_frequencia:inst5|aux_tff ; divisor_de_frequencia:inst5|aux_tff ; 0.000        ; 0.082      ; 2.377      ;
; 2.084 ; contador_de_decada:inst43|reset_reg        ; contador_de_decada:inst43|centena_q[1] ; divisor_de_frequencia:inst5|aux_tff ; divisor_de_frequencia:inst5|aux_tff ; 0.000        ; 0.082      ; 2.378      ;
; 2.099 ; controlador_pausa_reset:inst50|resetcont_q ; contador_de_decada:inst43|centena_q[0] ; clock                               ; divisor_de_frequencia:inst5|aux_tff ; 0.000        ; 0.352      ; 2.693      ;
; 2.113 ; contador_de_decada:inst43|unidade_q[3]     ; contador_de_decada:inst43|unidade_q[1] ; divisor_de_frequencia:inst5|aux_tff ; divisor_de_frequencia:inst5|aux_tff ; 0.000        ; 0.081      ; 2.406      ;
; 2.115 ; controlador_pausa_reset:inst50|resetcont_q ; contador_de_decada:inst43|milhar_q[1]  ; clock                               ; divisor_de_frequencia:inst5|aux_tff ; 0.000        ; 0.351      ; 2.708      ;
; 2.116 ; contador_de_decada:inst43|unidade_q[3]     ; contador_de_decada:inst43|unidade_q[2] ; divisor_de_frequencia:inst5|aux_tff ; divisor_de_frequencia:inst5|aux_tff ; 0.000        ; 0.081      ; 2.409      ;
; 2.118 ; contador_de_decada:inst43|unidade_q[3]     ; contador_de_decada:inst43|centena_q[2] ; divisor_de_frequencia:inst5|aux_tff ; divisor_de_frequencia:inst5|aux_tff ; 0.000        ; 0.083      ; 2.413      ;
; 2.118 ; contador_de_decada:inst43|unidade_q[3]     ; contador_de_decada:inst43|centena_q[3] ; divisor_de_frequencia:inst5|aux_tff ; divisor_de_frequencia:inst5|aux_tff ; 0.000        ; 0.083      ; 2.413      ;
; 2.119 ; contador_de_decada:inst43|unidade_q[3]     ; contador_de_decada:inst43|centena_q[1] ; divisor_de_frequencia:inst5|aux_tff ; divisor_de_frequencia:inst5|aux_tff ; 0.000        ; 0.083      ; 2.414      ;
; 2.121 ; contador_de_decada:inst43|milhar_q[2]      ; contador_de_decada:inst43|milhar_q[1]  ; divisor_de_frequencia:inst5|aux_tff ; divisor_de_frequencia:inst5|aux_tff ; 0.000        ; 0.081      ; 2.414      ;
; 2.133 ; controlador_pausa_reset:inst50|resetcont_q ; contador_de_decada:inst43|unidade_q[1] ; clock                               ; divisor_de_frequencia:inst5|aux_tff ; 0.000        ; 0.350      ; 2.725      ;
; 2.135 ; controlador_pausa_reset:inst50|resetcont_q ; contador_de_decada:inst43|milhar_q[3]  ; clock                               ; divisor_de_frequencia:inst5|aux_tff ; 0.000        ; 0.351      ; 2.728      ;
; 2.136 ; controlador_pausa_reset:inst50|resetcont_q ; contador_de_decada:inst43|unidade_q[2] ; clock                               ; divisor_de_frequencia:inst5|aux_tff ; 0.000        ; 0.350      ; 2.728      ;
; 2.139 ; controlador_pausa_reset:inst50|resetcont_q ; contador_de_decada:inst43|milhar_q[2]  ; clock                               ; divisor_de_frequencia:inst5|aux_tff ; 0.000        ; 0.351      ; 2.732      ;
; 2.141 ; controlador_pausa_reset:inst50|resetcont_q ; contador_de_decada:inst43|unidade_q[3] ; clock                               ; divisor_de_frequencia:inst5|aux_tff ; 0.000        ; 0.350      ; 2.733      ;
; 2.192 ; contador_de_decada:inst43|reset_reg        ; contador_de_decada:inst43|dezena_q[1]  ; divisor_de_frequencia:inst5|aux_tff ; divisor_de_frequencia:inst5|aux_tff ; 0.000        ; 0.079      ; 2.483      ;
; 2.193 ; contador_de_decada:inst43|reset_reg        ; contador_de_decada:inst43|dezena_q[3]  ; divisor_de_frequencia:inst5|aux_tff ; divisor_de_frequencia:inst5|aux_tff ; 0.000        ; 0.079      ; 2.484      ;
; 2.194 ; contador_de_decada:inst43|reset_reg        ; contador_de_decada:inst43|dezena_q[2]  ; divisor_de_frequencia:inst5|aux_tff ; divisor_de_frequencia:inst5|aux_tff ; 0.000        ; 0.079      ; 2.485      ;
; 2.222 ; contador_de_decada:inst43|unidade_q[1]     ; contador_de_decada:inst43|centena_q[2] ; divisor_de_frequencia:inst5|aux_tff ; divisor_de_frequencia:inst5|aux_tff ; 0.000        ; 0.083      ; 2.517      ;
; 2.222 ; contador_de_decada:inst43|unidade_q[1]     ; contador_de_decada:inst43|centena_q[3] ; divisor_de_frequencia:inst5|aux_tff ; divisor_de_frequencia:inst5|aux_tff ; 0.000        ; 0.083      ; 2.517      ;
; 2.223 ; contador_de_decada:inst43|unidade_q[1]     ; contador_de_decada:inst43|centena_q[1] ; divisor_de_frequencia:inst5|aux_tff ; divisor_de_frequencia:inst5|aux_tff ; 0.000        ; 0.083      ; 2.518      ;
; 2.229 ; contador_de_decada:inst43|dezena_q[3]      ; contador_de_decada:inst43|centena_q[2] ; divisor_de_frequencia:inst5|aux_tff ; divisor_de_frequencia:inst5|aux_tff ; 0.000        ; 0.084      ; 2.525      ;
; 2.229 ; contador_de_decada:inst43|dezena_q[3]      ; contador_de_decada:inst43|centena_q[3] ; divisor_de_frequencia:inst5|aux_tff ; divisor_de_frequencia:inst5|aux_tff ; 0.000        ; 0.084      ; 2.525      ;
; 2.230 ; contador_de_decada:inst43|dezena_q[3]      ; contador_de_decada:inst43|centena_q[1] ; divisor_de_frequencia:inst5|aux_tff ; divisor_de_frequencia:inst5|aux_tff ; 0.000        ; 0.084      ; 2.526      ;
; 2.238 ; contador_de_decada:inst43|dezena_q[3]      ; contador_de_decada:inst43|centena_q[0] ; divisor_de_frequencia:inst5|aux_tff ; divisor_de_frequencia:inst5|aux_tff ; 0.000        ; 0.084      ; 2.534      ;
; 2.260 ; contador_4_bits_up_down:inst35|q[1]        ; contador_de_decada:inst43|unidade_q[0] ; clock                               ; divisor_de_frequencia:inst5|aux_tff ; 0.000        ; 0.781      ; 3.283      ;
; 2.262 ; flag_menu_visitado:inst41|comp_flag_q      ; contador_de_decada:inst43|unidade_q[0] ; clock                               ; divisor_de_frequencia:inst5|aux_tff ; 0.000        ; 0.778      ; 3.282      ;
; 2.268 ; flag_menu_visitado:inst41|comp_flag_q      ; contador_de_decada:inst43|dezena_q[0]  ; clock                               ; divisor_de_frequencia:inst5|aux_tff ; 0.000        ; 0.777      ; 3.287      ;
; 2.280 ; contador_de_decada:inst43|reset_reg        ; contador_de_decada:inst43|unidade_q[1] ; divisor_de_frequencia:inst5|aux_tff ; divisor_de_frequencia:inst5|aux_tff ; 0.000        ; 0.080      ; 2.572      ;
; 2.283 ; contador_de_decada:inst43|reset_reg        ; contador_de_decada:inst43|unidade_q[2] ; divisor_de_frequencia:inst5|aux_tff ; divisor_de_frequencia:inst5|aux_tff ; 0.000        ; 0.080      ; 2.575      ;
; 2.286 ; contador_4_bits_up_down:inst35|q[1]        ; contador_de_decada:inst43|dezena_q[0]  ; clock                               ; divisor_de_frequencia:inst5|aux_tff ; 0.000        ; 0.780      ; 3.308      ;
; 2.299 ; contador_4_bits_up_down:inst35|q[3]        ; contador_de_decada:inst43|milhar_q[0]  ; clock                               ; divisor_de_frequencia:inst5|aux_tff ; 0.000        ; 0.782      ; 3.323      ;
; 2.310 ; controlador_pausa_reset:inst50|pausa_q     ; contador_de_decada:inst43|unidade_q[0] ; clock                               ; divisor_de_frequencia:inst5|aux_tff ; 0.000        ; 0.305      ; 2.857      ;
; 2.316 ; controlador_pausa_reset:inst50|pausa_q     ; contador_de_decada:inst43|dezena_q[0]  ; clock                               ; divisor_de_frequencia:inst5|aux_tff ; 0.000        ; 0.304      ; 2.862      ;
; 2.329 ; contador_de_decada:inst43|reset_reg        ; contador_de_decada:inst43|unidade_q[3] ; divisor_de_frequencia:inst5|aux_tff ; divisor_de_frequencia:inst5|aux_tff ; 0.000        ; 0.080      ; 2.621      ;
; 2.335 ; contador_4_bits_up_down:inst35|q[2]        ; contador_de_decada:inst43|milhar_q[0]  ; clock                               ; divisor_de_frequencia:inst5|aux_tff ; 0.000        ; 0.782      ; 3.359      ;
+-------+--------------------------------------------+----------------------------------------+-------------------------------------+-------------------------------------+--------------+------------+------------+


+--------------------------------------------------------------------------------------------------------------------------------------------------------------------------------------------------------------------------------------------------------------------------------------------------------------------------------+
; Slow 1200mV 85C Model Hold: 'Seletor_alimentacao_display:inst46|divisor_de_frequencia:inst|aux_tff'                                                                                                                                                                                                                            ;
+-------+---------------------------------------------------------------+---------------------------------------------------------------+-----------------------------------------------------------------------+-----------------------------------------------------------------------+--------------+------------+------------+
; Slack ; From Node                                                     ; To Node                                                       ; Launch Clock                                                          ; Latch Clock                                                           ; Relationship ; Clock Skew ; Data Delay ;
+-------+---------------------------------------------------------------+---------------------------------------------------------------+-----------------------------------------------------------------------+-----------------------------------------------------------------------+--------------+------------+------------+
; 0.454 ; Seletor_alimentacao_display:inst46|contador_n_bits:inst1|q[1] ; Seletor_alimentacao_display:inst46|contador_n_bits:inst1|q[1] ; Seletor_alimentacao_display:inst46|divisor_de_frequencia:inst|aux_tff ; Seletor_alimentacao_display:inst46|divisor_de_frequencia:inst|aux_tff ; 0.000        ; 0.080      ; 0.746      ;
; 0.466 ; Seletor_alimentacao_display:inst46|contador_n_bits:inst1|q[0] ; Seletor_alimentacao_display:inst46|contador_n_bits:inst1|q[0] ; Seletor_alimentacao_display:inst46|divisor_de_frequencia:inst|aux_tff ; Seletor_alimentacao_display:inst46|divisor_de_frequencia:inst|aux_tff ; 0.000        ; 0.080      ; 0.758      ;
; 0.511 ; Seletor_alimentacao_display:inst46|contador_n_bits:inst1|q[0] ; Seletor_alimentacao_display:inst46|contador_n_bits:inst1|q[1] ; Seletor_alimentacao_display:inst46|divisor_de_frequencia:inst|aux_tff ; Seletor_alimentacao_display:inst46|divisor_de_frequencia:inst|aux_tff ; 0.000        ; 0.080      ; 0.803      ;
+-------+---------------------------------------------------------------+---------------------------------------------------------------+-----------------------------------------------------------------------+-----------------------------------------------------------------------+--------------+------------+------------+


+------------------------------------------------------------------------------------------------------------------------------------------------------------------------------------------------------------------+
; Slow 1200mV 85C Model Hold: 'divisor_de_frequencia:inst6|aux_tff'                                                                                                                                                ;
+-------+------------------------------------------+------------------------------------------+-------------------------------------+-------------------------------------+--------------+------------+------------+
; Slack ; From Node                                ; To Node                                  ; Launch Clock                        ; Latch Clock                         ; Relationship ; Clock Skew ; Data Delay ;
+-------+------------------------------------------+------------------------------------------+-------------------------------------+-------------------------------------+--------------+------------+------------+
; 0.832 ; bloco_debounce:inst20|debounce:inst1|ff2 ; bloco_debounce:inst20|debounce:inst1|ff3 ; divisor_de_frequencia:inst6|aux_tff ; divisor_de_frequencia:inst6|aux_tff ; 0.000        ; 0.081      ; 1.125      ;
; 0.835 ; bloco_debounce:inst20|debounce:inst2|ff2 ; bloco_debounce:inst20|debounce:inst2|ff3 ; divisor_de_frequencia:inst6|aux_tff ; divisor_de_frequencia:inst6|aux_tff ; 0.000        ; 0.080      ; 1.127      ;
; 0.836 ; bloco_debounce:inst20|debounce:inst3|ff2 ; bloco_debounce:inst20|debounce:inst3|ff3 ; divisor_de_frequencia:inst6|aux_tff ; divisor_de_frequencia:inst6|aux_tff ; 0.000        ; 0.080      ; 1.128      ;
; 0.836 ; bloco_debounce:inst20|debounce:inst|ff2  ; bloco_debounce:inst20|debounce:inst|ff3  ; divisor_de_frequencia:inst6|aux_tff ; divisor_de_frequencia:inst6|aux_tff ; 0.000        ; 0.080      ; 1.128      ;
; 0.930 ; bloco_debounce:inst20|debounce:inst|ff3  ; bloco_debounce:inst20|debounce:inst|ff3  ; divisor_de_frequencia:inst6|aux_tff ; divisor_de_frequencia:inst6|aux_tff ; 0.000        ; 0.080      ; 1.222      ;
; 0.931 ; bloco_debounce:inst20|debounce:inst|ff1  ; bloco_debounce:inst20|debounce:inst|ff2  ; divisor_de_frequencia:inst6|aux_tff ; divisor_de_frequencia:inst6|aux_tff ; 0.000        ; 0.080      ; 1.223      ;
; 0.935 ; bloco_debounce:inst20|debounce:inst2|ff1 ; bloco_debounce:inst20|debounce:inst2|ff2 ; divisor_de_frequencia:inst6|aux_tff ; divisor_de_frequencia:inst6|aux_tff ; 0.000        ; 0.080      ; 1.227      ;
; 0.937 ; bloco_debounce:inst20|debounce:inst3|ff3 ; bloco_debounce:inst20|debounce:inst3|ff3 ; divisor_de_frequencia:inst6|aux_tff ; divisor_de_frequencia:inst6|aux_tff ; 0.000        ; 0.080      ; 1.229      ;
; 0.940 ; bloco_debounce:inst20|debounce:inst3|ff1 ; bloco_debounce:inst20|debounce:inst3|ff2 ; divisor_de_frequencia:inst6|aux_tff ; divisor_de_frequencia:inst6|aux_tff ; 0.000        ; 0.080      ; 1.232      ;
; 0.940 ; bloco_debounce:inst20|debounce:inst1|ff1 ; bloco_debounce:inst20|debounce:inst1|ff2 ; divisor_de_frequencia:inst6|aux_tff ; divisor_de_frequencia:inst6|aux_tff ; 0.000        ; 0.081      ; 1.233      ;
; 0.945 ; bloco_debounce:inst20|debounce:inst2|ff3 ; bloco_debounce:inst20|debounce:inst2|ff3 ; divisor_de_frequencia:inst6|aux_tff ; divisor_de_frequencia:inst6|aux_tff ; 0.000        ; 0.080      ; 1.237      ;
; 0.949 ; bloco_debounce:inst20|debounce:inst1|ff3 ; bloco_debounce:inst20|debounce:inst1|ff3 ; divisor_de_frequencia:inst6|aux_tff ; divisor_de_frequencia:inst6|aux_tff ; 0.000        ; 0.081      ; 1.242      ;
; 1.175 ; bloco_debounce:inst20|debounce:inst1|ff1 ; bloco_debounce:inst20|debounce:inst1|ff3 ; divisor_de_frequencia:inst6|aux_tff ; divisor_de_frequencia:inst6|aux_tff ; 0.000        ; 0.081      ; 1.468      ;
; 1.176 ; bloco_debounce:inst20|debounce:inst2|ff1 ; bloco_debounce:inst20|debounce:inst2|ff3 ; divisor_de_frequencia:inst6|aux_tff ; divisor_de_frequencia:inst6|aux_tff ; 0.000        ; 0.080      ; 1.468      ;
; 1.176 ; bloco_debounce:inst20|debounce:inst|ff1  ; bloco_debounce:inst20|debounce:inst|ff3  ; divisor_de_frequencia:inst6|aux_tff ; divisor_de_frequencia:inst6|aux_tff ; 0.000        ; 0.080      ; 1.468      ;
; 1.177 ; bloco_debounce:inst20|debounce:inst3|ff1 ; bloco_debounce:inst20|debounce:inst3|ff3 ; divisor_de_frequencia:inst6|aux_tff ; divisor_de_frequencia:inst6|aux_tff ; 0.000        ; 0.080      ; 1.469      ;
+-------+------------------------------------------+------------------------------------------+-------------------------------------+-------------------------------------+--------------+------------+------------+


-----------------------------------------------
; Slow 1200mV 85C Model Metastability Summary ;
-----------------------------------------------
No synchronizer chains to report.


+--------------------------------------------------------------------------------------------------------------------------------------------------------+
; Slow 1200mV 0C Model Fmax Summary                                                                                                                      ;
+-------------+-----------------+-----------------------------------------------------------------------+------------------------------------------------+
; Fmax        ; Restricted Fmax ; Clock Name                                                            ; Note                                           ;
+-------------+-----------------+-----------------------------------------------------------------------+------------------------------------------------+
; 193.5 MHz   ; 193.5 MHz       ; divisor_de_frequencia:inst5|aux_tff                                   ;                                                ;
; 217.72 MHz  ; 217.72 MHz      ; clock                                                                 ;                                                ;
; 617.67 MHz  ; 402.09 MHz      ; divisor_de_frequencia:inst6|aux_tff                                   ; limit due to minimum period restriction (tmin) ;
; 1101.32 MHz ; 402.09 MHz      ; Seletor_alimentacao_display:inst46|divisor_de_frequencia:inst|aux_tff ; limit due to minimum period restriction (tmin) ;
+-------------+-----------------+-----------------------------------------------------------------------+------------------------------------------------+
This panel reports FMAX for every clock in the design, regardless of the user-specified clock periods.  FMAX is only computed for paths where the source and destination registers or ports are driven by the same clock.  Paths of different clocks, including generated clocks, are ignored.  For paths between a clock and its inversion, FMAX is computed as if the rising and falling edges are scaled along with FMAX, such that the duty cycle (in terms of a percentage) is maintained. Altera recommends that you always use clock constraints and other slack reports for sign-off analysis.


+------------------------------------------------------------------------------------------------+
; Slow 1200mV 0C Model Setup Summary                                                             ;
+-----------------------------------------------------------------------+--------+---------------+
; Clock                                                                 ; Slack  ; End Point TNS ;
+-----------------------------------------------------------------------+--------+---------------+
; divisor_de_frequencia:inst5|aux_tff                                   ; -4.168 ; -62.084       ;
; clock                                                                 ; -3.670 ; -286.874      ;
; divisor_de_frequencia:inst6|aux_tff                                   ; -0.619 ; -3.489        ;
; Seletor_alimentacao_display:inst46|divisor_de_frequencia:inst|aux_tff ; 0.092  ; 0.000         ;
+-----------------------------------------------------------------------+--------+---------------+


+-----------------------------------------------------------------------------------------------+
; Slow 1200mV 0C Model Hold Summary                                                             ;
+-----------------------------------------------------------------------+-------+---------------+
; Clock                                                                 ; Slack ; End Point TNS ;
+-----------------------------------------------------------------------+-------+---------------+
; clock                                                                 ; 0.383 ; 0.000         ;
; Seletor_alimentacao_display:inst46|divisor_de_frequencia:inst|aux_tff ; 0.402 ; 0.000         ;
; divisor_de_frequencia:inst5|aux_tff                                   ; 0.402 ; 0.000         ;
; divisor_de_frequencia:inst6|aux_tff                                   ; 0.742 ; 0.000         ;
+-----------------------------------------------------------------------+-------+---------------+


-----------------------------------------
; Slow 1200mV 0C Model Recovery Summary ;
-----------------------------------------
No paths to report.


----------------------------------------
; Slow 1200mV 0C Model Removal Summary ;
----------------------------------------
No paths to report.


+------------------------------------------------------------------------------------------------+
; Slow 1200mV 0C Model Minimum Pulse Width Summary                                               ;
+-----------------------------------------------------------------------+--------+---------------+
; Clock                                                                 ; Slack  ; End Point TNS ;
+-----------------------------------------------------------------------+--------+---------------+
; clock                                                                 ; -3.000 ; -159.135      ;
; divisor_de_frequencia:inst5|aux_tff                                   ; -1.487 ; -25.279       ;
; divisor_de_frequencia:inst6|aux_tff                                   ; -1.487 ; -17.844       ;
; Seletor_alimentacao_display:inst46|divisor_de_frequencia:inst|aux_tff ; -1.487 ; -2.974        ;
+-----------------------------------------------------------------------+--------+---------------+


+---------------------------------------------------------------------------------------------------------------------------------------------------------------------------------------------------------------+
; Slow 1200mV 0C Model Setup: 'divisor_de_frequencia:inst5|aux_tff'                                                                                                                                             ;
+--------+----------------------------------------+----------------------------------------+-------------------------------------+-------------------------------------+--------------+------------+------------+
; Slack  ; From Node                              ; To Node                                ; Launch Clock                        ; Latch Clock                         ; Relationship ; Clock Skew ; Data Delay ;
+--------+----------------------------------------+----------------------------------------+-------------------------------------+-------------------------------------+--------------+------------+------------+
; -4.168 ; contador_de_decada:inst43|centena_q[1] ; contador_de_decada:inst43|unidade_q[1] ; divisor_de_frequencia:inst5|aux_tff ; divisor_de_frequencia:inst5|aux_tff ; 1.000        ; -0.074     ; 5.096      ;
; -4.164 ; contador_de_decada:inst43|centena_q[1] ; contador_de_decada:inst43|unidade_q[2] ; divisor_de_frequencia:inst5|aux_tff ; divisor_de_frequencia:inst5|aux_tff ; 1.000        ; -0.074     ; 5.092      ;
; -4.155 ; contador_de_decada:inst43|centena_q[1] ; contador_de_decada:inst43|unidade_q[3] ; divisor_de_frequencia:inst5|aux_tff ; divisor_de_frequencia:inst5|aux_tff ; 1.000        ; -0.074     ; 5.083      ;
; -4.069 ; contador_de_decada:inst43|centena_q[0] ; contador_de_decada:inst43|unidade_q[1] ; divisor_de_frequencia:inst5|aux_tff ; divisor_de_frequencia:inst5|aux_tff ; 1.000        ; -0.074     ; 4.997      ;
; -4.065 ; contador_de_decada:inst43|centena_q[0] ; contador_de_decada:inst43|unidade_q[2] ; divisor_de_frequencia:inst5|aux_tff ; divisor_de_frequencia:inst5|aux_tff ; 1.000        ; -0.074     ; 4.993      ;
; -4.056 ; contador_de_decada:inst43|centena_q[0] ; contador_de_decada:inst43|unidade_q[3] ; divisor_de_frequencia:inst5|aux_tff ; divisor_de_frequencia:inst5|aux_tff ; 1.000        ; -0.074     ; 4.984      ;
; -4.036 ; contador_de_decada:inst43|dezena_q[1]  ; contador_de_decada:inst43|unidade_q[1] ; divisor_de_frequencia:inst5|aux_tff ; divisor_de_frequencia:inst5|aux_tff ; 1.000        ; -0.071     ; 4.967      ;
; -4.032 ; contador_de_decada:inst43|dezena_q[0]  ; contador_de_decada:inst43|unidade_q[1] ; divisor_de_frequencia:inst5|aux_tff ; divisor_de_frequencia:inst5|aux_tff ; 1.000        ; -0.071     ; 4.963      ;
; -4.032 ; contador_de_decada:inst43|dezena_q[1]  ; contador_de_decada:inst43|unidade_q[2] ; divisor_de_frequencia:inst5|aux_tff ; divisor_de_frequencia:inst5|aux_tff ; 1.000        ; -0.071     ; 4.963      ;
; -4.028 ; contador_de_decada:inst43|dezena_q[0]  ; contador_de_decada:inst43|unidade_q[2] ; divisor_de_frequencia:inst5|aux_tff ; divisor_de_frequencia:inst5|aux_tff ; 1.000        ; -0.071     ; 4.959      ;
; -4.028 ; contador_de_decada:inst43|unidade_q[2] ; contador_de_decada:inst43|unidade_q[3] ; divisor_de_frequencia:inst5|aux_tff ; divisor_de_frequencia:inst5|aux_tff ; 1.000        ; -0.072     ; 4.958      ;
; -4.024 ; contador_de_decada:inst43|dezena_q[2]  ; contador_de_decada:inst43|unidade_q[1] ; divisor_de_frequencia:inst5|aux_tff ; divisor_de_frequencia:inst5|aux_tff ; 1.000        ; -0.071     ; 4.955      ;
; -4.023 ; contador_de_decada:inst43|dezena_q[1]  ; contador_de_decada:inst43|unidade_q[3] ; divisor_de_frequencia:inst5|aux_tff ; divisor_de_frequencia:inst5|aux_tff ; 1.000        ; -0.071     ; 4.954      ;
; -4.022 ; contador_de_decada:inst43|unidade_q[1] ; contador_de_decada:inst43|unidade_q[3] ; divisor_de_frequencia:inst5|aux_tff ; divisor_de_frequencia:inst5|aux_tff ; 1.000        ; -0.072     ; 4.952      ;
; -4.020 ; contador_de_decada:inst43|dezena_q[2]  ; contador_de_decada:inst43|unidade_q[2] ; divisor_de_frequencia:inst5|aux_tff ; divisor_de_frequencia:inst5|aux_tff ; 1.000        ; -0.071     ; 4.951      ;
; -4.019 ; contador_de_decada:inst43|dezena_q[0]  ; contador_de_decada:inst43|unidade_q[3] ; divisor_de_frequencia:inst5|aux_tff ; divisor_de_frequencia:inst5|aux_tff ; 1.000        ; -0.071     ; 4.950      ;
; -4.011 ; contador_de_decada:inst43|unidade_q[2] ; contador_de_decada:inst43|unidade_q[1] ; divisor_de_frequencia:inst5|aux_tff ; divisor_de_frequencia:inst5|aux_tff ; 1.000        ; -0.072     ; 4.941      ;
; -4.011 ; contador_de_decada:inst43|dezena_q[2]  ; contador_de_decada:inst43|unidade_q[3] ; divisor_de_frequencia:inst5|aux_tff ; divisor_de_frequencia:inst5|aux_tff ; 1.000        ; -0.071     ; 4.942      ;
; -4.007 ; contador_de_decada:inst43|unidade_q[2] ; contador_de_decada:inst43|unidade_q[2] ; divisor_de_frequencia:inst5|aux_tff ; divisor_de_frequencia:inst5|aux_tff ; 1.000        ; -0.072     ; 4.937      ;
; -4.005 ; contador_de_decada:inst43|unidade_q[1] ; contador_de_decada:inst43|unidade_q[1] ; divisor_de_frequencia:inst5|aux_tff ; divisor_de_frequencia:inst5|aux_tff ; 1.000        ; -0.072     ; 4.935      ;
; -4.001 ; contador_de_decada:inst43|unidade_q[1] ; contador_de_decada:inst43|unidade_q[2] ; divisor_de_frequencia:inst5|aux_tff ; divisor_de_frequencia:inst5|aux_tff ; 1.000        ; -0.072     ; 4.931      ;
; -3.935 ; contador_de_decada:inst43|centena_q[1] ; contador_de_decada:inst43|milhar_q[2]  ; divisor_de_frequencia:inst5|aux_tff ; divisor_de_frequencia:inst5|aux_tff ; 1.000        ; -0.073     ; 4.864      ;
; -3.931 ; contador_de_decada:inst43|centena_q[1] ; contador_de_decada:inst43|milhar_q[3]  ; divisor_de_frequencia:inst5|aux_tff ; divisor_de_frequencia:inst5|aux_tff ; 1.000        ; -0.073     ; 4.860      ;
; -3.930 ; contador_de_decada:inst43|centena_q[1] ; contador_de_decada:inst43|milhar_q[1]  ; divisor_de_frequencia:inst5|aux_tff ; divisor_de_frequencia:inst5|aux_tff ; 1.000        ; -0.073     ; 4.859      ;
; -3.923 ; contador_de_decada:inst43|centena_q[1] ; contador_de_decada:inst43|centena_q[1] ; divisor_de_frequencia:inst5|aux_tff ; divisor_de_frequencia:inst5|aux_tff ; 1.000        ; -0.072     ; 4.853      ;
; -3.922 ; contador_de_decada:inst43|centena_q[1] ; contador_de_decada:inst43|centena_q[3] ; divisor_de_frequencia:inst5|aux_tff ; divisor_de_frequencia:inst5|aux_tff ; 1.000        ; -0.072     ; 4.852      ;
; -3.921 ; contador_de_decada:inst43|centena_q[1] ; contador_de_decada:inst43|centena_q[2] ; divisor_de_frequencia:inst5|aux_tff ; divisor_de_frequencia:inst5|aux_tff ; 1.000        ; -0.072     ; 4.851      ;
; -3.879 ; contador_de_decada:inst43|milhar_q[3]  ; contador_de_decada:inst43|unidade_q[3] ; divisor_de_frequencia:inst5|aux_tff ; divisor_de_frequencia:inst5|aux_tff ; 1.000        ; -0.073     ; 4.808      ;
; -3.863 ; contador_de_decada:inst43|milhar_q[2]  ; contador_de_decada:inst43|unidade_q[3] ; divisor_de_frequencia:inst5|aux_tff ; divisor_de_frequencia:inst5|aux_tff ; 1.000        ; -0.073     ; 4.792      ;
; -3.862 ; contador_de_decada:inst43|milhar_q[3]  ; contador_de_decada:inst43|unidade_q[1] ; divisor_de_frequencia:inst5|aux_tff ; divisor_de_frequencia:inst5|aux_tff ; 1.000        ; -0.073     ; 4.791      ;
; -3.858 ; contador_de_decada:inst43|milhar_q[3]  ; contador_de_decada:inst43|unidade_q[2] ; divisor_de_frequencia:inst5|aux_tff ; divisor_de_frequencia:inst5|aux_tff ; 1.000        ; -0.073     ; 4.787      ;
; -3.857 ; contador_de_decada:inst43|unidade_q[0] ; contador_de_decada:inst43|unidade_q[1] ; divisor_de_frequencia:inst5|aux_tff ; divisor_de_frequencia:inst5|aux_tff ; 1.000        ; -0.072     ; 4.787      ;
; -3.853 ; contador_de_decada:inst43|unidade_q[0] ; contador_de_decada:inst43|unidade_q[2] ; divisor_de_frequencia:inst5|aux_tff ; divisor_de_frequencia:inst5|aux_tff ; 1.000        ; -0.072     ; 4.783      ;
; -3.851 ; contador_de_decada:inst43|centena_q[1] ; contador_de_decada:inst43|dezena_q[2]  ; divisor_de_frequencia:inst5|aux_tff ; divisor_de_frequencia:inst5|aux_tff ; 1.000        ; -0.075     ; 4.778      ;
; -3.850 ; contador_de_decada:inst43|centena_q[1] ; contador_de_decada:inst43|dezena_q[3]  ; divisor_de_frequencia:inst5|aux_tff ; divisor_de_frequencia:inst5|aux_tff ; 1.000        ; -0.075     ; 4.777      ;
; -3.849 ; contador_de_decada:inst43|centena_q[1] ; contador_de_decada:inst43|dezena_q[1]  ; divisor_de_frequencia:inst5|aux_tff ; divisor_de_frequencia:inst5|aux_tff ; 1.000        ; -0.075     ; 4.776      ;
; -3.846 ; contador_de_decada:inst43|milhar_q[2]  ; contador_de_decada:inst43|unidade_q[1] ; divisor_de_frequencia:inst5|aux_tff ; divisor_de_frequencia:inst5|aux_tff ; 1.000        ; -0.073     ; 4.775      ;
; -3.844 ; contador_de_decada:inst43|unidade_q[0] ; contador_de_decada:inst43|unidade_q[3] ; divisor_de_frequencia:inst5|aux_tff ; divisor_de_frequencia:inst5|aux_tff ; 1.000        ; -0.072     ; 4.774      ;
; -3.842 ; contador_de_decada:inst43|milhar_q[2]  ; contador_de_decada:inst43|unidade_q[2] ; divisor_de_frequencia:inst5|aux_tff ; divisor_de_frequencia:inst5|aux_tff ; 1.000        ; -0.073     ; 4.771      ;
; -3.836 ; contador_de_decada:inst43|centena_q[0] ; contador_de_decada:inst43|milhar_q[2]  ; divisor_de_frequencia:inst5|aux_tff ; divisor_de_frequencia:inst5|aux_tff ; 1.000        ; -0.073     ; 4.765      ;
; -3.832 ; contador_de_decada:inst43|centena_q[0] ; contador_de_decada:inst43|milhar_q[3]  ; divisor_de_frequencia:inst5|aux_tff ; divisor_de_frequencia:inst5|aux_tff ; 1.000        ; -0.073     ; 4.761      ;
; -3.831 ; contador_de_decada:inst43|centena_q[0] ; contador_de_decada:inst43|milhar_q[1]  ; divisor_de_frequencia:inst5|aux_tff ; divisor_de_frequencia:inst5|aux_tff ; 1.000        ; -0.073     ; 4.760      ;
; -3.825 ; contador_de_decada:inst43|unidade_q[3] ; contador_de_decada:inst43|unidade_q[1] ; divisor_de_frequencia:inst5|aux_tff ; divisor_de_frequencia:inst5|aux_tff ; 1.000        ; -0.072     ; 4.755      ;
; -3.824 ; contador_de_decada:inst43|centena_q[0] ; contador_de_decada:inst43|centena_q[1] ; divisor_de_frequencia:inst5|aux_tff ; divisor_de_frequencia:inst5|aux_tff ; 1.000        ; -0.072     ; 4.754      ;
; -3.823 ; contador_de_decada:inst43|centena_q[0] ; contador_de_decada:inst43|centena_q[3] ; divisor_de_frequencia:inst5|aux_tff ; divisor_de_frequencia:inst5|aux_tff ; 1.000        ; -0.072     ; 4.753      ;
; -3.822 ; contador_de_decada:inst43|centena_q[0] ; contador_de_decada:inst43|centena_q[2] ; divisor_de_frequencia:inst5|aux_tff ; divisor_de_frequencia:inst5|aux_tff ; 1.000        ; -0.072     ; 4.752      ;
; -3.821 ; contador_de_decada:inst43|unidade_q[3] ; contador_de_decada:inst43|unidade_q[2] ; divisor_de_frequencia:inst5|aux_tff ; divisor_de_frequencia:inst5|aux_tff ; 1.000        ; -0.072     ; 4.751      ;
; -3.815 ; contador_de_decada:inst43|unidade_q[3] ; contador_de_decada:inst43|unidade_q[3] ; divisor_de_frequencia:inst5|aux_tff ; divisor_de_frequencia:inst5|aux_tff ; 1.000        ; -0.072     ; 4.745      ;
; -3.803 ; contador_de_decada:inst43|dezena_q[1]  ; contador_de_decada:inst43|milhar_q[2]  ; divisor_de_frequencia:inst5|aux_tff ; divisor_de_frequencia:inst5|aux_tff ; 1.000        ; -0.070     ; 4.735      ;
; -3.799 ; contador_de_decada:inst43|dezena_q[0]  ; contador_de_decada:inst43|milhar_q[2]  ; divisor_de_frequencia:inst5|aux_tff ; divisor_de_frequencia:inst5|aux_tff ; 1.000        ; -0.070     ; 4.731      ;
; -3.799 ; contador_de_decada:inst43|dezena_q[1]  ; contador_de_decada:inst43|milhar_q[3]  ; divisor_de_frequencia:inst5|aux_tff ; divisor_de_frequencia:inst5|aux_tff ; 1.000        ; -0.070     ; 4.731      ;
; -3.798 ; contador_de_decada:inst43|dezena_q[1]  ; contador_de_decada:inst43|milhar_q[1]  ; divisor_de_frequencia:inst5|aux_tff ; divisor_de_frequencia:inst5|aux_tff ; 1.000        ; -0.070     ; 4.730      ;
; -3.795 ; contador_de_decada:inst43|dezena_q[0]  ; contador_de_decada:inst43|milhar_q[3]  ; divisor_de_frequencia:inst5|aux_tff ; divisor_de_frequencia:inst5|aux_tff ; 1.000        ; -0.070     ; 4.727      ;
; -3.794 ; contador_de_decada:inst43|dezena_q[0]  ; contador_de_decada:inst43|milhar_q[1]  ; divisor_de_frequencia:inst5|aux_tff ; divisor_de_frequencia:inst5|aux_tff ; 1.000        ; -0.070     ; 4.726      ;
; -3.791 ; contador_de_decada:inst43|dezena_q[1]  ; contador_de_decada:inst43|centena_q[1] ; divisor_de_frequencia:inst5|aux_tff ; divisor_de_frequencia:inst5|aux_tff ; 1.000        ; -0.069     ; 4.724      ;
; -3.791 ; contador_de_decada:inst43|dezena_q[2]  ; contador_de_decada:inst43|milhar_q[2]  ; divisor_de_frequencia:inst5|aux_tff ; divisor_de_frequencia:inst5|aux_tff ; 1.000        ; -0.070     ; 4.723      ;
; -3.790 ; contador_de_decada:inst43|centena_q[2] ; contador_de_decada:inst43|unidade_q[3] ; divisor_de_frequencia:inst5|aux_tff ; divisor_de_frequencia:inst5|aux_tff ; 1.000        ; -0.074     ; 4.718      ;
; -3.790 ; contador_de_decada:inst43|dezena_q[1]  ; contador_de_decada:inst43|centena_q[3] ; divisor_de_frequencia:inst5|aux_tff ; divisor_de_frequencia:inst5|aux_tff ; 1.000        ; -0.069     ; 4.723      ;
; -3.789 ; contador_de_decada:inst43|dezena_q[1]  ; contador_de_decada:inst43|centena_q[2] ; divisor_de_frequencia:inst5|aux_tff ; divisor_de_frequencia:inst5|aux_tff ; 1.000        ; -0.069     ; 4.722      ;
; -3.787 ; contador_de_decada:inst43|dezena_q[0]  ; contador_de_decada:inst43|centena_q[1] ; divisor_de_frequencia:inst5|aux_tff ; divisor_de_frequencia:inst5|aux_tff ; 1.000        ; -0.069     ; 4.720      ;
; -3.787 ; contador_de_decada:inst43|dezena_q[2]  ; contador_de_decada:inst43|milhar_q[3]  ; divisor_de_frequencia:inst5|aux_tff ; divisor_de_frequencia:inst5|aux_tff ; 1.000        ; -0.070     ; 4.719      ;
; -3.786 ; contador_de_decada:inst43|dezena_q[0]  ; contador_de_decada:inst43|centena_q[3] ; divisor_de_frequencia:inst5|aux_tff ; divisor_de_frequencia:inst5|aux_tff ; 1.000        ; -0.069     ; 4.719      ;
; -3.786 ; contador_de_decada:inst43|dezena_q[2]  ; contador_de_decada:inst43|milhar_q[1]  ; divisor_de_frequencia:inst5|aux_tff ; divisor_de_frequencia:inst5|aux_tff ; 1.000        ; -0.070     ; 4.718      ;
; -3.785 ; contador_de_decada:inst43|dezena_q[0]  ; contador_de_decada:inst43|centena_q[2] ; divisor_de_frequencia:inst5|aux_tff ; divisor_de_frequencia:inst5|aux_tff ; 1.000        ; -0.069     ; 4.718      ;
; -3.779 ; contador_de_decada:inst43|dezena_q[2]  ; contador_de_decada:inst43|centena_q[1] ; divisor_de_frequencia:inst5|aux_tff ; divisor_de_frequencia:inst5|aux_tff ; 1.000        ; -0.069     ; 4.712      ;
; -3.778 ; contador_de_decada:inst43|dezena_q[2]  ; contador_de_decada:inst43|centena_q[3] ; divisor_de_frequencia:inst5|aux_tff ; divisor_de_frequencia:inst5|aux_tff ; 1.000        ; -0.069     ; 4.711      ;
; -3.777 ; contador_de_decada:inst43|dezena_q[2]  ; contador_de_decada:inst43|centena_q[2] ; divisor_de_frequencia:inst5|aux_tff ; divisor_de_frequencia:inst5|aux_tff ; 1.000        ; -0.069     ; 4.710      ;
; -3.773 ; contador_de_decada:inst43|centena_q[2] ; contador_de_decada:inst43|unidade_q[1] ; divisor_de_frequencia:inst5|aux_tff ; divisor_de_frequencia:inst5|aux_tff ; 1.000        ; -0.074     ; 4.701      ;
; -3.770 ; contador_de_decada:inst43|centena_q[3] ; contador_de_decada:inst43|unidade_q[3] ; divisor_de_frequencia:inst5|aux_tff ; divisor_de_frequencia:inst5|aux_tff ; 1.000        ; -0.074     ; 4.698      ;
; -3.769 ; contador_de_decada:inst43|centena_q[2] ; contador_de_decada:inst43|unidade_q[2] ; divisor_de_frequencia:inst5|aux_tff ; divisor_de_frequencia:inst5|aux_tff ; 1.000        ; -0.074     ; 4.697      ;
; -3.753 ; contador_de_decada:inst43|centena_q[3] ; contador_de_decada:inst43|unidade_q[1] ; divisor_de_frequencia:inst5|aux_tff ; divisor_de_frequencia:inst5|aux_tff ; 1.000        ; -0.074     ; 4.681      ;
; -3.751 ; contador_de_decada:inst43|centena_q[0] ; contador_de_decada:inst43|dezena_q[2]  ; divisor_de_frequencia:inst5|aux_tff ; divisor_de_frequencia:inst5|aux_tff ; 1.000        ; -0.075     ; 4.678      ;
; -3.750 ; contador_de_decada:inst43|centena_q[0] ; contador_de_decada:inst43|dezena_q[3]  ; divisor_de_frequencia:inst5|aux_tff ; divisor_de_frequencia:inst5|aux_tff ; 1.000        ; -0.075     ; 4.677      ;
; -3.750 ; contador_de_decada:inst43|unidade_q[1] ; contador_de_decada:inst43|milhar_q[2]  ; divisor_de_frequencia:inst5|aux_tff ; divisor_de_frequencia:inst5|aux_tff ; 1.000        ; -0.071     ; 4.681      ;
; -3.749 ; contador_de_decada:inst43|centena_q[0] ; contador_de_decada:inst43|dezena_q[1]  ; divisor_de_frequencia:inst5|aux_tff ; divisor_de_frequencia:inst5|aux_tff ; 1.000        ; -0.075     ; 4.676      ;
; -3.749 ; contador_de_decada:inst43|centena_q[3] ; contador_de_decada:inst43|unidade_q[2] ; divisor_de_frequencia:inst5|aux_tff ; divisor_de_frequencia:inst5|aux_tff ; 1.000        ; -0.074     ; 4.677      ;
; -3.746 ; contador_de_decada:inst43|unidade_q[1] ; contador_de_decada:inst43|milhar_q[3]  ; divisor_de_frequencia:inst5|aux_tff ; divisor_de_frequencia:inst5|aux_tff ; 1.000        ; -0.071     ; 4.677      ;
; -3.745 ; contador_de_decada:inst43|unidade_q[2] ; contador_de_decada:inst43|milhar_q[2]  ; divisor_de_frequencia:inst5|aux_tff ; divisor_de_frequencia:inst5|aux_tff ; 1.000        ; -0.071     ; 4.676      ;
; -3.745 ; contador_de_decada:inst43|unidade_q[1] ; contador_de_decada:inst43|milhar_q[1]  ; divisor_de_frequencia:inst5|aux_tff ; divisor_de_frequencia:inst5|aux_tff ; 1.000        ; -0.071     ; 4.676      ;
; -3.741 ; contador_de_decada:inst43|unidade_q[2] ; contador_de_decada:inst43|dezena_q[2]  ; divisor_de_frequencia:inst5|aux_tff ; divisor_de_frequencia:inst5|aux_tff ; 1.000        ; -0.073     ; 4.670      ;
; -3.741 ; contador_de_decada:inst43|unidade_q[2] ; contador_de_decada:inst43|milhar_q[3]  ; divisor_de_frequencia:inst5|aux_tff ; divisor_de_frequencia:inst5|aux_tff ; 1.000        ; -0.071     ; 4.672      ;
; -3.740 ; contador_de_decada:inst43|unidade_q[2] ; contador_de_decada:inst43|dezena_q[3]  ; divisor_de_frequencia:inst5|aux_tff ; divisor_de_frequencia:inst5|aux_tff ; 1.000        ; -0.073     ; 4.669      ;
; -3.740 ; contador_de_decada:inst43|unidade_q[2] ; contador_de_decada:inst43|milhar_q[1]  ; divisor_de_frequencia:inst5|aux_tff ; divisor_de_frequencia:inst5|aux_tff ; 1.000        ; -0.071     ; 4.671      ;
; -3.739 ; contador_de_decada:inst43|unidade_q[2] ; contador_de_decada:inst43|dezena_q[1]  ; divisor_de_frequencia:inst5|aux_tff ; divisor_de_frequencia:inst5|aux_tff ; 1.000        ; -0.073     ; 4.668      ;
; -3.738 ; contador_de_decada:inst43|unidade_q[2] ; contador_de_decada:inst43|centena_q[1] ; divisor_de_frequencia:inst5|aux_tff ; divisor_de_frequencia:inst5|aux_tff ; 1.000        ; -0.070     ; 4.670      ;
; -3.738 ; contador_de_decada:inst43|unidade_q[1] ; contador_de_decada:inst43|centena_q[1] ; divisor_de_frequencia:inst5|aux_tff ; divisor_de_frequencia:inst5|aux_tff ; 1.000        ; -0.070     ; 4.670      ;
; -3.737 ; contador_de_decada:inst43|unidade_q[1] ; contador_de_decada:inst43|centena_q[3] ; divisor_de_frequencia:inst5|aux_tff ; divisor_de_frequencia:inst5|aux_tff ; 1.000        ; -0.070     ; 4.669      ;
; -3.736 ; contador_de_decada:inst43|unidade_q[1] ; contador_de_decada:inst43|centena_q[2] ; divisor_de_frequencia:inst5|aux_tff ; divisor_de_frequencia:inst5|aux_tff ; 1.000        ; -0.070     ; 4.668      ;
; -3.735 ; contador_de_decada:inst43|unidade_q[1] ; contador_de_decada:inst43|dezena_q[2]  ; divisor_de_frequencia:inst5|aux_tff ; divisor_de_frequencia:inst5|aux_tff ; 1.000        ; -0.073     ; 4.664      ;
; -3.734 ; contador_de_decada:inst43|unidade_q[1] ; contador_de_decada:inst43|dezena_q[3]  ; divisor_de_frequencia:inst5|aux_tff ; divisor_de_frequencia:inst5|aux_tff ; 1.000        ; -0.073     ; 4.663      ;
; -3.733 ; contador_de_decada:inst43|dezena_q[1]  ; contador_de_decada:inst43|dezena_q[2]  ; divisor_de_frequencia:inst5|aux_tff ; divisor_de_frequencia:inst5|aux_tff ; 1.000        ; -0.072     ; 4.663      ;
; -3.733 ; contador_de_decada:inst43|dezena_q[1]  ; contador_de_decada:inst43|dezena_q[3]  ; divisor_de_frequencia:inst5|aux_tff ; divisor_de_frequencia:inst5|aux_tff ; 1.000        ; -0.072     ; 4.663      ;
; -3.733 ; contador_de_decada:inst43|unidade_q[1] ; contador_de_decada:inst43|dezena_q[1]  ; divisor_de_frequencia:inst5|aux_tff ; divisor_de_frequencia:inst5|aux_tff ; 1.000        ; -0.073     ; 4.662      ;
; -3.732 ; contador_de_decada:inst43|dezena_q[1]  ; contador_de_decada:inst43|dezena_q[1]  ; divisor_de_frequencia:inst5|aux_tff ; divisor_de_frequencia:inst5|aux_tff ; 1.000        ; -0.072     ; 4.662      ;
; -3.732 ; contador_de_decada:inst43|unidade_q[2] ; contador_de_decada:inst43|centena_q[3] ; divisor_de_frequencia:inst5|aux_tff ; divisor_de_frequencia:inst5|aux_tff ; 1.000        ; -0.070     ; 4.664      ;
; -3.731 ; contador_de_decada:inst43|unidade_q[2] ; contador_de_decada:inst43|centena_q[2] ; divisor_de_frequencia:inst5|aux_tff ; divisor_de_frequencia:inst5|aux_tff ; 1.000        ; -0.070     ; 4.663      ;
; -3.725 ; contador_de_decada:inst43|dezena_q[0]  ; contador_de_decada:inst43|dezena_q[2]  ; divisor_de_frequencia:inst5|aux_tff ; divisor_de_frequencia:inst5|aux_tff ; 1.000        ; -0.072     ; 4.655      ;
; -3.724 ; contador_de_decada:inst43|dezena_q[0]  ; contador_de_decada:inst43|dezena_q[3]  ; divisor_de_frequencia:inst5|aux_tff ; divisor_de_frequencia:inst5|aux_tff ; 1.000        ; -0.072     ; 4.654      ;
; -3.723 ; contador_de_decada:inst43|dezena_q[0]  ; contador_de_decada:inst43|dezena_q[1]  ; divisor_de_frequencia:inst5|aux_tff ; divisor_de_frequencia:inst5|aux_tff ; 1.000        ; -0.072     ; 4.653      ;
; -3.721 ; contador_de_decada:inst43|dezena_q[2]  ; contador_de_decada:inst43|dezena_q[2]  ; divisor_de_frequencia:inst5|aux_tff ; divisor_de_frequencia:inst5|aux_tff ; 1.000        ; -0.072     ; 4.651      ;
+--------+----------------------------------------+----------------------------------------+-------------------------------------+-------------------------------------+--------------+------------+------------+


+---------------------------------------------------------------------------------------------------------------------------------------------------------------------------------------------------------------------------------------------------+
; Slow 1200mV 0C Model Setup: 'clock'                                                                                                                                                                                                               ;
+--------+----------------------------------------------------------------------+----------------------------------------------------------------------+-------------------------------------+-------------+--------------+------------+------------+
; Slack  ; From Node                                                            ; To Node                                                              ; Launch Clock                        ; Latch Clock ; Relationship ; Clock Skew ; Data Delay ;
+--------+----------------------------------------------------------------------+----------------------------------------------------------------------+-------------------------------------+-------------+--------------+------------+------------+
; -3.670 ; bloco_debounce:inst20|debounce:inst|ff3                              ; contador_4_bits_up_down:inst32|q[1]                                  ; divisor_de_frequencia:inst6|aux_tff ; clock       ; 1.000        ; -1.074     ; 3.588      ;
; -3.636 ; bloco_debounce:inst20|debounce:inst|ff3                              ; contador_4_bits_up_down:inst33|q[0]                                  ; divisor_de_frequencia:inst6|aux_tff ; clock       ; 1.000        ; -1.074     ; 3.554      ;
; -3.593 ; Seletor_alimentacao_display:inst46|divisor_de_frequencia:inst4|q[6]  ; Seletor_alimentacao_display:inst46|divisor_de_frequencia:inst4|q[1]  ; clock                               ; clock       ; 1.000        ; -0.541     ; 4.054      ;
; -3.593 ; Seletor_alimentacao_display:inst46|divisor_de_frequencia:inst4|q[6]  ; Seletor_alimentacao_display:inst46|divisor_de_frequencia:inst4|q[5]  ; clock                               ; clock       ; 1.000        ; -0.541     ; 4.054      ;
; -3.593 ; Seletor_alimentacao_display:inst46|divisor_de_frequencia:inst4|q[6]  ; Seletor_alimentacao_display:inst46|divisor_de_frequencia:inst4|q[7]  ; clock                               ; clock       ; 1.000        ; -0.541     ; 4.054      ;
; -3.593 ; Seletor_alimentacao_display:inst46|divisor_de_frequencia:inst4|q[6]  ; Seletor_alimentacao_display:inst46|divisor_de_frequencia:inst4|q[8]  ; clock                               ; clock       ; 1.000        ; -0.541     ; 4.054      ;
; -3.593 ; Seletor_alimentacao_display:inst46|divisor_de_frequencia:inst4|q[6]  ; Seletor_alimentacao_display:inst46|divisor_de_frequencia:inst4|q[9]  ; clock                               ; clock       ; 1.000        ; -0.541     ; 4.054      ;
; -3.593 ; Seletor_alimentacao_display:inst46|divisor_de_frequencia:inst4|q[6]  ; Seletor_alimentacao_display:inst46|divisor_de_frequencia:inst4|q[10] ; clock                               ; clock       ; 1.000        ; -0.541     ; 4.054      ;
; -3.593 ; Seletor_alimentacao_display:inst46|divisor_de_frequencia:inst4|q[6]  ; Seletor_alimentacao_display:inst46|divisor_de_frequencia:inst4|q[11] ; clock                               ; clock       ; 1.000        ; -0.541     ; 4.054      ;
; -3.593 ; Seletor_alimentacao_display:inst46|divisor_de_frequencia:inst4|q[6]  ; Seletor_alimentacao_display:inst46|divisor_de_frequencia:inst4|q[2]  ; clock                               ; clock       ; 1.000        ; -0.541     ; 4.054      ;
; -3.593 ; Seletor_alimentacao_display:inst46|divisor_de_frequencia:inst4|q[6]  ; Seletor_alimentacao_display:inst46|divisor_de_frequencia:inst4|q[3]  ; clock                               ; clock       ; 1.000        ; -0.541     ; 4.054      ;
; -3.593 ; Seletor_alimentacao_display:inst46|divisor_de_frequencia:inst4|q[6]  ; Seletor_alimentacao_display:inst46|divisor_de_frequencia:inst4|q[4]  ; clock                               ; clock       ; 1.000        ; -0.541     ; 4.054      ;
; -3.542 ; Seletor_alimentacao_display:inst46|divisor_de_frequencia:inst4|q[13] ; Seletor_alimentacao_display:inst46|divisor_de_frequencia:inst4|q[1]  ; clock                               ; clock       ; 1.000        ; -0.074     ; 4.470      ;
; -3.542 ; Seletor_alimentacao_display:inst46|divisor_de_frequencia:inst4|q[13] ; Seletor_alimentacao_display:inst46|divisor_de_frequencia:inst4|q[5]  ; clock                               ; clock       ; 1.000        ; -0.074     ; 4.470      ;
; -3.542 ; Seletor_alimentacao_display:inst46|divisor_de_frequencia:inst4|q[13] ; Seletor_alimentacao_display:inst46|divisor_de_frequencia:inst4|q[7]  ; clock                               ; clock       ; 1.000        ; -0.074     ; 4.470      ;
; -3.542 ; Seletor_alimentacao_display:inst46|divisor_de_frequencia:inst4|q[13] ; Seletor_alimentacao_display:inst46|divisor_de_frequencia:inst4|q[8]  ; clock                               ; clock       ; 1.000        ; -0.074     ; 4.470      ;
; -3.542 ; Seletor_alimentacao_display:inst46|divisor_de_frequencia:inst4|q[13] ; Seletor_alimentacao_display:inst46|divisor_de_frequencia:inst4|q[9]  ; clock                               ; clock       ; 1.000        ; -0.074     ; 4.470      ;
; -3.542 ; Seletor_alimentacao_display:inst46|divisor_de_frequencia:inst4|q[13] ; Seletor_alimentacao_display:inst46|divisor_de_frequencia:inst4|q[10] ; clock                               ; clock       ; 1.000        ; -0.074     ; 4.470      ;
; -3.542 ; Seletor_alimentacao_display:inst46|divisor_de_frequencia:inst4|q[13] ; Seletor_alimentacao_display:inst46|divisor_de_frequencia:inst4|q[11] ; clock                               ; clock       ; 1.000        ; -0.074     ; 4.470      ;
; -3.542 ; Seletor_alimentacao_display:inst46|divisor_de_frequencia:inst4|q[13] ; Seletor_alimentacao_display:inst46|divisor_de_frequencia:inst4|q[2]  ; clock                               ; clock       ; 1.000        ; -0.074     ; 4.470      ;
; -3.542 ; Seletor_alimentacao_display:inst46|divisor_de_frequencia:inst4|q[13] ; Seletor_alimentacao_display:inst46|divisor_de_frequencia:inst4|q[3]  ; clock                               ; clock       ; 1.000        ; -0.074     ; 4.470      ;
; -3.542 ; Seletor_alimentacao_display:inst46|divisor_de_frequencia:inst4|q[13] ; Seletor_alimentacao_display:inst46|divisor_de_frequencia:inst4|q[4]  ; clock                               ; clock       ; 1.000        ; -0.074     ; 4.470      ;
; -3.539 ; Seletor_alimentacao_display:inst46|divisor_de_frequencia:inst4|q[15] ; Seletor_alimentacao_display:inst46|divisor_de_frequencia:inst4|q[1]  ; clock                               ; clock       ; 1.000        ; -0.074     ; 4.467      ;
; -3.539 ; Seletor_alimentacao_display:inst46|divisor_de_frequencia:inst4|q[15] ; Seletor_alimentacao_display:inst46|divisor_de_frequencia:inst4|q[5]  ; clock                               ; clock       ; 1.000        ; -0.074     ; 4.467      ;
; -3.539 ; Seletor_alimentacao_display:inst46|divisor_de_frequencia:inst4|q[15] ; Seletor_alimentacao_display:inst46|divisor_de_frequencia:inst4|q[7]  ; clock                               ; clock       ; 1.000        ; -0.074     ; 4.467      ;
; -3.539 ; Seletor_alimentacao_display:inst46|divisor_de_frequencia:inst4|q[15] ; Seletor_alimentacao_display:inst46|divisor_de_frequencia:inst4|q[8]  ; clock                               ; clock       ; 1.000        ; -0.074     ; 4.467      ;
; -3.539 ; Seletor_alimentacao_display:inst46|divisor_de_frequencia:inst4|q[15] ; Seletor_alimentacao_display:inst46|divisor_de_frequencia:inst4|q[9]  ; clock                               ; clock       ; 1.000        ; -0.074     ; 4.467      ;
; -3.539 ; Seletor_alimentacao_display:inst46|divisor_de_frequencia:inst4|q[15] ; Seletor_alimentacao_display:inst46|divisor_de_frequencia:inst4|q[10] ; clock                               ; clock       ; 1.000        ; -0.074     ; 4.467      ;
; -3.539 ; Seletor_alimentacao_display:inst46|divisor_de_frequencia:inst4|q[15] ; Seletor_alimentacao_display:inst46|divisor_de_frequencia:inst4|q[11] ; clock                               ; clock       ; 1.000        ; -0.074     ; 4.467      ;
; -3.539 ; Seletor_alimentacao_display:inst46|divisor_de_frequencia:inst4|q[15] ; Seletor_alimentacao_display:inst46|divisor_de_frequencia:inst4|q[2]  ; clock                               ; clock       ; 1.000        ; -0.074     ; 4.467      ;
; -3.539 ; Seletor_alimentacao_display:inst46|divisor_de_frequencia:inst4|q[15] ; Seletor_alimentacao_display:inst46|divisor_de_frequencia:inst4|q[3]  ; clock                               ; clock       ; 1.000        ; -0.074     ; 4.467      ;
; -3.539 ; Seletor_alimentacao_display:inst46|divisor_de_frequencia:inst4|q[15] ; Seletor_alimentacao_display:inst46|divisor_de_frequencia:inst4|q[4]  ; clock                               ; clock       ; 1.000        ; -0.074     ; 4.467      ;
; -3.510 ; bloco_debounce:inst20|debounce:inst|ff3                              ; contador_4_bits_up_down:inst33|q[1]                                  ; divisor_de_frequencia:inst6|aux_tff ; clock       ; 1.000        ; -1.074     ; 3.428      ;
; -3.486 ; bloco_debounce:inst20|debounce:inst1|ff3                             ; contador_4_bits_up_down:inst33|q[3]                                  ; divisor_de_frequencia:inst6|aux_tff ; clock       ; 1.000        ; -1.080     ; 3.398      ;
; -3.477 ; Seletor_alimentacao_display:inst46|divisor_de_frequencia:inst4|q[14] ; Seletor_alimentacao_display:inst46|divisor_de_frequencia:inst4|q[1]  ; clock                               ; clock       ; 1.000        ; -0.074     ; 4.405      ;
; -3.477 ; Seletor_alimentacao_display:inst46|divisor_de_frequencia:inst4|q[14] ; Seletor_alimentacao_display:inst46|divisor_de_frequencia:inst4|q[5]  ; clock                               ; clock       ; 1.000        ; -0.074     ; 4.405      ;
; -3.477 ; Seletor_alimentacao_display:inst46|divisor_de_frequencia:inst4|q[14] ; Seletor_alimentacao_display:inst46|divisor_de_frequencia:inst4|q[7]  ; clock                               ; clock       ; 1.000        ; -0.074     ; 4.405      ;
; -3.477 ; Seletor_alimentacao_display:inst46|divisor_de_frequencia:inst4|q[14] ; Seletor_alimentacao_display:inst46|divisor_de_frequencia:inst4|q[8]  ; clock                               ; clock       ; 1.000        ; -0.074     ; 4.405      ;
; -3.477 ; Seletor_alimentacao_display:inst46|divisor_de_frequencia:inst4|q[14] ; Seletor_alimentacao_display:inst46|divisor_de_frequencia:inst4|q[9]  ; clock                               ; clock       ; 1.000        ; -0.074     ; 4.405      ;
; -3.477 ; Seletor_alimentacao_display:inst46|divisor_de_frequencia:inst4|q[14] ; Seletor_alimentacao_display:inst46|divisor_de_frequencia:inst4|q[10] ; clock                               ; clock       ; 1.000        ; -0.074     ; 4.405      ;
; -3.477 ; Seletor_alimentacao_display:inst46|divisor_de_frequencia:inst4|q[14] ; Seletor_alimentacao_display:inst46|divisor_de_frequencia:inst4|q[11] ; clock                               ; clock       ; 1.000        ; -0.074     ; 4.405      ;
; -3.477 ; Seletor_alimentacao_display:inst46|divisor_de_frequencia:inst4|q[14] ; Seletor_alimentacao_display:inst46|divisor_de_frequencia:inst4|q[2]  ; clock                               ; clock       ; 1.000        ; -0.074     ; 4.405      ;
; -3.477 ; Seletor_alimentacao_display:inst46|divisor_de_frequencia:inst4|q[14] ; Seletor_alimentacao_display:inst46|divisor_de_frequencia:inst4|q[3]  ; clock                               ; clock       ; 1.000        ; -0.074     ; 4.405      ;
; -3.477 ; Seletor_alimentacao_display:inst46|divisor_de_frequencia:inst4|q[14] ; Seletor_alimentacao_display:inst46|divisor_de_frequencia:inst4|q[4]  ; clock                               ; clock       ; 1.000        ; -0.074     ; 4.405      ;
; -3.474 ; bloco_debounce:inst20|debounce:inst1|ff3                             ; contador_4_bits_up_down:inst32|q[1]                                  ; divisor_de_frequencia:inst6|aux_tff ; clock       ; 1.000        ; -1.080     ; 3.386      ;
; -3.452 ; bloco_debounce:inst20|debounce:inst|ff3                              ; contador_4_bits_up_down:inst34|q[1]                                  ; divisor_de_frequencia:inst6|aux_tff ; clock       ; 1.000        ; -1.072     ; 3.372      ;
; -3.445 ; bloco_debounce:inst20|debounce:inst|ff3                              ; contador_4_bits_up_down:inst32|q[2]                                  ; divisor_de_frequencia:inst6|aux_tff ; clock       ; 1.000        ; -1.074     ; 3.363      ;
; -3.440 ; bloco_debounce:inst20|debounce:inst1|ff3                             ; contador_4_bits_up_down:inst33|q[0]                                  ; divisor_de_frequencia:inst6|aux_tff ; clock       ; 1.000        ; -1.080     ; 3.352      ;
; -3.381 ; bloco_debounce:inst20|debounce:inst1|ff3                             ; contador_2_bits_up_down:inst24|q[0]                                  ; divisor_de_frequencia:inst6|aux_tff ; clock       ; 1.000        ; -1.078     ; 3.295      ;
; -3.375 ; contador_de_decada:inst43|dezena_q[1]                                ; contador_reset_2_bits_up_down:inst49|q[1]                            ; divisor_de_frequencia:inst5|aux_tff ; clock       ; 1.000        ; -0.730     ; 3.637      ;
; -3.363 ; contador_de_decada:inst43|dezena_q[2]                                ; contador_reset_2_bits_up_down:inst49|q[1]                            ; divisor_de_frequencia:inst5|aux_tff ; clock       ; 1.000        ; -0.730     ; 3.625      ;
; -3.357 ; bloco_debounce:inst20|debounce:inst1|ff3                             ; contador_4_bits_up_down:inst34|q[3]                                  ; divisor_de_frequencia:inst6|aux_tff ; clock       ; 1.000        ; -1.077     ; 3.272      ;
; -3.345 ; bloco_debounce:inst20|debounce:inst1|ff3                             ; contador_4_bits_up_down:inst32|q[3]                                  ; divisor_de_frequencia:inst6|aux_tff ; clock       ; 1.000        ; -1.080     ; 3.257      ;
; -3.337 ; Seletor_alimentacao_display:inst46|divisor_de_frequencia:inst6|q[6]  ; Seletor_alimentacao_display:inst46|divisor_de_frequencia:inst6|q[1]  ; clock                               ; clock       ; 1.000        ; -0.072     ; 4.267      ;
; -3.337 ; Seletor_alimentacao_display:inst46|divisor_de_frequencia:inst6|q[6]  ; Seletor_alimentacao_display:inst46|divisor_de_frequencia:inst6|q[2]  ; clock                               ; clock       ; 1.000        ; -0.072     ; 4.267      ;
; -3.337 ; Seletor_alimentacao_display:inst46|divisor_de_frequencia:inst6|q[6]  ; Seletor_alimentacao_display:inst46|divisor_de_frequencia:inst6|q[3]  ; clock                               ; clock       ; 1.000        ; -0.072     ; 4.267      ;
; -3.337 ; Seletor_alimentacao_display:inst46|divisor_de_frequencia:inst6|q[6]  ; Seletor_alimentacao_display:inst46|divisor_de_frequencia:inst6|q[4]  ; clock                               ; clock       ; 1.000        ; -0.072     ; 4.267      ;
; -3.337 ; Seletor_alimentacao_display:inst46|divisor_de_frequencia:inst6|q[6]  ; Seletor_alimentacao_display:inst46|divisor_de_frequencia:inst6|q[5]  ; clock                               ; clock       ; 1.000        ; -0.072     ; 4.267      ;
; -3.337 ; Seletor_alimentacao_display:inst46|divisor_de_frequencia:inst6|q[6]  ; Seletor_alimentacao_display:inst46|divisor_de_frequencia:inst6|q[6]  ; clock                               ; clock       ; 1.000        ; -0.072     ; 4.267      ;
; -3.337 ; Seletor_alimentacao_display:inst46|divisor_de_frequencia:inst6|q[6]  ; Seletor_alimentacao_display:inst46|divisor_de_frequencia:inst6|q[7]  ; clock                               ; clock       ; 1.000        ; -0.072     ; 4.267      ;
; -3.337 ; Seletor_alimentacao_display:inst46|divisor_de_frequencia:inst6|q[6]  ; Seletor_alimentacao_display:inst46|divisor_de_frequencia:inst6|q[8]  ; clock                               ; clock       ; 1.000        ; -0.072     ; 4.267      ;
; -3.337 ; Seletor_alimentacao_display:inst46|divisor_de_frequencia:inst6|q[6]  ; Seletor_alimentacao_display:inst46|divisor_de_frequencia:inst6|q[9]  ; clock                               ; clock       ; 1.000        ; -0.072     ; 4.267      ;
; -3.337 ; Seletor_alimentacao_display:inst46|divisor_de_frequencia:inst6|q[6]  ; Seletor_alimentacao_display:inst46|divisor_de_frequencia:inst6|q[10] ; clock                               ; clock       ; 1.000        ; -0.072     ; 4.267      ;
; -3.337 ; Seletor_alimentacao_display:inst46|divisor_de_frequencia:inst6|q[6]  ; Seletor_alimentacao_display:inst46|divisor_de_frequencia:inst6|q[11] ; clock                               ; clock       ; 1.000        ; -0.072     ; 4.267      ;
; -3.330 ; bloco_debounce:inst20|debounce:inst|ff3                              ; contador_4_bits_up_down:inst33|q[3]                                  ; divisor_de_frequencia:inst6|aux_tff ; clock       ; 1.000        ; -1.074     ; 3.248      ;
; -3.315 ; Seletor_alimentacao_display:inst46|divisor_de_frequencia:inst4|q[12] ; Seletor_alimentacao_display:inst46|divisor_de_frequencia:inst4|q[1]  ; clock                               ; clock       ; 1.000        ; -0.074     ; 4.243      ;
; -3.315 ; Seletor_alimentacao_display:inst46|divisor_de_frequencia:inst4|q[12] ; Seletor_alimentacao_display:inst46|divisor_de_frequencia:inst4|q[5]  ; clock                               ; clock       ; 1.000        ; -0.074     ; 4.243      ;
; -3.315 ; Seletor_alimentacao_display:inst46|divisor_de_frequencia:inst4|q[12] ; Seletor_alimentacao_display:inst46|divisor_de_frequencia:inst4|q[7]  ; clock                               ; clock       ; 1.000        ; -0.074     ; 4.243      ;
; -3.315 ; Seletor_alimentacao_display:inst46|divisor_de_frequencia:inst4|q[12] ; Seletor_alimentacao_display:inst46|divisor_de_frequencia:inst4|q[8]  ; clock                               ; clock       ; 1.000        ; -0.074     ; 4.243      ;
; -3.315 ; Seletor_alimentacao_display:inst46|divisor_de_frequencia:inst4|q[12] ; Seletor_alimentacao_display:inst46|divisor_de_frequencia:inst4|q[9]  ; clock                               ; clock       ; 1.000        ; -0.074     ; 4.243      ;
; -3.315 ; Seletor_alimentacao_display:inst46|divisor_de_frequencia:inst4|q[12] ; Seletor_alimentacao_display:inst46|divisor_de_frequencia:inst4|q[10] ; clock                               ; clock       ; 1.000        ; -0.074     ; 4.243      ;
; -3.315 ; Seletor_alimentacao_display:inst46|divisor_de_frequencia:inst4|q[12] ; Seletor_alimentacao_display:inst46|divisor_de_frequencia:inst4|q[11] ; clock                               ; clock       ; 1.000        ; -0.074     ; 4.243      ;
; -3.315 ; Seletor_alimentacao_display:inst46|divisor_de_frequencia:inst4|q[12] ; Seletor_alimentacao_display:inst46|divisor_de_frequencia:inst4|q[2]  ; clock                               ; clock       ; 1.000        ; -0.074     ; 4.243      ;
; -3.315 ; Seletor_alimentacao_display:inst46|divisor_de_frequencia:inst4|q[12] ; Seletor_alimentacao_display:inst46|divisor_de_frequencia:inst4|q[3]  ; clock                               ; clock       ; 1.000        ; -0.074     ; 4.243      ;
; -3.315 ; Seletor_alimentacao_display:inst46|divisor_de_frequencia:inst4|q[12] ; Seletor_alimentacao_display:inst46|divisor_de_frequencia:inst4|q[4]  ; clock                               ; clock       ; 1.000        ; -0.074     ; 4.243      ;
; -3.314 ; bloco_debounce:inst20|debounce:inst1|ff3                             ; contador_4_bits_up_down:inst33|q[1]                                  ; divisor_de_frequencia:inst6|aux_tff ; clock       ; 1.000        ; -1.080     ; 3.226      ;
; -3.313 ; contador_de_decada:inst43|centena_q[1]                               ; contador_reset_2_bits_up_down:inst49|q[1]                            ; divisor_de_frequencia:inst5|aux_tff ; clock       ; 1.000        ; -0.733     ; 3.572      ;
; -3.293 ; bloco_debounce:inst20|debounce:inst1|ff3                             ; contador_4_bits_up_down:inst33|q[2]                                  ; divisor_de_frequencia:inst6|aux_tff ; clock       ; 1.000        ; -1.080     ; 3.205      ;
; -3.266 ; bloco_debounce:inst20|debounce:inst|ff3                              ; contador_4_bits_up_down:inst35|q[1]                                  ; divisor_de_frequencia:inst6|aux_tff ; clock       ; 1.000        ; -1.073     ; 3.185      ;
; -3.256 ; bloco_debounce:inst20|debounce:inst1|ff3                             ; contador_4_bits_up_down:inst34|q[1]                                  ; divisor_de_frequencia:inst6|aux_tff ; clock       ; 1.000        ; -1.078     ; 3.170      ;
; -3.249 ; bloco_debounce:inst20|debounce:inst1|ff3                             ; contador_4_bits_up_down:inst32|q[2]                                  ; divisor_de_frequencia:inst6|aux_tff ; clock       ; 1.000        ; -1.080     ; 3.161      ;
; -3.249 ; bloco_debounce:inst20|debounce:inst|ff3                              ; contador_4_bits_up_down:inst33|q[2]                                  ; divisor_de_frequencia:inst6|aux_tff ; clock       ; 1.000        ; -1.074     ; 3.167      ;
; -3.214 ; contador_de_decada:inst43|centena_q[0]                               ; contador_reset_2_bits_up_down:inst49|q[1]                            ; divisor_de_frequencia:inst5|aux_tff ; clock       ; 1.000        ; -0.733     ; 3.473      ;
; -3.213 ; contador_de_decada:inst43|dezena_q[0]                                ; contador_reset_2_bits_up_down:inst49|q[1]                            ; divisor_de_frequencia:inst5|aux_tff ; clock       ; 1.000        ; -0.730     ; 3.475      ;
; -3.210 ; contador_de_decada:inst43|unidade_q[2]                               ; contador_reset_2_bits_up_down:inst49|q[1]                            ; divisor_de_frequencia:inst5|aux_tff ; clock       ; 1.000        ; -0.731     ; 3.471      ;
; -3.184 ; bloco_debounce:inst20|debounce:inst1|ff3                             ; contador_4_bits_up_down:inst34|q[2]                                  ; divisor_de_frequencia:inst6|aux_tff ; clock       ; 1.000        ; -1.077     ; 3.099      ;
; -3.179 ; Seletor_alimentacao_display:inst46|divisor_de_frequencia:inst4|q[1]  ; Seletor_alimentacao_display:inst46|divisor_de_frequencia:inst4|q[1]  ; clock                               ; clock       ; 1.000        ; -0.072     ; 4.109      ;
; -3.179 ; Seletor_alimentacao_display:inst46|divisor_de_frequencia:inst4|q[1]  ; Seletor_alimentacao_display:inst46|divisor_de_frequencia:inst4|q[5]  ; clock                               ; clock       ; 1.000        ; -0.072     ; 4.109      ;
; -3.179 ; Seletor_alimentacao_display:inst46|divisor_de_frequencia:inst4|q[1]  ; Seletor_alimentacao_display:inst46|divisor_de_frequencia:inst4|q[7]  ; clock                               ; clock       ; 1.000        ; -0.072     ; 4.109      ;
; -3.179 ; Seletor_alimentacao_display:inst46|divisor_de_frequencia:inst4|q[1]  ; Seletor_alimentacao_display:inst46|divisor_de_frequencia:inst4|q[8]  ; clock                               ; clock       ; 1.000        ; -0.072     ; 4.109      ;
; -3.179 ; Seletor_alimentacao_display:inst46|divisor_de_frequencia:inst4|q[1]  ; Seletor_alimentacao_display:inst46|divisor_de_frequencia:inst4|q[9]  ; clock                               ; clock       ; 1.000        ; -0.072     ; 4.109      ;
; -3.179 ; Seletor_alimentacao_display:inst46|divisor_de_frequencia:inst4|q[1]  ; Seletor_alimentacao_display:inst46|divisor_de_frequencia:inst4|q[10] ; clock                               ; clock       ; 1.000        ; -0.072     ; 4.109      ;
; -3.179 ; Seletor_alimentacao_display:inst46|divisor_de_frequencia:inst4|q[1]  ; Seletor_alimentacao_display:inst46|divisor_de_frequencia:inst4|q[11] ; clock                               ; clock       ; 1.000        ; -0.072     ; 4.109      ;
; -3.179 ; Seletor_alimentacao_display:inst46|divisor_de_frequencia:inst4|q[1]  ; Seletor_alimentacao_display:inst46|divisor_de_frequencia:inst4|q[2]  ; clock                               ; clock       ; 1.000        ; -0.072     ; 4.109      ;
; -3.179 ; Seletor_alimentacao_display:inst46|divisor_de_frequencia:inst4|q[1]  ; Seletor_alimentacao_display:inst46|divisor_de_frequencia:inst4|q[3]  ; clock                               ; clock       ; 1.000        ; -0.072     ; 4.109      ;
; -3.179 ; Seletor_alimentacao_display:inst46|divisor_de_frequencia:inst4|q[1]  ; Seletor_alimentacao_display:inst46|divisor_de_frequencia:inst4|q[4]  ; clock                               ; clock       ; 1.000        ; -0.072     ; 4.109      ;
; -3.173 ; Seletor_alimentacao_display:inst46|divisor_de_frequencia:inst4|q[3]  ; Seletor_alimentacao_display:inst46|divisor_de_frequencia:inst4|q[1]  ; clock                               ; clock       ; 1.000        ; -0.072     ; 4.103      ;
; -3.173 ; Seletor_alimentacao_display:inst46|divisor_de_frequencia:inst4|q[3]  ; Seletor_alimentacao_display:inst46|divisor_de_frequencia:inst4|q[5]  ; clock                               ; clock       ; 1.000        ; -0.072     ; 4.103      ;
; -3.173 ; Seletor_alimentacao_display:inst46|divisor_de_frequencia:inst4|q[3]  ; Seletor_alimentacao_display:inst46|divisor_de_frequencia:inst4|q[7]  ; clock                               ; clock       ; 1.000        ; -0.072     ; 4.103      ;
; -3.173 ; Seletor_alimentacao_display:inst46|divisor_de_frequencia:inst4|q[3]  ; Seletor_alimentacao_display:inst46|divisor_de_frequencia:inst4|q[8]  ; clock                               ; clock       ; 1.000        ; -0.072     ; 4.103      ;
+--------+----------------------------------------------------------------------+----------------------------------------------------------------------+-------------------------------------+-------------+--------------+------------+------------+


+-------------------------------------------------------------------------------------------------------------------------------------------------------------------------------------------------------------------+
; Slow 1200mV 0C Model Setup: 'divisor_de_frequencia:inst6|aux_tff'                                                                                                                                                 ;
+--------+------------------------------------------+------------------------------------------+-------------------------------------+-------------------------------------+--------------+------------+------------+
; Slack  ; From Node                                ; To Node                                  ; Launch Clock                        ; Latch Clock                         ; Relationship ; Clock Skew ; Data Delay ;
+--------+------------------------------------------+------------------------------------------+-------------------------------------+-------------------------------------+--------------+------------+------------+
; -0.619 ; bloco_debounce:inst20|debounce:inst1|ff1 ; bloco_debounce:inst20|debounce:inst1|ff3 ; divisor_de_frequencia:inst6|aux_tff ; divisor_de_frequencia:inst6|aux_tff ; 1.000        ; -0.073     ; 1.548      ;
; -0.618 ; bloco_debounce:inst20|debounce:inst3|ff1 ; bloco_debounce:inst20|debounce:inst3|ff3 ; divisor_de_frequencia:inst6|aux_tff ; divisor_de_frequencia:inst6|aux_tff ; 1.000        ; -0.072     ; 1.548      ;
; -0.617 ; bloco_debounce:inst20|debounce:inst2|ff1 ; bloco_debounce:inst20|debounce:inst2|ff3 ; divisor_de_frequencia:inst6|aux_tff ; divisor_de_frequencia:inst6|aux_tff ; 1.000        ; -0.072     ; 1.547      ;
; -0.617 ; bloco_debounce:inst20|debounce:inst|ff1  ; bloco_debounce:inst20|debounce:inst|ff3  ; divisor_de_frequencia:inst6|aux_tff ; divisor_de_frequencia:inst6|aux_tff ; 1.000        ; -0.072     ; 1.547      ;
; -0.286 ; bloco_debounce:inst20|debounce:inst1|ff3 ; bloco_debounce:inst20|debounce:inst1|ff3 ; divisor_de_frequencia:inst6|aux_tff ; divisor_de_frequencia:inst6|aux_tff ; 1.000        ; -0.073     ; 1.215      ;
; -0.280 ; bloco_debounce:inst20|debounce:inst2|ff3 ; bloco_debounce:inst20|debounce:inst2|ff3 ; divisor_de_frequencia:inst6|aux_tff ; divisor_de_frequencia:inst6|aux_tff ; 1.000        ; -0.072     ; 1.210      ;
; -0.273 ; bloco_debounce:inst20|debounce:inst3|ff3 ; bloco_debounce:inst20|debounce:inst3|ff3 ; divisor_de_frequencia:inst6|aux_tff ; divisor_de_frequencia:inst6|aux_tff ; 1.000        ; -0.072     ; 1.203      ;
; -0.266 ; bloco_debounce:inst20|debounce:inst|ff3  ; bloco_debounce:inst20|debounce:inst|ff3  ; divisor_de_frequencia:inst6|aux_tff ; divisor_de_frequencia:inst6|aux_tff ; 1.000        ; -0.072     ; 1.196      ;
; -0.260 ; bloco_debounce:inst20|debounce:inst1|ff1 ; bloco_debounce:inst20|debounce:inst1|ff2 ; divisor_de_frequencia:inst6|aux_tff ; divisor_de_frequencia:inst6|aux_tff ; 1.000        ; -0.073     ; 1.189      ;
; -0.257 ; bloco_debounce:inst20|debounce:inst3|ff1 ; bloco_debounce:inst20|debounce:inst3|ff2 ; divisor_de_frequencia:inst6|aux_tff ; divisor_de_frequencia:inst6|aux_tff ; 1.000        ; -0.072     ; 1.187      ;
; -0.254 ; bloco_debounce:inst20|debounce:inst2|ff1 ; bloco_debounce:inst20|debounce:inst2|ff2 ; divisor_de_frequencia:inst6|aux_tff ; divisor_de_frequencia:inst6|aux_tff ; 1.000        ; -0.072     ; 1.184      ;
; -0.247 ; bloco_debounce:inst20|debounce:inst|ff1  ; bloco_debounce:inst20|debounce:inst|ff2  ; divisor_de_frequencia:inst6|aux_tff ; divisor_de_frequencia:inst6|aux_tff ; 1.000        ; -0.072     ; 1.177      ;
; -0.212 ; bloco_debounce:inst20|debounce:inst3|ff2 ; bloco_debounce:inst20|debounce:inst3|ff3 ; divisor_de_frequencia:inst6|aux_tff ; divisor_de_frequencia:inst6|aux_tff ; 1.000        ; -0.072     ; 1.142      ;
; -0.212 ; bloco_debounce:inst20|debounce:inst|ff2  ; bloco_debounce:inst20|debounce:inst|ff3  ; divisor_de_frequencia:inst6|aux_tff ; divisor_de_frequencia:inst6|aux_tff ; 1.000        ; -0.072     ; 1.142      ;
; -0.211 ; bloco_debounce:inst20|debounce:inst1|ff2 ; bloco_debounce:inst20|debounce:inst1|ff3 ; divisor_de_frequencia:inst6|aux_tff ; divisor_de_frequencia:inst6|aux_tff ; 1.000        ; -0.073     ; 1.140      ;
; -0.211 ; bloco_debounce:inst20|debounce:inst2|ff2 ; bloco_debounce:inst20|debounce:inst2|ff3 ; divisor_de_frequencia:inst6|aux_tff ; divisor_de_frequencia:inst6|aux_tff ; 1.000        ; -0.072     ; 1.141      ;
+--------+------------------------------------------+------------------------------------------+-------------------------------------+-------------------------------------+--------------+------------+------------+


+--------------------------------------------------------------------------------------------------------------------------------------------------------------------------------------------------------------------------------------------------------------------------------------------------------------------------------+
; Slow 1200mV 0C Model Setup: 'Seletor_alimentacao_display:inst46|divisor_de_frequencia:inst|aux_tff'                                                                                                                                                                                                                            ;
+-------+---------------------------------------------------------------+---------------------------------------------------------------+-----------------------------------------------------------------------+-----------------------------------------------------------------------+--------------+------------+------------+
; Slack ; From Node                                                     ; To Node                                                       ; Launch Clock                                                          ; Latch Clock                                                           ; Relationship ; Clock Skew ; Data Delay ;
+-------+---------------------------------------------------------------+---------------------------------------------------------------+-----------------------------------------------------------------------+-----------------------------------------------------------------------+--------------+------------+------------+
; 0.092 ; Seletor_alimentacao_display:inst46|contador_n_bits:inst1|q[0] ; Seletor_alimentacao_display:inst46|contador_n_bits:inst1|q[1] ; Seletor_alimentacao_display:inst46|divisor_de_frequencia:inst|aux_tff ; Seletor_alimentacao_display:inst46|divisor_de_frequencia:inst|aux_tff ; 1.000        ; -0.072     ; 0.838      ;
; 0.160 ; Seletor_alimentacao_display:inst46|contador_n_bits:inst1|q[0] ; Seletor_alimentacao_display:inst46|contador_n_bits:inst1|q[0] ; Seletor_alimentacao_display:inst46|divisor_de_frequencia:inst|aux_tff ; Seletor_alimentacao_display:inst46|divisor_de_frequencia:inst|aux_tff ; 1.000        ; -0.072     ; 0.770      ;
; 0.160 ; Seletor_alimentacao_display:inst46|contador_n_bits:inst1|q[1] ; Seletor_alimentacao_display:inst46|contador_n_bits:inst1|q[1] ; Seletor_alimentacao_display:inst46|divisor_de_frequencia:inst|aux_tff ; Seletor_alimentacao_display:inst46|divisor_de_frequencia:inst|aux_tff ; 1.000        ; -0.072     ; 0.770      ;
+-------+---------------------------------------------------------------+---------------------------------------------------------------+-----------------------------------------------------------------------+-----------------------------------------------------------------------+--------------+------------+------------+


+----------------------------------------------------------------------------------------------------------------------------------------------------------------------------------------------------------------------------------------------------------------------------------------+
; Slow 1200mV 0C Model Hold: 'clock'                                                                                                                                                                                                                                                     ;
+-------+------------------------------------------------------------------------+------------------------------------------------------------------------+-----------------------------------------------------------------------+-------------+--------------+------------+------------+
; Slack ; From Node                                                              ; To Node                                                                ; Launch Clock                                                          ; Latch Clock ; Relationship ; Clock Skew ; Data Delay ;
+-------+------------------------------------------------------------------------+------------------------------------------------------------------------+-----------------------------------------------------------------------+-------------+--------------+------------+------------+
; 0.383 ; contador_2_bits_habilitado:inst39|q[1]                                 ; contador_2_bits_habilitado:inst39|q[1]                                 ; clock                                                                 ; clock       ; 0.000        ; 0.091      ; 0.669      ;
; 0.384 ; controlador_pausa_reset:inst50|pausa_q                                 ; controlador_pausa_reset:inst50|pausa_q                                 ; clock                                                                 ; clock       ; 0.000        ; 0.090      ; 0.669      ;
; 0.400 ; Seletor_alimentacao_display:inst46|divisor_de_frequencia:inst|q[0]     ; Seletor_alimentacao_display:inst46|divisor_de_frequencia:inst|q[0]     ; clock                                                                 ; clock       ; 0.000        ; 0.089      ; 0.684      ;
; 0.401 ; teste_reset_latch:inst11|flag_q                                        ; teste_reset_latch:inst11|flag_q                                        ; clock                                                                 ; clock       ; 0.000        ; 0.073      ; 0.669      ;
; 0.401 ; contador_4_bits_up_down:inst35|q[0]                                    ; contador_4_bits_up_down:inst35|q[0]                                    ; clock                                                                 ; clock       ; 0.000        ; 0.073      ; 0.669      ;
; 0.401 ; contador_4_bits_up_down:inst33|q[0]                                    ; contador_4_bits_up_down:inst33|q[0]                                    ; clock                                                                 ; clock       ; 0.000        ; 0.073      ; 0.669      ;
; 0.401 ; contador_4_bits_up_down:inst33|q[1]                                    ; contador_4_bits_up_down:inst33|q[1]                                    ; clock                                                                 ; clock       ; 0.000        ; 0.073      ; 0.669      ;
; 0.401 ; contador_4_bits_up_down:inst32|q[0]                                    ; contador_4_bits_up_down:inst32|q[0]                                    ; clock                                                                 ; clock       ; 0.000        ; 0.073      ; 0.669      ;
; 0.402 ; contador_2_bits_up_down:inst24|q[0]                                    ; contador_2_bits_up_down:inst24|q[0]                                    ; clock                                                                 ; clock       ; 0.000        ; 0.072      ; 0.669      ;
; 0.402 ; Seletor_alimentacao_display:inst46|divisor_de_frequencia:inst4|aux_tff ; Seletor_alimentacao_display:inst46|divisor_de_frequencia:inst4|aux_tff ; clock                                                                 ; clock       ; 0.000        ; 0.072      ; 0.669      ;
; 0.402 ; Seletor_alimentacao_display:inst46|divisor_de_frequencia:inst6|aux_tff ; Seletor_alimentacao_display:inst46|divisor_de_frequencia:inst6|aux_tff ; clock                                                                 ; clock       ; 0.000        ; 0.072      ; 0.669      ;
; 0.402 ; contador_4_bits_up_down:inst34|q[0]                                    ; contador_4_bits_up_down:inst34|q[0]                                    ; clock                                                                 ; clock       ; 0.000        ; 0.072      ; 0.669      ;
; 0.402 ; contador_4_bits_up_down:inst34|q[1]                                    ; contador_4_bits_up_down:inst34|q[1]                                    ; clock                                                                 ; clock       ; 0.000        ; 0.072      ; 0.669      ;
; 0.402 ; decodificador_menu_digitos:inst37|aux_dig[4]                           ; decodificador_menu_digitos:inst37|aux_dig[4]                           ; clock                                                                 ; clock       ; 0.000        ; 0.072      ; 0.669      ;
; 0.402 ; flag_menu_visitado:inst41|comp_flag_q                                  ; flag_menu_visitado:inst41|comp_flag_q                                  ; clock                                                                 ; clock       ; 0.000        ; 0.072      ; 0.669      ;
; 0.402 ; decodificador_menu_digitos:inst37|aux_dig[2]                           ; decodificador_menu_digitos:inst37|aux_dig[2]                           ; clock                                                                 ; clock       ; 0.000        ; 0.072      ; 0.669      ;
; 0.402 ; contador_2_bits_habilitado:inst39|q[0]                                 ; contador_2_bits_habilitado:inst39|q[0]                                 ; clock                                                                 ; clock       ; 0.000        ; 0.072      ; 0.669      ;
; 0.417 ; Seletor_alimentacao_display:inst46|divisor_de_frequencia:inst4|q[0]    ; Seletor_alimentacao_display:inst46|divisor_de_frequencia:inst4|q[0]    ; clock                                                                 ; clock       ; 0.000        ; 0.072      ; 0.684      ;
; 0.417 ; Seletor_alimentacao_display:inst46|divisor_de_frequencia:inst6|q[0]    ; Seletor_alimentacao_display:inst46|divisor_de_frequencia:inst6|q[0]    ; clock                                                                 ; clock       ; 0.000        ; 0.072      ; 0.684      ;
; 0.455 ; Seletor_alimentacao_display:inst46|divisor_de_frequencia:inst|q[14]    ; Seletor_alimentacao_display:inst46|divisor_de_frequencia:inst|q[14]    ; clock                                                                 ; clock       ; 0.000        ; 0.072      ; 0.722      ;
; 0.457 ; Seletor_alimentacao_display:inst46|divisor_de_frequencia:inst6|q[22]   ; Seletor_alimentacao_display:inst46|divisor_de_frequencia:inst6|q[22]   ; clock                                                                 ; clock       ; 0.000        ; 0.072      ; 0.724      ;
; 0.547 ; Seletor_alimentacao_display:inst46|divisor_de_frequencia:inst4|q[5]    ; Seletor_alimentacao_display:inst46|divisor_de_frequencia:inst4|q[6]    ; clock                                                                 ; clock       ; 0.000        ; 0.541      ; 1.283      ;
; 0.630 ; divisor_de_frequencia:inst6|aux_tff                                    ; divisor_de_frequencia:inst6|aux_tff                                    ; divisor_de_frequencia:inst6|aux_tff                                   ; clock       ; 0.000        ; 2.383      ; 3.478      ;
; 0.648 ; Seletor_alimentacao_display:inst46|divisor_de_frequencia:inst4|q[4]    ; Seletor_alimentacao_display:inst46|divisor_de_frequencia:inst4|q[6]    ; clock                                                                 ; clock       ; 0.000        ; 0.541      ; 1.384      ;
; 0.671 ; Seletor_alimentacao_display:inst46|divisor_de_frequencia:inst4|q[3]    ; Seletor_alimentacao_display:inst46|divisor_de_frequencia:inst4|q[6]    ; clock                                                                 ; clock       ; 0.000        ; 0.541      ; 1.407      ;
; 0.672 ; divisor_de_frequencia:inst5|aux_tff                                    ; divisor_de_frequencia:inst5|aux_tff                                    ; divisor_de_frequencia:inst5|aux_tff                                   ; clock       ; 0.000        ; 2.383      ; 3.520      ;
; 0.691 ; Seletor_alimentacao_display:inst46|divisor_de_frequencia:inst4|q[2]    ; Seletor_alimentacao_display:inst46|divisor_de_frequencia:inst4|q[2]    ; clock                                                                 ; clock       ; 0.000        ; 0.072      ; 0.958      ;
; 0.691 ; Seletor_alimentacao_display:inst46|divisor_de_frequencia:inst4|q[6]    ; Seletor_alimentacao_display:inst46|divisor_de_frequencia:inst4|q[6]    ; clock                                                                 ; clock       ; 0.000        ; 0.090      ; 0.976      ;
; 0.692 ; Seletor_alimentacao_display:inst46|divisor_de_frequencia:inst|q[6]     ; Seletor_alimentacao_display:inst46|divisor_de_frequencia:inst|q[6]     ; clock                                                                 ; clock       ; 0.000        ; 0.072      ; 0.959      ;
; 0.692 ; Seletor_alimentacao_display:inst46|divisor_de_frequencia:inst4|q[10]   ; Seletor_alimentacao_display:inst46|divisor_de_frequencia:inst4|q[10]   ; clock                                                                 ; clock       ; 0.000        ; 0.072      ; 0.959      ;
; 0.692 ; Seletor_alimentacao_display:inst46|divisor_de_frequencia:inst4|q[11]   ; Seletor_alimentacao_display:inst46|divisor_de_frequencia:inst4|q[11]   ; clock                                                                 ; clock       ; 0.000        ; 0.072      ; 0.959      ;
; 0.692 ; Seletor_alimentacao_display:inst46|divisor_de_frequencia:inst6|q[2]    ; Seletor_alimentacao_display:inst46|divisor_de_frequencia:inst6|q[2]    ; clock                                                                 ; clock       ; 0.000        ; 0.072      ; 0.959      ;
; 0.692 ; Seletor_alimentacao_display:inst46|divisor_de_frequencia:inst6|q[11]   ; Seletor_alimentacao_display:inst46|divisor_de_frequencia:inst6|q[11]   ; clock                                                                 ; clock       ; 0.000        ; 0.072      ; 0.959      ;
; 0.692 ; Seletor_alimentacao_display:inst46|divisor_de_frequencia:inst6|q[12]   ; Seletor_alimentacao_display:inst46|divisor_de_frequencia:inst6|q[12]   ; clock                                                                 ; clock       ; 0.000        ; 0.072      ; 0.959      ;
; 0.693 ; Seletor_alimentacao_display:inst46|divisor_de_frequencia:inst6|q[7]    ; Seletor_alimentacao_display:inst46|divisor_de_frequencia:inst6|q[7]    ; clock                                                                 ; clock       ; 0.000        ; 0.072      ; 0.960      ;
; 0.693 ; Seletor_alimentacao_display:inst46|divisor_de_frequencia:inst6|q[8]    ; Seletor_alimentacao_display:inst46|divisor_de_frequencia:inst6|q[8]    ; clock                                                                 ; clock       ; 0.000        ; 0.072      ; 0.960      ;
; 0.693 ; Seletor_alimentacao_display:inst46|divisor_de_frequencia:inst6|q[10]   ; Seletor_alimentacao_display:inst46|divisor_de_frequencia:inst6|q[10]   ; clock                                                                 ; clock       ; 0.000        ; 0.072      ; 0.960      ;
; 0.694 ; Seletor_alimentacao_display:inst46|divisor_de_frequencia:inst4|q[7]    ; Seletor_alimentacao_display:inst46|divisor_de_frequencia:inst4|q[7]    ; clock                                                                 ; clock       ; 0.000        ; 0.072      ; 0.961      ;
; 0.694 ; Seletor_alimentacao_display:inst46|divisor_de_frequencia:inst4|q[8]    ; Seletor_alimentacao_display:inst46|divisor_de_frequencia:inst4|q[8]    ; clock                                                                 ; clock       ; 0.000        ; 0.072      ; 0.961      ;
; 0.694 ; Seletor_alimentacao_display:inst46|divisor_de_frequencia:inst4|q[9]    ; Seletor_alimentacao_display:inst46|divisor_de_frequencia:inst4|q[9]    ; clock                                                                 ; clock       ; 0.000        ; 0.072      ; 0.961      ;
; 0.694 ; Seletor_alimentacao_display:inst46|divisor_de_frequencia:inst6|q[9]    ; Seletor_alimentacao_display:inst46|divisor_de_frequencia:inst6|q[9]    ; clock                                                                 ; clock       ; 0.000        ; 0.072      ; 0.961      ;
; 0.694 ; Seletor_alimentacao_display:inst46|divisor_de_frequencia:inst6|q[14]   ; Seletor_alimentacao_display:inst46|divisor_de_frequencia:inst6|q[14]   ; clock                                                                 ; clock       ; 0.000        ; 0.072      ; 0.961      ;
; 0.694 ; Seletor_alimentacao_display:inst46|divisor_de_frequencia:inst6|q[17]   ; Seletor_alimentacao_display:inst46|divisor_de_frequencia:inst6|q[17]   ; clock                                                                 ; clock       ; 0.000        ; 0.072      ; 0.961      ;
; 0.694 ; Seletor_alimentacao_display:inst46|divisor_de_frequencia:inst6|q[18]   ; Seletor_alimentacao_display:inst46|divisor_de_frequencia:inst6|q[18]   ; clock                                                                 ; clock       ; 0.000        ; 0.072      ; 0.961      ;
; 0.695 ; Seletor_alimentacao_display:inst46|divisor_de_frequencia:inst|q[13]    ; Seletor_alimentacao_display:inst46|divisor_de_frequencia:inst|q[13]    ; clock                                                                 ; clock       ; 0.000        ; 0.072      ; 0.962      ;
; 0.695 ; Seletor_alimentacao_display:inst46|divisor_de_frequencia:inst4|q[4]    ; Seletor_alimentacao_display:inst46|divisor_de_frequencia:inst4|q[4]    ; clock                                                                 ; clock       ; 0.000        ; 0.072      ; 0.962      ;
; 0.695 ; Seletor_alimentacao_display:inst46|divisor_de_frequencia:inst6|q[15]   ; Seletor_alimentacao_display:inst46|divisor_de_frequencia:inst6|q[15]   ; clock                                                                 ; clock       ; 0.000        ; 0.072      ; 0.962      ;
; 0.695 ; Seletor_alimentacao_display:inst46|divisor_de_frequencia:inst6|q[16]   ; Seletor_alimentacao_display:inst46|divisor_de_frequencia:inst6|q[16]   ; clock                                                                 ; clock       ; 0.000        ; 0.072      ; 0.962      ;
; 0.696 ; Seletor_alimentacao_display:inst46|divisor_de_frequencia:inst|q[4]     ; Seletor_alimentacao_display:inst46|divisor_de_frequencia:inst|q[4]     ; clock                                                                 ; clock       ; 0.000        ; 0.072      ; 0.963      ;
; 0.696 ; Seletor_alimentacao_display:inst46|divisor_de_frequencia:inst|q[5]     ; Seletor_alimentacao_display:inst46|divisor_de_frequencia:inst|q[5]     ; clock                                                                 ; clock       ; 0.000        ; 0.072      ; 0.963      ;
; 0.696 ; Seletor_alimentacao_display:inst46|divisor_de_frequencia:inst6|q[20]   ; Seletor_alimentacao_display:inst46|divisor_de_frequencia:inst6|q[20]   ; clock                                                                 ; clock       ; 0.000        ; 0.072      ; 0.963      ;
; 0.696 ; Seletor_alimentacao_display:inst46|divisor_de_frequencia:inst6|q[4]    ; Seletor_alimentacao_display:inst46|divisor_de_frequencia:inst6|q[4]    ; clock                                                                 ; clock       ; 0.000        ; 0.072      ; 0.963      ;
; 0.696 ; Seletor_alimentacao_display:inst46|divisor_de_frequencia:inst6|q[13]   ; Seletor_alimentacao_display:inst46|divisor_de_frequencia:inst6|q[13]   ; clock                                                                 ; clock       ; 0.000        ; 0.072      ; 0.963      ;
; 0.697 ; Seletor_alimentacao_display:inst46|divisor_de_frequencia:inst|q[12]    ; Seletor_alimentacao_display:inst46|divisor_de_frequencia:inst|q[12]    ; clock                                                                 ; clock       ; 0.000        ; 0.072      ; 0.964      ;
; 0.697 ; Seletor_alimentacao_display:inst46|divisor_de_frequencia:inst4|q[5]    ; Seletor_alimentacao_display:inst46|divisor_de_frequencia:inst4|q[5]    ; clock                                                                 ; clock       ; 0.000        ; 0.072      ; 0.964      ;
; 0.697 ; Seletor_alimentacao_display:inst46|divisor_de_frequencia:inst4|q[23]   ; Seletor_alimentacao_display:inst46|divisor_de_frequencia:inst4|q[23]   ; clock                                                                 ; clock       ; 0.000        ; 0.072      ; 0.964      ;
; 0.697 ; Seletor_alimentacao_display:inst46|divisor_de_frequencia:inst4|q[22]   ; Seletor_alimentacao_display:inst46|divisor_de_frequencia:inst4|q[22]   ; clock                                                                 ; clock       ; 0.000        ; 0.072      ; 0.964      ;
; 0.697 ; Seletor_alimentacao_display:inst46|divisor_de_frequencia:inst6|q[5]    ; Seletor_alimentacao_display:inst46|divisor_de_frequencia:inst6|q[5]    ; clock                                                                 ; clock       ; 0.000        ; 0.072      ; 0.964      ;
; 0.699 ; Seletor_alimentacao_display:inst46|divisor_de_frequencia:inst4|q[21]   ; Seletor_alimentacao_display:inst46|divisor_de_frequencia:inst4|q[21]   ; clock                                                                 ; clock       ; 0.000        ; 0.072      ; 0.966      ;
; 0.699 ; Seletor_alimentacao_display:inst46|divisor_de_frequencia:inst4|q[3]    ; Seletor_alimentacao_display:inst46|divisor_de_frequencia:inst4|q[3]    ; clock                                                                 ; clock       ; 0.000        ; 0.072      ; 0.966      ;
; 0.699 ; Seletor_alimentacao_display:inst46|divisor_de_frequencia:inst6|q[3]    ; Seletor_alimentacao_display:inst46|divisor_de_frequencia:inst6|q[3]    ; clock                                                                 ; clock       ; 0.000        ; 0.072      ; 0.966      ;
; 0.700 ; Seletor_alimentacao_display:inst46|divisor_de_frequencia:inst|q[7]     ; Seletor_alimentacao_display:inst46|divisor_de_frequencia:inst|q[7]     ; clock                                                                 ; clock       ; 0.000        ; 0.072      ; 0.967      ;
; 0.700 ; Seletor_alimentacao_display:inst46|divisor_de_frequencia:inst6|q[19]   ; Seletor_alimentacao_display:inst46|divisor_de_frequencia:inst6|q[19]   ; clock                                                                 ; clock       ; 0.000        ; 0.072      ; 0.967      ;
; 0.707 ; Seletor_alimentacao_display:inst46|divisor_de_frequencia:inst4|q[18]   ; Seletor_alimentacao_display:inst46|divisor_de_frequencia:inst4|q[18]   ; clock                                                                 ; clock       ; 0.000        ; 0.072      ; 0.974      ;
; 0.708 ; Seletor_alimentacao_display:inst46|divisor_de_frequencia:inst|q[3]     ; Seletor_alimentacao_display:inst46|divisor_de_frequencia:inst|q[3]     ; clock                                                                 ; clock       ; 0.000        ; 0.072      ; 0.975      ;
; 0.708 ; Seletor_alimentacao_display:inst46|divisor_de_frequencia:inst|q[2]     ; Seletor_alimentacao_display:inst46|divisor_de_frequencia:inst|q[2]     ; clock                                                                 ; clock       ; 0.000        ; 0.072      ; 0.975      ;
; 0.709 ; Seletor_alimentacao_display:inst46|divisor_de_frequencia:inst|q[11]    ; Seletor_alimentacao_display:inst46|divisor_de_frequencia:inst|q[11]    ; clock                                                                 ; clock       ; 0.000        ; 0.072      ; 0.976      ;
; 0.709 ; Seletor_alimentacao_display:inst46|divisor_de_frequencia:inst4|q[16]   ; Seletor_alimentacao_display:inst46|divisor_de_frequencia:inst4|q[16]   ; clock                                                                 ; clock       ; 0.000        ; 0.072      ; 0.976      ;
; 0.709 ; Seletor_alimentacao_display:inst46|divisor_de_frequencia:inst4|q[17]   ; Seletor_alimentacao_display:inst46|divisor_de_frequencia:inst4|q[17]   ; clock                                                                 ; clock       ; 0.000        ; 0.072      ; 0.976      ;
; 0.709 ; Seletor_alimentacao_display:inst46|divisor_de_frequencia:inst6|q[6]    ; Seletor_alimentacao_display:inst46|divisor_de_frequencia:inst6|q[6]    ; clock                                                                 ; clock       ; 0.000        ; 0.072      ; 0.976      ;
; 0.710 ; Seletor_alimentacao_display:inst46|divisor_de_frequencia:inst|q[8]     ; Seletor_alimentacao_display:inst46|divisor_de_frequencia:inst|q[8]     ; clock                                                                 ; clock       ; 0.000        ; 0.072      ; 0.977      ;
; 0.710 ; Seletor_alimentacao_display:inst46|divisor_de_frequencia:inst|q[10]    ; Seletor_alimentacao_display:inst46|divisor_de_frequencia:inst|q[10]    ; clock                                                                 ; clock       ; 0.000        ; 0.072      ; 0.977      ;
; 0.710 ; Seletor_alimentacao_display:inst46|divisor_de_frequencia:inst4|q[20]   ; Seletor_alimentacao_display:inst46|divisor_de_frequencia:inst4|q[20]   ; clock                                                                 ; clock       ; 0.000        ; 0.072      ; 0.977      ;
; 0.713 ; Seletor_alimentacao_display:inst46|divisor_de_frequencia:inst|q[9]     ; Seletor_alimentacao_display:inst46|divisor_de_frequencia:inst|q[9]     ; clock                                                                 ; clock       ; 0.000        ; 0.072      ; 0.980      ;
; 0.713 ; Seletor_alimentacao_display:inst46|divisor_de_frequencia:inst4|q[19]   ; Seletor_alimentacao_display:inst46|divisor_de_frequencia:inst4|q[19]   ; clock                                                                 ; clock       ; 0.000        ; 0.072      ; 0.980      ;
; 0.713 ; Seletor_alimentacao_display:inst46|divisor_de_frequencia:inst6|q[21]   ; Seletor_alimentacao_display:inst46|divisor_de_frequencia:inst6|q[21]   ; clock                                                                 ; clock       ; 0.000        ; 0.072      ; 0.980      ;
; 0.717 ; Seletor_alimentacao_display:inst46|divisor_de_frequencia:inst4|q[0]    ; Seletor_alimentacao_display:inst46|divisor_de_frequencia:inst4|q[1]    ; clock                                                                 ; clock       ; 0.000        ; 0.072      ; 0.984      ;
; 0.717 ; Seletor_alimentacao_display:inst46|divisor_de_frequencia:inst6|q[0]    ; Seletor_alimentacao_display:inst46|divisor_de_frequencia:inst6|q[1]    ; clock                                                                 ; clock       ; 0.000        ; 0.072      ; 0.984      ;
; 0.718 ; Seletor_alimentacao_display:inst46|divisor_de_frequencia:inst4|q[1]    ; Seletor_alimentacao_display:inst46|divisor_de_frequencia:inst4|q[1]    ; clock                                                                 ; clock       ; 0.000        ; 0.072      ; 0.985      ;
; 0.719 ; Seletor_alimentacao_display:inst46|divisor_de_frequencia:inst6|q[1]    ; Seletor_alimentacao_display:inst46|divisor_de_frequencia:inst6|q[1]    ; clock                                                                 ; clock       ; 0.000        ; 0.072      ; 0.986      ;
; 0.730 ; Seletor_alimentacao_display:inst46|divisor_de_frequencia:inst|q[1]     ; Seletor_alimentacao_display:inst46|divisor_de_frequencia:inst|q[1]     ; clock                                                                 ; clock       ; 0.000        ; 0.072      ; 0.997      ;
; 0.738 ; decodificador_menu_digitos:inst37|digsel_q[4]                          ; contador_4_bits_up_down:inst35|q[0]                                    ; clock                                                                 ; clock       ; 0.000        ; 0.073      ; 1.006      ;
; 0.740 ; contador_2_bits_habilitado:inst39|btn1_reg                             ; controlador_pausa_reset:inst50|pausa_q                                 ; clock                                                                 ; clock       ; 0.000        ; 0.541      ; 1.476      ;
; 0.762 ; Seletor_alimentacao_display:inst46|divisor_de_frequencia:inst4|q[2]    ; Seletor_alimentacao_display:inst46|divisor_de_frequencia:inst4|q[6]    ; clock                                                                 ; clock       ; 0.000        ; 0.541      ; 1.498      ;
; 0.789 ; Seletor_alimentacao_display:inst46|divisor_de_frequencia:inst4|q[1]    ; Seletor_alimentacao_display:inst46|divisor_de_frequencia:inst4|q[6]    ; clock                                                                 ; clock       ; 0.000        ; 0.541      ; 1.525      ;
; 0.792 ; Seletor_alimentacao_display:inst46|divisor_de_frequencia:inst4|q[0]    ; Seletor_alimentacao_display:inst46|divisor_de_frequencia:inst4|q[6]    ; clock                                                                 ; clock       ; 0.000        ; 0.541      ; 1.528      ;
; 0.855 ; decodificador_menu_digitos:inst37|aux_dig[2]                           ; decodificador_menu_digitos:inst37|digsel_q[2]                          ; clock                                                                 ; clock       ; 0.000        ; 0.072      ; 1.122      ;
; 0.863 ; Seletor_alimentacao_display:inst46|divisor_de_frequencia:inst4|q[13]   ; Seletor_alimentacao_display:inst46|divisor_de_frequencia:inst4|q[13]   ; clock                                                                 ; clock       ; 0.000        ; 0.072      ; 1.130      ;
; 0.863 ; Seletor_alimentacao_display:inst46|divisor_de_frequencia:inst4|q[15]   ; Seletor_alimentacao_display:inst46|divisor_de_frequencia:inst4|q[15]   ; clock                                                                 ; clock       ; 0.000        ; 0.072      ; 1.130      ;
; 0.875 ; Seletor_alimentacao_display:inst46|divisor_de_frequencia:inst4|q[14]   ; Seletor_alimentacao_display:inst46|divisor_de_frequencia:inst4|q[14]   ; clock                                                                 ; clock       ; 0.000        ; 0.072      ; 1.142      ;
; 0.904 ; Seletor_alimentacao_display:inst46|divisor_de_frequencia:inst4|q[12]   ; Seletor_alimentacao_display:inst46|divisor_de_frequencia:inst4|q[12]   ; clock                                                                 ; clock       ; 0.000        ; 0.072      ; 1.171      ;
; 0.905 ; Seletor_alimentacao_display:inst46|divisor_de_frequencia:inst|aux_tff  ; Seletor_alimentacao_display:inst46|divisor_de_frequencia:inst|aux_tff  ; Seletor_alimentacao_display:inst46|divisor_de_frequencia:inst|aux_tff ; clock       ; 0.000        ; 2.383      ; 3.753      ;
; 0.987 ; decodificador_menu_digitos:inst37|aux_dig[1]                           ; decodificador_menu_digitos:inst37|digsel_q[1]                          ; clock                                                                 ; clock       ; 0.000        ; 0.072      ; 1.254      ;
; 0.991 ; contador_reset_2_bits_up_down:inst49|q[1]                              ; decodificador_menu_digitos:inst37|digsel_q[2]                          ; clock                                                                 ; clock       ; 0.000        ; 0.074      ; 1.260      ;
; 0.996 ; contador_4_bits_up_down:inst33|q[0]                                    ; contador_4_bits_up_down:inst33|q[1]                                    ; clock                                                                 ; clock       ; 0.000        ; 0.073      ; 1.264      ;
; 1.009 ; Seletor_alimentacao_display:inst46|divisor_de_frequencia:inst4|q[11]   ; Seletor_alimentacao_display:inst46|divisor_de_frequencia:inst4|q[12]   ; clock                                                                 ; clock       ; 0.000        ; 0.074      ; 1.278      ;
; 1.012 ; Seletor_alimentacao_display:inst46|divisor_de_frequencia:inst6|q[11]   ; Seletor_alimentacao_display:inst46|divisor_de_frequencia:inst6|q[12]   ; clock                                                                 ; clock       ; 0.000        ; 0.071      ; 1.278      ;
; 1.012 ; Seletor_alimentacao_display:inst46|divisor_de_frequencia:inst6|q[7]    ; Seletor_alimentacao_display:inst46|divisor_de_frequencia:inst6|q[8]    ; clock                                                                 ; clock       ; 0.000        ; 0.072      ; 1.279      ;
; 1.013 ; Seletor_alimentacao_display:inst46|divisor_de_frequencia:inst4|q[2]    ; Seletor_alimentacao_display:inst46|divisor_de_frequencia:inst4|q[3]    ; clock                                                                 ; clock       ; 0.000        ; 0.072      ; 1.280      ;
; 1.013 ; Seletor_alimentacao_display:inst46|divisor_de_frequencia:inst6|q[17]   ; Seletor_alimentacao_display:inst46|divisor_de_frequencia:inst6|q[18]   ; clock                                                                 ; clock       ; 0.000        ; 0.072      ; 1.280      ;
+-------+------------------------------------------------------------------------+------------------------------------------------------------------------+-----------------------------------------------------------------------+-------------+--------------+------------+------------+


+--------------------------------------------------------------------------------------------------------------------------------------------------------------------------------------------------------------------------------------------------------------------------------------------------------------------------------+
; Slow 1200mV 0C Model Hold: 'Seletor_alimentacao_display:inst46|divisor_de_frequencia:inst|aux_tff'                                                                                                                                                                                                                             ;
+-------+---------------------------------------------------------------+---------------------------------------------------------------+-----------------------------------------------------------------------+-----------------------------------------------------------------------+--------------+------------+------------+
; Slack ; From Node                                                     ; To Node                                                       ; Launch Clock                                                          ; Latch Clock                                                           ; Relationship ; Clock Skew ; Data Delay ;
+-------+---------------------------------------------------------------+---------------------------------------------------------------+-----------------------------------------------------------------------+-----------------------------------------------------------------------+--------------+------------+------------+
; 0.402 ; Seletor_alimentacao_display:inst46|contador_n_bits:inst1|q[1] ; Seletor_alimentacao_display:inst46|contador_n_bits:inst1|q[1] ; Seletor_alimentacao_display:inst46|divisor_de_frequencia:inst|aux_tff ; Seletor_alimentacao_display:inst46|divisor_de_frequencia:inst|aux_tff ; 0.000        ; 0.072      ; 0.669      ;
; 0.417 ; Seletor_alimentacao_display:inst46|contador_n_bits:inst1|q[0] ; Seletor_alimentacao_display:inst46|contador_n_bits:inst1|q[0] ; Seletor_alimentacao_display:inst46|divisor_de_frequencia:inst|aux_tff ; Seletor_alimentacao_display:inst46|divisor_de_frequencia:inst|aux_tff ; 0.000        ; 0.072      ; 0.684      ;
; 0.471 ; Seletor_alimentacao_display:inst46|contador_n_bits:inst1|q[0] ; Seletor_alimentacao_display:inst46|contador_n_bits:inst1|q[1] ; Seletor_alimentacao_display:inst46|divisor_de_frequencia:inst|aux_tff ; Seletor_alimentacao_display:inst46|divisor_de_frequencia:inst|aux_tff ; 0.000        ; 0.072      ; 0.738      ;
+-------+---------------------------------------------------------------+---------------------------------------------------------------+-----------------------------------------------------------------------+-----------------------------------------------------------------------+--------------+------------+------------+


+------------------------------------------------------------------------------------------------------------------------------------------------------------------------------------------------------------------+
; Slow 1200mV 0C Model Hold: 'divisor_de_frequencia:inst5|aux_tff'                                                                                                                                                 ;
+-------+--------------------------------------------+----------------------------------------+-------------------------------------+-------------------------------------+--------------+------------+------------+
; Slack ; From Node                                  ; To Node                                ; Launch Clock                        ; Latch Clock                         ; Relationship ; Clock Skew ; Data Delay ;
+-------+--------------------------------------------+----------------------------------------+-------------------------------------+-------------------------------------+--------------+------------+------------+
; 0.402 ; contador_de_decada:inst43|unidade_q[3]     ; contador_de_decada:inst43|unidade_q[3] ; divisor_de_frequencia:inst5|aux_tff ; divisor_de_frequencia:inst5|aux_tff ; 0.000        ; 0.072      ; 0.669      ;
; 0.402 ; contador_de_decada:inst43|unidade_q[1]     ; contador_de_decada:inst43|unidade_q[1] ; divisor_de_frequencia:inst5|aux_tff ; divisor_de_frequencia:inst5|aux_tff ; 0.000        ; 0.072      ; 0.669      ;
; 0.402 ; contador_de_decada:inst43|unidade_q[2]     ; contador_de_decada:inst43|unidade_q[2] ; divisor_de_frequencia:inst5|aux_tff ; divisor_de_frequencia:inst5|aux_tff ; 0.000        ; 0.072      ; 0.669      ;
; 0.402 ; contador_de_decada:inst43|milhar_q[3]      ; contador_de_decada:inst43|milhar_q[3]  ; divisor_de_frequencia:inst5|aux_tff ; divisor_de_frequencia:inst5|aux_tff ; 0.000        ; 0.072      ; 0.669      ;
; 0.402 ; contador_de_decada:inst43|milhar_q[2]      ; contador_de_decada:inst43|milhar_q[2]  ; divisor_de_frequencia:inst5|aux_tff ; divisor_de_frequencia:inst5|aux_tff ; 0.000        ; 0.072      ; 0.669      ;
; 0.402 ; contador_de_decada:inst43|milhar_q[1]      ; contador_de_decada:inst43|milhar_q[1]  ; divisor_de_frequencia:inst5|aux_tff ; divisor_de_frequencia:inst5|aux_tff ; 0.000        ; 0.072      ; 0.669      ;
; 0.402 ; contador_de_decada:inst43|unidade_q[0]     ; contador_de_decada:inst43|unidade_q[0] ; divisor_de_frequencia:inst5|aux_tff ; divisor_de_frequencia:inst5|aux_tff ; 0.000        ; 0.072      ; 0.669      ;
; 0.402 ; contador_de_decada:inst43|centena_q[0]     ; contador_de_decada:inst43|centena_q[0] ; divisor_de_frequencia:inst5|aux_tff ; divisor_de_frequencia:inst5|aux_tff ; 0.000        ; 0.072      ; 0.669      ;
; 0.402 ; contador_de_decada:inst43|dezena_q[3]      ; contador_de_decada:inst43|dezena_q[3]  ; divisor_de_frequencia:inst5|aux_tff ; divisor_de_frequencia:inst5|aux_tff ; 0.000        ; 0.072      ; 0.669      ;
; 0.402 ; contador_de_decada:inst43|dezena_q[2]      ; contador_de_decada:inst43|dezena_q[2]  ; divisor_de_frequencia:inst5|aux_tff ; divisor_de_frequencia:inst5|aux_tff ; 0.000        ; 0.072      ; 0.669      ;
; 0.402 ; contador_de_decada:inst43|dezena_q[1]      ; contador_de_decada:inst43|dezena_q[1]  ; divisor_de_frequencia:inst5|aux_tff ; divisor_de_frequencia:inst5|aux_tff ; 0.000        ; 0.072      ; 0.669      ;
; 0.402 ; contador_de_decada:inst43|dezena_q[0]      ; contador_de_decada:inst43|dezena_q[0]  ; divisor_de_frequencia:inst5|aux_tff ; divisor_de_frequencia:inst5|aux_tff ; 0.000        ; 0.072      ; 0.669      ;
; 0.402 ; contador_de_decada:inst43|centena_q[2]     ; contador_de_decada:inst43|centena_q[2] ; divisor_de_frequencia:inst5|aux_tff ; divisor_de_frequencia:inst5|aux_tff ; 0.000        ; 0.072      ; 0.669      ;
; 0.402 ; contador_de_decada:inst43|centena_q[1]     ; contador_de_decada:inst43|centena_q[1] ; divisor_de_frequencia:inst5|aux_tff ; divisor_de_frequencia:inst5|aux_tff ; 0.000        ; 0.072      ; 0.669      ;
; 0.402 ; contador_de_decada:inst43|centena_q[3]     ; contador_de_decada:inst43|centena_q[3] ; divisor_de_frequencia:inst5|aux_tff ; divisor_de_frequencia:inst5|aux_tff ; 0.000        ; 0.072      ; 0.669      ;
; 0.402 ; contador_de_decada:inst43|milhar_q[0]      ; contador_de_decada:inst43|milhar_q[0]  ; divisor_de_frequencia:inst5|aux_tff ; divisor_de_frequencia:inst5|aux_tff ; 0.000        ; 0.072      ; 0.669      ;
; 0.745 ; contador_de_decada:inst43|dezena_q[0]      ; contador_de_decada:inst43|dezena_q[1]  ; divisor_de_frequencia:inst5|aux_tff ; divisor_de_frequencia:inst5|aux_tff ; 0.000        ; 0.072      ; 1.012      ;
; 0.747 ; contador_de_decada:inst43|unidade_q[0]     ; contador_de_decada:inst43|unidade_q[1] ; divisor_de_frequencia:inst5|aux_tff ; divisor_de_frequencia:inst5|aux_tff ; 0.000        ; 0.072      ; 1.014      ;
; 0.894 ; contador_de_decada:inst43|milhar_q[0]      ; contador_de_decada:inst43|milhar_q[1]  ; divisor_de_frequencia:inst5|aux_tff ; divisor_de_frequencia:inst5|aux_tff ; 0.000        ; 0.072      ; 1.161      ;
; 0.952 ; contador_de_decada:inst43|centena_q[0]     ; contador_de_decada:inst43|centena_q[1] ; divisor_de_frequencia:inst5|aux_tff ; divisor_de_frequencia:inst5|aux_tff ; 0.000        ; 0.072      ; 1.219      ;
; 1.057 ; contador_de_decada:inst43|reset_reg        ; contador_de_decada:inst43|milhar_q[0]  ; divisor_de_frequencia:inst5|aux_tff ; divisor_de_frequencia:inst5|aux_tff ; 0.000        ; 0.072      ; 1.324      ;
; 1.102 ; contador_de_decada:inst43|centena_q[1]     ; contador_de_decada:inst43|centena_q[2] ; divisor_de_frequencia:inst5|aux_tff ; divisor_de_frequencia:inst5|aux_tff ; 0.000        ; 0.072      ; 1.369      ;
; 1.201 ; contador_de_decada:inst43|milhar_q[0]      ; contador_de_decada:inst43|milhar_q[3]  ; divisor_de_frequencia:inst5|aux_tff ; divisor_de_frequencia:inst5|aux_tff ; 0.000        ; 0.072      ; 1.468      ;
; 1.231 ; contador_de_decada:inst43|centena_q[1]     ; contador_de_decada:inst43|centena_q[3] ; divisor_de_frequencia:inst5|aux_tff ; divisor_de_frequencia:inst5|aux_tff ; 0.000        ; 0.072      ; 1.498      ;
; 1.250 ; contador_de_decada:inst43|unidade_q[1]     ; contador_de_decada:inst43|unidade_q[3] ; divisor_de_frequencia:inst5|aux_tff ; divisor_de_frequencia:inst5|aux_tff ; 0.000        ; 0.072      ; 1.517      ;
; 1.347 ; contador_de_decada:inst43|unidade_q[1]     ; contador_de_decada:inst43|unidade_q[2] ; divisor_de_frequencia:inst5|aux_tff ; divisor_de_frequencia:inst5|aux_tff ; 0.000        ; 0.072      ; 1.614      ;
; 1.350 ; contador_de_decada:inst43|dezena_q[0]      ; contador_de_decada:inst43|dezena_q[2]  ; divisor_de_frequencia:inst5|aux_tff ; divisor_de_frequencia:inst5|aux_tff ; 0.000        ; 0.072      ; 1.617      ;
; 1.353 ; contador_de_decada:inst43|dezena_q[2]      ; contador_de_decada:inst43|dezena_q[3]  ; divisor_de_frequencia:inst5|aux_tff ; divisor_de_frequencia:inst5|aux_tff ; 0.000        ; 0.072      ; 1.620      ;
; 1.357 ; contador_de_decada:inst43|centena_q[0]     ; contador_de_decada:inst43|centena_q[2] ; divisor_de_frequencia:inst5|aux_tff ; divisor_de_frequencia:inst5|aux_tff ; 0.000        ; 0.072      ; 1.624      ;
; 1.363 ; contador_de_decada:inst43|centena_q[2]     ; contador_de_decada:inst43|centena_q[3] ; divisor_de_frequencia:inst5|aux_tff ; divisor_de_frequencia:inst5|aux_tff ; 0.000        ; 0.072      ; 1.630      ;
; 1.368 ; controlador_pausa_reset:inst50|resetcont_q ; contador_de_decada:inst43|reset_reg    ; clock                               ; divisor_de_frequencia:inst5|aux_tff ; 0.000        ; 0.330      ; 1.923      ;
; 1.382 ; contador_de_decada:inst43|unidade_q[0]     ; contador_de_decada:inst43|unidade_q[3] ; divisor_de_frequencia:inst5|aux_tff ; divisor_de_frequencia:inst5|aux_tff ; 0.000        ; 0.072      ; 1.649      ;
; 1.388 ; contador_de_decada:inst43|unidade_q[2]     ; contador_de_decada:inst43|unidade_q[3] ; divisor_de_frequencia:inst5|aux_tff ; divisor_de_frequencia:inst5|aux_tff ; 0.000        ; 0.072      ; 1.655      ;
; 1.421 ; controlador_pausa_reset:inst50|resetcont_q ; contador_de_decada:inst43|milhar_q[0]  ; clock                               ; divisor_de_frequencia:inst5|aux_tff ; 0.000        ; 0.330      ; 1.976      ;
; 1.447 ; contador_de_decada:inst43|reset_reg        ; contador_de_decada:inst43|dezena_q[0]  ; divisor_de_frequencia:inst5|aux_tff ; divisor_de_frequencia:inst5|aux_tff ; 0.000        ; 0.070      ; 1.712      ;
; 1.475 ; contador_de_decada:inst43|milhar_q[1]      ; contador_de_decada:inst43|milhar_q[3]  ; divisor_de_frequencia:inst5|aux_tff ; divisor_de_frequencia:inst5|aux_tff ; 0.000        ; 0.072      ; 1.742      ;
; 1.482 ; contador_de_decada:inst43|reset_reg        ; contador_de_decada:inst43|centena_q[0] ; divisor_de_frequencia:inst5|aux_tff ; divisor_de_frequencia:inst5|aux_tff ; 0.000        ; 0.073      ; 1.750      ;
; 1.487 ; contador_de_decada:inst43|milhar_q[2]      ; contador_de_decada:inst43|milhar_q[3]  ; divisor_de_frequencia:inst5|aux_tff ; divisor_de_frequencia:inst5|aux_tff ; 0.000        ; 0.072      ; 1.754      ;
; 1.500 ; contador_de_decada:inst43|dezena_q[1]      ; contador_de_decada:inst43|dezena_q[3]  ; divisor_de_frequencia:inst5|aux_tff ; divisor_de_frequencia:inst5|aux_tff ; 0.000        ; 0.072      ; 1.767      ;
; 1.501 ; contador_de_decada:inst43|dezena_q[1]      ; contador_de_decada:inst43|dezena_q[2]  ; divisor_de_frequencia:inst5|aux_tff ; divisor_de_frequencia:inst5|aux_tff ; 0.000        ; 0.072      ; 1.768      ;
; 1.502 ; contador_de_decada:inst43|unidade_q[0]     ; contador_de_decada:inst43|unidade_q[2] ; divisor_de_frequencia:inst5|aux_tff ; divisor_de_frequencia:inst5|aux_tff ; 0.000        ; 0.072      ; 1.769      ;
; 1.525 ; contador_de_decada:inst43|centena_q[0]     ; contador_de_decada:inst43|centena_q[3] ; divisor_de_frequencia:inst5|aux_tff ; divisor_de_frequencia:inst5|aux_tff ; 0.000        ; 0.072      ; 1.792      ;
; 1.544 ; contador_de_decada:inst43|unidade_q[3]     ; contador_de_decada:inst43|dezena_q[0]  ; divisor_de_frequencia:inst5|aux_tff ; divisor_de_frequencia:inst5|aux_tff ; 0.000        ; 0.071      ; 1.810      ;
; 1.637 ; controlador_pausa_reset:inst50|resetcont_q ; contador_de_decada:inst43|unidade_q[0] ; clock                               ; divisor_de_frequencia:inst5|aux_tff ; 0.000        ; 0.329      ; 2.191      ;
; 1.656 ; contador_de_decada:inst43|milhar_q[1]      ; contador_de_decada:inst43|milhar_q[2]  ; divisor_de_frequencia:inst5|aux_tff ; divisor_de_frequencia:inst5|aux_tff ; 0.000        ; 0.072      ; 1.923      ;
; 1.661 ; contador_de_decada:inst43|unidade_q[1]     ; contador_de_decada:inst43|dezena_q[0]  ; divisor_de_frequencia:inst5|aux_tff ; divisor_de_frequencia:inst5|aux_tff ; 0.000        ; 0.071      ; 1.927      ;
; 1.669 ; contador_de_decada:inst43|milhar_q[0]      ; contador_de_decada:inst43|milhar_q[2]  ; divisor_de_frequencia:inst5|aux_tff ; divisor_de_frequencia:inst5|aux_tff ; 0.000        ; 0.072      ; 1.936      ;
; 1.670 ; contador_de_decada:inst43|dezena_q[0]      ; contador_de_decada:inst43|dezena_q[3]  ; divisor_de_frequencia:inst5|aux_tff ; divisor_de_frequencia:inst5|aux_tff ; 0.000        ; 0.072      ; 1.937      ;
; 1.679 ; contador_de_decada:inst43|milhar_q[3]      ; contador_de_decada:inst43|milhar_q[2]  ; divisor_de_frequencia:inst5|aux_tff ; divisor_de_frequencia:inst5|aux_tff ; 0.000        ; 0.072      ; 1.946      ;
; 1.679 ; contador_de_decada:inst43|milhar_q[3]      ; contador_de_decada:inst43|milhar_q[1]  ; divisor_de_frequencia:inst5|aux_tff ; divisor_de_frequencia:inst5|aux_tff ; 0.000        ; 0.072      ; 1.946      ;
; 1.697 ; contador_de_decada:inst43|reset_reg        ; contador_de_decada:inst43|unidade_q[0] ; divisor_de_frequencia:inst5|aux_tff ; divisor_de_frequencia:inst5|aux_tff ; 0.000        ; 0.071      ; 1.963      ;
; 1.754 ; flag_menu_visitado:inst41|comp_flag_q      ; contador_de_decada:inst43|milhar_q[0]  ; clock                               ; divisor_de_frequencia:inst5|aux_tff ; 0.000        ; 0.726      ; 2.705      ;
; 1.782 ; flag_menu_visitado:inst41|comp_flag_q      ; contador_de_decada:inst43|centena_q[0] ; clock                               ; divisor_de_frequencia:inst5|aux_tff ; 0.000        ; 0.727      ; 2.734      ;
; 1.782 ; contador_4_bits_up_down:inst35|q[1]        ; contador_de_decada:inst43|milhar_q[0]  ; clock                               ; divisor_de_frequencia:inst5|aux_tff ; 0.000        ; 0.729      ; 2.736      ;
; 1.793 ; contador_de_decada:inst43|reset_reg        ; contador_de_decada:inst43|milhar_q[3]  ; divisor_de_frequencia:inst5|aux_tff ; divisor_de_frequencia:inst5|aux_tff ; 0.000        ; 0.072      ; 2.060      ;
; 1.793 ; contador_de_decada:inst43|reset_reg        ; contador_de_decada:inst43|milhar_q[2]  ; divisor_de_frequencia:inst5|aux_tff ; divisor_de_frequencia:inst5|aux_tff ; 0.000        ; 0.072      ; 2.060      ;
; 1.793 ; contador_de_decada:inst43|reset_reg        ; contador_de_decada:inst43|milhar_q[1]  ; divisor_de_frequencia:inst5|aux_tff ; divisor_de_frequencia:inst5|aux_tff ; 0.000        ; 0.072      ; 2.060      ;
; 1.803 ; controlador_pausa_reset:inst50|resetcont_q ; contador_de_decada:inst43|dezena_q[0]  ; clock                               ; divisor_de_frequencia:inst5|aux_tff ; 0.000        ; 0.328      ; 2.356      ;
; 1.803 ; contador_de_decada:inst43|unidade_q[2]     ; contador_de_decada:inst43|dezena_q[0]  ; divisor_de_frequencia:inst5|aux_tff ; divisor_de_frequencia:inst5|aux_tff ; 0.000        ; 0.071      ; 2.069      ;
; 1.819 ; contador_4_bits_up_down:inst35|q[1]        ; contador_de_decada:inst43|centena_q[0] ; clock                               ; divisor_de_frequencia:inst5|aux_tff ; 0.000        ; 0.730      ; 2.774      ;
; 1.824 ; contador_de_decada:inst43|unidade_q[0]     ; contador_de_decada:inst43|dezena_q[0]  ; divisor_de_frequencia:inst5|aux_tff ; divisor_de_frequencia:inst5|aux_tff ; 0.000        ; 0.071      ; 2.090      ;
; 1.834 ; controlador_pausa_reset:inst50|pausa_q     ; contador_de_decada:inst43|milhar_q[0]  ; clock                               ; divisor_de_frequencia:inst5|aux_tff ; 0.000        ; 0.277      ; 2.336      ;
; 1.838 ; controlador_pausa_reset:inst50|resetcont_q ; contador_de_decada:inst43|centena_q[0] ; clock                               ; divisor_de_frequencia:inst5|aux_tff ; 0.000        ; 0.331      ; 2.394      ;
; 1.871 ; controlador_pausa_reset:inst50|pausa_q     ; contador_de_decada:inst43|centena_q[0] ; clock                               ; divisor_de_frequencia:inst5|aux_tff ; 0.000        ; 0.278      ; 2.374      ;
; 1.876 ; contador_de_decada:inst43|reset_reg        ; contador_de_decada:inst43|centena_q[2] ; divisor_de_frequencia:inst5|aux_tff ; divisor_de_frequencia:inst5|aux_tff ; 0.000        ; 0.073      ; 2.144      ;
; 1.876 ; contador_de_decada:inst43|reset_reg        ; contador_de_decada:inst43|centena_q[3] ; divisor_de_frequencia:inst5|aux_tff ; divisor_de_frequencia:inst5|aux_tff ; 0.000        ; 0.073      ; 2.144      ;
; 1.877 ; contador_de_decada:inst43|reset_reg        ; contador_de_decada:inst43|centena_q[1] ; divisor_de_frequencia:inst5|aux_tff ; divisor_de_frequencia:inst5|aux_tff ; 0.000        ; 0.073      ; 2.145      ;
; 1.901 ; contador_de_decada:inst43|unidade_q[3]     ; contador_de_decada:inst43|unidade_q[1] ; divisor_de_frequencia:inst5|aux_tff ; divisor_de_frequencia:inst5|aux_tff ; 0.000        ; 0.072      ; 2.168      ;
; 1.903 ; contador_de_decada:inst43|unidade_q[3]     ; contador_de_decada:inst43|unidade_q[2] ; divisor_de_frequencia:inst5|aux_tff ; divisor_de_frequencia:inst5|aux_tff ; 0.000        ; 0.072      ; 2.170      ;
; 1.908 ; controlador_pausa_reset:inst50|resetcont_q ; contador_de_decada:inst43|unidade_q[1] ; clock                               ; divisor_de_frequencia:inst5|aux_tff ; 0.000        ; 0.329      ; 2.462      ;
; 1.908 ; controlador_pausa_reset:inst50|resetcont_q ; contador_de_decada:inst43|milhar_q[1]  ; clock                               ; divisor_de_frequencia:inst5|aux_tff ; 0.000        ; 0.330      ; 2.463      ;
; 1.910 ; controlador_pausa_reset:inst50|resetcont_q ; contador_de_decada:inst43|unidade_q[2] ; clock                               ; divisor_de_frequencia:inst5|aux_tff ; 0.000        ; 0.329      ; 2.464      ;
; 1.910 ; contador_de_decada:inst43|unidade_q[3]     ; contador_de_decada:inst43|centena_q[2] ; divisor_de_frequencia:inst5|aux_tff ; divisor_de_frequencia:inst5|aux_tff ; 0.000        ; 0.074      ; 2.179      ;
; 1.910 ; contador_de_decada:inst43|unidade_q[3]     ; contador_de_decada:inst43|centena_q[3] ; divisor_de_frequencia:inst5|aux_tff ; divisor_de_frequencia:inst5|aux_tff ; 0.000        ; 0.074      ; 2.179      ;
; 1.911 ; contador_de_decada:inst43|unidade_q[3]     ; contador_de_decada:inst43|centena_q[1] ; divisor_de_frequencia:inst5|aux_tff ; divisor_de_frequencia:inst5|aux_tff ; 0.000        ; 0.074      ; 2.180      ;
; 1.918 ; controlador_pausa_reset:inst50|resetcont_q ; contador_de_decada:inst43|unidade_q[3] ; clock                               ; divisor_de_frequencia:inst5|aux_tff ; 0.000        ; 0.329      ; 2.472      ;
; 1.930 ; controlador_pausa_reset:inst50|resetcont_q ; contador_de_decada:inst43|milhar_q[3]  ; clock                               ; divisor_de_frequencia:inst5|aux_tff ; 0.000        ; 0.330      ; 2.485      ;
; 1.934 ; controlador_pausa_reset:inst50|resetcont_q ; contador_de_decada:inst43|milhar_q[2]  ; clock                               ; divisor_de_frequencia:inst5|aux_tff ; 0.000        ; 0.330      ; 2.489      ;
; 1.979 ; contador_de_decada:inst43|milhar_q[2]      ; contador_de_decada:inst43|milhar_q[1]  ; divisor_de_frequencia:inst5|aux_tff ; divisor_de_frequencia:inst5|aux_tff ; 0.000        ; 0.072      ; 2.246      ;
; 1.983 ; flag_menu_visitado:inst41|comp_flag_q      ; contador_de_decada:inst43|unidade_q[0] ; clock                               ; divisor_de_frequencia:inst5|aux_tff ; 0.000        ; 0.725      ; 2.933      ;
; 1.983 ; contador_de_decada:inst43|dezena_q[3]      ; contador_de_decada:inst43|centena_q[0] ; divisor_de_frequencia:inst5|aux_tff ; divisor_de_frequencia:inst5|aux_tff ; 0.000        ; 0.075      ; 2.253      ;
; 1.990 ; flag_menu_visitado:inst41|comp_flag_q      ; contador_de_decada:inst43|dezena_q[0]  ; clock                               ; divisor_de_frequencia:inst5|aux_tff ; 0.000        ; 0.724      ; 2.939      ;
; 2.008 ; contador_de_decada:inst43|reset_reg        ; contador_de_decada:inst43|dezena_q[1]  ; divisor_de_frequencia:inst5|aux_tff ; divisor_de_frequencia:inst5|aux_tff ; 0.000        ; 0.070      ; 2.273      ;
; 2.009 ; contador_de_decada:inst43|reset_reg        ; contador_de_decada:inst43|dezena_q[3]  ; divisor_de_frequencia:inst5|aux_tff ; divisor_de_frequencia:inst5|aux_tff ; 0.000        ; 0.070      ; 2.274      ;
; 2.010 ; contador_de_decada:inst43|reset_reg        ; contador_de_decada:inst43|dezena_q[2]  ; divisor_de_frequencia:inst5|aux_tff ; divisor_de_frequencia:inst5|aux_tff ; 0.000        ; 0.070      ; 2.275      ;
; 2.016 ; contador_de_decada:inst43|dezena_q[3]      ; contador_de_decada:inst43|centena_q[2] ; divisor_de_frequencia:inst5|aux_tff ; divisor_de_frequencia:inst5|aux_tff ; 0.000        ; 0.075      ; 2.286      ;
; 2.016 ; contador_de_decada:inst43|dezena_q[3]      ; contador_de_decada:inst43|centena_q[3] ; divisor_de_frequencia:inst5|aux_tff ; divisor_de_frequencia:inst5|aux_tff ; 0.000        ; 0.075      ; 2.286      ;
; 2.017 ; contador_de_decada:inst43|dezena_q[3]      ; contador_de_decada:inst43|centena_q[1] ; divisor_de_frequencia:inst5|aux_tff ; divisor_de_frequencia:inst5|aux_tff ; 0.000        ; 0.075      ; 2.287      ;
; 2.027 ; contador_de_decada:inst43|unidade_q[1]     ; contador_de_decada:inst43|centena_q[2] ; divisor_de_frequencia:inst5|aux_tff ; divisor_de_frequencia:inst5|aux_tff ; 0.000        ; 0.074      ; 2.296      ;
; 2.027 ; contador_de_decada:inst43|unidade_q[1]     ; contador_de_decada:inst43|centena_q[3] ; divisor_de_frequencia:inst5|aux_tff ; divisor_de_frequencia:inst5|aux_tff ; 0.000        ; 0.074      ; 2.296      ;
; 2.028 ; contador_de_decada:inst43|unidade_q[1]     ; contador_de_decada:inst43|centena_q[1] ; divisor_de_frequencia:inst5|aux_tff ; divisor_de_frequencia:inst5|aux_tff ; 0.000        ; 0.074      ; 2.297      ;
; 2.031 ; contador_de_decada:inst43|reset_reg        ; contador_de_decada:inst43|unidade_q[1] ; divisor_de_frequencia:inst5|aux_tff ; divisor_de_frequencia:inst5|aux_tff ; 0.000        ; 0.071      ; 2.297      ;
; 2.034 ; contador_de_decada:inst43|reset_reg        ; contador_de_decada:inst43|unidade_q[2] ; divisor_de_frequencia:inst5|aux_tff ; divisor_de_frequencia:inst5|aux_tff ; 0.000        ; 0.071      ; 2.300      ;
; 2.075 ; contador_4_bits_up_down:inst35|q[1]        ; contador_de_decada:inst43|unidade_q[0] ; clock                               ; divisor_de_frequencia:inst5|aux_tff ; 0.000        ; 0.728      ; 3.028      ;
; 2.079 ; contador_de_decada:inst43|reset_reg        ; contador_de_decada:inst43|unidade_q[3] ; divisor_de_frequencia:inst5|aux_tff ; divisor_de_frequencia:inst5|aux_tff ; 0.000        ; 0.071      ; 2.345      ;
; 2.082 ; contador_4_bits_up_down:inst35|q[1]        ; contador_de_decada:inst43|dezena_q[0]  ; clock                               ; divisor_de_frequencia:inst5|aux_tff ; 0.000        ; 0.727      ; 3.034      ;
; 2.089 ; contador_4_bits_up_down:inst35|q[1]        ; contador_de_decada:inst43|dezena_q[3]  ; clock                               ; divisor_de_frequencia:inst5|aux_tff ; 0.000        ; 0.727      ; 3.041      ;
; 2.090 ; contador_4_bits_up_down:inst35|q[1]        ; contador_de_decada:inst43|dezena_q[2]  ; clock                               ; divisor_de_frequencia:inst5|aux_tff ; 0.000        ; 0.727      ; 3.042      ;
; 2.106 ; contador_4_bits_up_down:inst35|q[3]        ; contador_de_decada:inst43|milhar_q[0]  ; clock                               ; divisor_de_frequencia:inst5|aux_tff ; 0.000        ; 0.729      ; 3.060      ;
; 2.110 ; contador_4_bits_up_down:inst35|q[1]        ; contador_de_decada:inst43|dezena_q[1]  ; clock                               ; divisor_de_frequencia:inst5|aux_tff ; 0.000        ; 0.727      ; 3.062      ;
+-------+--------------------------------------------+----------------------------------------+-------------------------------------+-------------------------------------+--------------+------------+------------+


+------------------------------------------------------------------------------------------------------------------------------------------------------------------------------------------------------------------+
; Slow 1200mV 0C Model Hold: 'divisor_de_frequencia:inst6|aux_tff'                                                                                                                                                 ;
+-------+------------------------------------------+------------------------------------------+-------------------------------------+-------------------------------------+--------------+------------+------------+
; Slack ; From Node                                ; To Node                                  ; Launch Clock                        ; Latch Clock                         ; Relationship ; Clock Skew ; Data Delay ;
+-------+------------------------------------------+------------------------------------------+-------------------------------------+-------------------------------------+--------------+------------+------------+
; 0.742 ; bloco_debounce:inst20|debounce:inst1|ff2 ; bloco_debounce:inst20|debounce:inst1|ff3 ; divisor_de_frequencia:inst6|aux_tff ; divisor_de_frequencia:inst6|aux_tff ; 0.000        ; 0.073      ; 1.010      ;
; 0.745 ; bloco_debounce:inst20|debounce:inst2|ff2 ; bloco_debounce:inst20|debounce:inst2|ff3 ; divisor_de_frequencia:inst6|aux_tff ; divisor_de_frequencia:inst6|aux_tff ; 0.000        ; 0.072      ; 1.012      ;
; 0.746 ; bloco_debounce:inst20|debounce:inst3|ff2 ; bloco_debounce:inst20|debounce:inst3|ff3 ; divisor_de_frequencia:inst6|aux_tff ; divisor_de_frequencia:inst6|aux_tff ; 0.000        ; 0.072      ; 1.013      ;
; 0.746 ; bloco_debounce:inst20|debounce:inst|ff2  ; bloco_debounce:inst20|debounce:inst|ff3  ; divisor_de_frequencia:inst6|aux_tff ; divisor_de_frequencia:inst6|aux_tff ; 0.000        ; 0.072      ; 1.013      ;
; 0.849 ; bloco_debounce:inst20|debounce:inst|ff3  ; bloco_debounce:inst20|debounce:inst|ff3  ; divisor_de_frequencia:inst6|aux_tff ; divisor_de_frequencia:inst6|aux_tff ; 0.000        ; 0.072      ; 1.116      ;
; 0.859 ; bloco_debounce:inst20|debounce:inst2|ff1 ; bloco_debounce:inst20|debounce:inst2|ff2 ; divisor_de_frequencia:inst6|aux_tff ; divisor_de_frequencia:inst6|aux_tff ; 0.000        ; 0.072      ; 1.126      ;
; 0.859 ; bloco_debounce:inst20|debounce:inst3|ff3 ; bloco_debounce:inst20|debounce:inst3|ff3 ; divisor_de_frequencia:inst6|aux_tff ; divisor_de_frequencia:inst6|aux_tff ; 0.000        ; 0.072      ; 1.126      ;
; 0.864 ; bloco_debounce:inst20|debounce:inst3|ff1 ; bloco_debounce:inst20|debounce:inst3|ff2 ; divisor_de_frequencia:inst6|aux_tff ; divisor_de_frequencia:inst6|aux_tff ; 0.000        ; 0.072      ; 1.131      ;
; 0.864 ; bloco_debounce:inst20|debounce:inst|ff1  ; bloco_debounce:inst20|debounce:inst|ff2  ; divisor_de_frequencia:inst6|aux_tff ; divisor_de_frequencia:inst6|aux_tff ; 0.000        ; 0.072      ; 1.131      ;
; 0.864 ; bloco_debounce:inst20|debounce:inst1|ff3 ; bloco_debounce:inst20|debounce:inst1|ff3 ; divisor_de_frequencia:inst6|aux_tff ; divisor_de_frequencia:inst6|aux_tff ; 0.000        ; 0.073      ; 1.132      ;
; 0.865 ; bloco_debounce:inst20|debounce:inst1|ff1 ; bloco_debounce:inst20|debounce:inst1|ff2 ; divisor_de_frequencia:inst6|aux_tff ; divisor_de_frequencia:inst6|aux_tff ; 0.000        ; 0.073      ; 1.133      ;
; 0.868 ; bloco_debounce:inst20|debounce:inst2|ff3 ; bloco_debounce:inst20|debounce:inst2|ff3 ; divisor_de_frequencia:inst6|aux_tff ; divisor_de_frequencia:inst6|aux_tff ; 0.000        ; 0.072      ; 1.135      ;
; 1.080 ; bloco_debounce:inst20|debounce:inst1|ff1 ; bloco_debounce:inst20|debounce:inst1|ff3 ; divisor_de_frequencia:inst6|aux_tff ; divisor_de_frequencia:inst6|aux_tff ; 0.000        ; 0.073      ; 1.348      ;
; 1.082 ; bloco_debounce:inst20|debounce:inst2|ff1 ; bloco_debounce:inst20|debounce:inst2|ff3 ; divisor_de_frequencia:inst6|aux_tff ; divisor_de_frequencia:inst6|aux_tff ; 0.000        ; 0.072      ; 1.349      ;
; 1.082 ; bloco_debounce:inst20|debounce:inst|ff1  ; bloco_debounce:inst20|debounce:inst|ff3  ; divisor_de_frequencia:inst6|aux_tff ; divisor_de_frequencia:inst6|aux_tff ; 0.000        ; 0.072      ; 1.349      ;
; 1.083 ; bloco_debounce:inst20|debounce:inst3|ff1 ; bloco_debounce:inst20|debounce:inst3|ff3 ; divisor_de_frequencia:inst6|aux_tff ; divisor_de_frequencia:inst6|aux_tff ; 0.000        ; 0.072      ; 1.350      ;
+-------+------------------------------------------+------------------------------------------+-------------------------------------+-------------------------------------+--------------+------------+------------+


----------------------------------------------
; Slow 1200mV 0C Model Metastability Summary ;
----------------------------------------------
No synchronizer chains to report.


+------------------------------------------------------------------------------------------------+
; Fast 1200mV 0C Model Setup Summary                                                             ;
+-----------------------------------------------------------------------+--------+---------------+
; Clock                                                                 ; Slack  ; End Point TNS ;
+-----------------------------------------------------------------------+--------+---------------+
; divisor_de_frequencia:inst5|aux_tff                                   ; -1.442 ; -20.021       ;
; clock                                                                 ; -1.102 ; -72.357       ;
; divisor_de_frequencia:inst6|aux_tff                                   ; 0.243  ; 0.000         ;
; Seletor_alimentacao_display:inst46|divisor_de_frequencia:inst|aux_tff ; 0.565  ; 0.000         ;
+-----------------------------------------------------------------------+--------+---------------+


+-----------------------------------------------------------------------------------------------+
; Fast 1200mV 0C Model Hold Summary                                                             ;
+-----------------------------------------------------------------------+-------+---------------+
; Clock                                                                 ; Slack ; End Point TNS ;
+-----------------------------------------------------------------------+-------+---------------+
; clock                                                                 ; 0.179 ; 0.000         ;
; Seletor_alimentacao_display:inst46|divisor_de_frequencia:inst|aux_tff ; 0.187 ; 0.000         ;
; divisor_de_frequencia:inst5|aux_tff                                   ; 0.187 ; 0.000         ;
; divisor_de_frequencia:inst6|aux_tff                                   ; 0.339 ; 0.000         ;
+-----------------------------------------------------------------------+-------+---------------+


-----------------------------------------
; Fast 1200mV 0C Model Recovery Summary ;
-----------------------------------------
No paths to report.


----------------------------------------
; Fast 1200mV 0C Model Removal Summary ;
----------------------------------------
No paths to report.


+------------------------------------------------------------------------------------------------+
; Fast 1200mV 0C Model Minimum Pulse Width Summary                                               ;
+-----------------------------------------------------------------------+--------+---------------+
; Clock                                                                 ; Slack  ; End Point TNS ;
+-----------------------------------------------------------------------+--------+---------------+
; clock                                                                 ; -3.000 ; -114.916      ;
; divisor_de_frequencia:inst5|aux_tff                                   ; -1.000 ; -17.000       ;
; divisor_de_frequencia:inst6|aux_tff                                   ; -1.000 ; -12.000       ;
; Seletor_alimentacao_display:inst46|divisor_de_frequencia:inst|aux_tff ; -1.000 ; -2.000        ;
+-----------------------------------------------------------------------+--------+---------------+


+---------------------------------------------------------------------------------------------------------------------------------------------------------------------------------------------------------------+
; Fast 1200mV 0C Model Setup: 'divisor_de_frequencia:inst5|aux_tff'                                                                                                                                             ;
+--------+----------------------------------------+----------------------------------------+-------------------------------------+-------------------------------------+--------------+------------+------------+
; Slack  ; From Node                              ; To Node                                ; Launch Clock                        ; Latch Clock                         ; Relationship ; Clock Skew ; Data Delay ;
+--------+----------------------------------------+----------------------------------------+-------------------------------------+-------------------------------------+--------------+------------+------------+
; -1.442 ; contador_de_decada:inst43|centena_q[1] ; contador_de_decada:inst43|unidade_q[1] ; divisor_de_frequencia:inst5|aux_tff ; divisor_de_frequencia:inst5|aux_tff ; 1.000        ; -0.039     ; 2.390      ;
; -1.439 ; contador_de_decada:inst43|centena_q[1] ; contador_de_decada:inst43|unidade_q[2] ; divisor_de_frequencia:inst5|aux_tff ; divisor_de_frequencia:inst5|aux_tff ; 1.000        ; -0.039     ; 2.387      ;
; -1.391 ; contador_de_decada:inst43|centena_q[0] ; contador_de_decada:inst43|unidade_q[1] ; divisor_de_frequencia:inst5|aux_tff ; divisor_de_frequencia:inst5|aux_tff ; 1.000        ; -0.039     ; 2.339      ;
; -1.389 ; contador_de_decada:inst43|centena_q[1] ; contador_de_decada:inst43|unidade_q[3] ; divisor_de_frequencia:inst5|aux_tff ; divisor_de_frequencia:inst5|aux_tff ; 1.000        ; -0.039     ; 2.337      ;
; -1.388 ; contador_de_decada:inst43|centena_q[0] ; contador_de_decada:inst43|unidade_q[2] ; divisor_de_frequencia:inst5|aux_tff ; divisor_de_frequencia:inst5|aux_tff ; 1.000        ; -0.039     ; 2.336      ;
; -1.341 ; contador_de_decada:inst43|unidade_q[2] ; contador_de_decada:inst43|unidade_q[1] ; divisor_de_frequencia:inst5|aux_tff ; divisor_de_frequencia:inst5|aux_tff ; 1.000        ; -0.036     ; 2.292      ;
; -1.338 ; contador_de_decada:inst43|unidade_q[2] ; contador_de_decada:inst43|unidade_q[2] ; divisor_de_frequencia:inst5|aux_tff ; divisor_de_frequencia:inst5|aux_tff ; 1.000        ; -0.036     ; 2.289      ;
; -1.338 ; contador_de_decada:inst43|centena_q[0] ; contador_de_decada:inst43|unidade_q[3] ; divisor_de_frequencia:inst5|aux_tff ; divisor_de_frequencia:inst5|aux_tff ; 1.000        ; -0.039     ; 2.286      ;
; -1.334 ; contador_de_decada:inst43|unidade_q[1] ; contador_de_decada:inst43|unidade_q[1] ; divisor_de_frequencia:inst5|aux_tff ; divisor_de_frequencia:inst5|aux_tff ; 1.000        ; -0.036     ; 2.285      ;
; -1.331 ; contador_de_decada:inst43|unidade_q[1] ; contador_de_decada:inst43|unidade_q[2] ; divisor_de_frequencia:inst5|aux_tff ; divisor_de_frequencia:inst5|aux_tff ; 1.000        ; -0.036     ; 2.282      ;
; -1.330 ; contador_de_decada:inst43|dezena_q[0]  ; contador_de_decada:inst43|unidade_q[1] ; divisor_de_frequencia:inst5|aux_tff ; divisor_de_frequencia:inst5|aux_tff ; 1.000        ; -0.035     ; 2.282      ;
; -1.327 ; contador_de_decada:inst43|dezena_q[0]  ; contador_de_decada:inst43|unidade_q[2] ; divisor_de_frequencia:inst5|aux_tff ; divisor_de_frequencia:inst5|aux_tff ; 1.000        ; -0.035     ; 2.279      ;
; -1.323 ; contador_de_decada:inst43|centena_q[1] ; contador_de_decada:inst43|milhar_q[2]  ; divisor_de_frequencia:inst5|aux_tff ; divisor_de_frequencia:inst5|aux_tff ; 1.000        ; -0.038     ; 2.272      ;
; -1.320 ; contador_de_decada:inst43|centena_q[1] ; contador_de_decada:inst43|milhar_q[3]  ; divisor_de_frequencia:inst5|aux_tff ; divisor_de_frequencia:inst5|aux_tff ; 1.000        ; -0.038     ; 2.269      ;
; -1.319 ; contador_de_decada:inst43|centena_q[1] ; contador_de_decada:inst43|milhar_q[1]  ; divisor_de_frequencia:inst5|aux_tff ; divisor_de_frequencia:inst5|aux_tff ; 1.000        ; -0.038     ; 2.268      ;
; -1.309 ; contador_de_decada:inst43|dezena_q[1]  ; contador_de_decada:inst43|unidade_q[3] ; divisor_de_frequencia:inst5|aux_tff ; divisor_de_frequencia:inst5|aux_tff ; 1.000        ; -0.035     ; 2.261      ;
; -1.307 ; contador_de_decada:inst43|dezena_q[2]  ; contador_de_decada:inst43|unidade_q[1] ; divisor_de_frequencia:inst5|aux_tff ; divisor_de_frequencia:inst5|aux_tff ; 1.000        ; -0.035     ; 2.259      ;
; -1.305 ; contador_de_decada:inst43|dezena_q[1]  ; contador_de_decada:inst43|unidade_q[1] ; divisor_de_frequencia:inst5|aux_tff ; divisor_de_frequencia:inst5|aux_tff ; 1.000        ; -0.035     ; 2.257      ;
; -1.304 ; contador_de_decada:inst43|dezena_q[2]  ; contador_de_decada:inst43|unidade_q[2] ; divisor_de_frequencia:inst5|aux_tff ; divisor_de_frequencia:inst5|aux_tff ; 1.000        ; -0.035     ; 2.256      ;
; -1.302 ; contador_de_decada:inst43|dezena_q[1]  ; contador_de_decada:inst43|unidade_q[2] ; divisor_de_frequencia:inst5|aux_tff ; divisor_de_frequencia:inst5|aux_tff ; 1.000        ; -0.035     ; 2.254      ;
; -1.301 ; contador_de_decada:inst43|dezena_q[2]  ; contador_de_decada:inst43|unidade_q[3] ; divisor_de_frequencia:inst5|aux_tff ; divisor_de_frequencia:inst5|aux_tff ; 1.000        ; -0.035     ; 2.253      ;
; -1.299 ; contador_de_decada:inst43|unidade_q[2] ; contador_de_decada:inst43|unidade_q[3] ; divisor_de_frequencia:inst5|aux_tff ; divisor_de_frequencia:inst5|aux_tff ; 1.000        ; -0.036     ; 2.250      ;
; -1.295 ; contador_de_decada:inst43|unidade_q[1] ; contador_de_decada:inst43|unidade_q[3] ; divisor_de_frequencia:inst5|aux_tff ; divisor_de_frequencia:inst5|aux_tff ; 1.000        ; -0.036     ; 2.246      ;
; -1.277 ; contador_de_decada:inst43|dezena_q[0]  ; contador_de_decada:inst43|unidade_q[3] ; divisor_de_frequencia:inst5|aux_tff ; divisor_de_frequencia:inst5|aux_tff ; 1.000        ; -0.035     ; 2.229      ;
; -1.276 ; contador_de_decada:inst43|centena_q[1] ; contador_de_decada:inst43|centena_q[1] ; divisor_de_frequencia:inst5|aux_tff ; divisor_de_frequencia:inst5|aux_tff ; 1.000        ; -0.036     ; 2.227      ;
; -1.275 ; contador_de_decada:inst43|centena_q[1] ; contador_de_decada:inst43|centena_q[3] ; divisor_de_frequencia:inst5|aux_tff ; divisor_de_frequencia:inst5|aux_tff ; 1.000        ; -0.036     ; 2.226      ;
; -1.274 ; contador_de_decada:inst43|centena_q[1] ; contador_de_decada:inst43|centena_q[2] ; divisor_de_frequencia:inst5|aux_tff ; divisor_de_frequencia:inst5|aux_tff ; 1.000        ; -0.036     ; 2.225      ;
; -1.273 ; contador_de_decada:inst43|unidade_q[0] ; contador_de_decada:inst43|unidade_q[1] ; divisor_de_frequencia:inst5|aux_tff ; divisor_de_frequencia:inst5|aux_tff ; 1.000        ; -0.036     ; 2.224      ;
; -1.272 ; contador_de_decada:inst43|centena_q[0] ; contador_de_decada:inst43|milhar_q[2]  ; divisor_de_frequencia:inst5|aux_tff ; divisor_de_frequencia:inst5|aux_tff ; 1.000        ; -0.038     ; 2.221      ;
; -1.270 ; contador_4_bits_up_down:inst32|q[1]    ; contador_de_decada:inst43|unidade_q[1] ; clock                               ; divisor_de_frequencia:inst5|aux_tff ; 1.000        ; 0.191      ; 2.438      ;
; -1.270 ; contador_de_decada:inst43|unidade_q[0] ; contador_de_decada:inst43|unidade_q[2] ; divisor_de_frequencia:inst5|aux_tff ; divisor_de_frequencia:inst5|aux_tff ; 1.000        ; -0.036     ; 2.221      ;
; -1.269 ; contador_de_decada:inst43|centena_q[0] ; contador_de_decada:inst43|milhar_q[3]  ; divisor_de_frequencia:inst5|aux_tff ; divisor_de_frequencia:inst5|aux_tff ; 1.000        ; -0.038     ; 2.218      ;
; -1.268 ; contador_de_decada:inst43|centena_q[0] ; contador_de_decada:inst43|milhar_q[1]  ; divisor_de_frequencia:inst5|aux_tff ; divisor_de_frequencia:inst5|aux_tff ; 1.000        ; -0.038     ; 2.217      ;
; -1.267 ; contador_4_bits_up_down:inst32|q[1]    ; contador_de_decada:inst43|unidade_q[2] ; clock                               ; divisor_de_frequencia:inst5|aux_tff ; 1.000        ; 0.191      ; 2.435      ;
; -1.256 ; contador_de_decada:inst43|unidade_q[3] ; contador_de_decada:inst43|unidade_q[1] ; divisor_de_frequencia:inst5|aux_tff ; divisor_de_frequencia:inst5|aux_tff ; 1.000        ; -0.036     ; 2.207      ;
; -1.255 ; contador_de_decada:inst43|centena_q[1] ; contador_de_decada:inst43|dezena_q[2]  ; divisor_de_frequencia:inst5|aux_tff ; divisor_de_frequencia:inst5|aux_tff ; 1.000        ; -0.040     ; 2.202      ;
; -1.253 ; contador_de_decada:inst43|centena_q[1] ; contador_de_decada:inst43|dezena_q[3]  ; divisor_de_frequencia:inst5|aux_tff ; divisor_de_frequencia:inst5|aux_tff ; 1.000        ; -0.040     ; 2.200      ;
; -1.253 ; contador_de_decada:inst43|unidade_q[3] ; contador_de_decada:inst43|unidade_q[2] ; divisor_de_frequencia:inst5|aux_tff ; divisor_de_frequencia:inst5|aux_tff ; 1.000        ; -0.036     ; 2.204      ;
; -1.252 ; contador_de_decada:inst43|centena_q[1] ; contador_de_decada:inst43|dezena_q[1]  ; divisor_de_frequencia:inst5|aux_tff ; divisor_de_frequencia:inst5|aux_tff ; 1.000        ; -0.040     ; 2.199      ;
; -1.248 ; contador_de_decada:inst43|centena_q[2] ; contador_de_decada:inst43|unidade_q[1] ; divisor_de_frequencia:inst5|aux_tff ; divisor_de_frequencia:inst5|aux_tff ; 1.000        ; -0.039     ; 2.196      ;
; -1.247 ; contador_de_decada:inst43|unidade_q[0] ; contador_de_decada:inst43|unidade_q[3] ; divisor_de_frequencia:inst5|aux_tff ; divisor_de_frequencia:inst5|aux_tff ; 1.000        ; -0.036     ; 2.198      ;
; -1.245 ; contador_de_decada:inst43|milhar_q[3]  ; contador_de_decada:inst43|unidade_q[1] ; divisor_de_frequencia:inst5|aux_tff ; divisor_de_frequencia:inst5|aux_tff ; 1.000        ; -0.037     ; 2.195      ;
; -1.245 ; contador_de_decada:inst43|centena_q[2] ; contador_de_decada:inst43|unidade_q[2] ; divisor_de_frequencia:inst5|aux_tff ; divisor_de_frequencia:inst5|aux_tff ; 1.000        ; -0.039     ; 2.193      ;
; -1.243 ; contador_de_decada:inst43|centena_q[3] ; contador_de_decada:inst43|unidade_q[1] ; divisor_de_frequencia:inst5|aux_tff ; divisor_de_frequencia:inst5|aux_tff ; 1.000        ; -0.039     ; 2.191      ;
; -1.242 ; contador_de_decada:inst43|milhar_q[3]  ; contador_de_decada:inst43|unidade_q[2] ; divisor_de_frequencia:inst5|aux_tff ; divisor_de_frequencia:inst5|aux_tff ; 1.000        ; -0.037     ; 2.192      ;
; -1.240 ; contador_de_decada:inst43|centena_q[3] ; contador_de_decada:inst43|unidade_q[2] ; divisor_de_frequencia:inst5|aux_tff ; divisor_de_frequencia:inst5|aux_tff ; 1.000        ; -0.039     ; 2.188      ;
; -1.232 ; contador_de_decada:inst43|unidade_q[3] ; contador_de_decada:inst43|unidade_q[3] ; divisor_de_frequencia:inst5|aux_tff ; divisor_de_frequencia:inst5|aux_tff ; 1.000        ; -0.036     ; 2.183      ;
; -1.225 ; contador_de_decada:inst43|centena_q[0] ; contador_de_decada:inst43|centena_q[1] ; divisor_de_frequencia:inst5|aux_tff ; divisor_de_frequencia:inst5|aux_tff ; 1.000        ; -0.036     ; 2.176      ;
; -1.225 ; contador_de_decada:inst43|milhar_q[2]  ; contador_de_decada:inst43|unidade_q[1] ; divisor_de_frequencia:inst5|aux_tff ; divisor_de_frequencia:inst5|aux_tff ; 1.000        ; -0.037     ; 2.175      ;
; -1.224 ; contador_de_decada:inst43|centena_q[0] ; contador_de_decada:inst43|centena_q[3] ; divisor_de_frequencia:inst5|aux_tff ; divisor_de_frequencia:inst5|aux_tff ; 1.000        ; -0.036     ; 2.175      ;
; -1.223 ; contador_de_decada:inst43|centena_q[0] ; contador_de_decada:inst43|centena_q[2] ; divisor_de_frequencia:inst5|aux_tff ; divisor_de_frequencia:inst5|aux_tff ; 1.000        ; -0.036     ; 2.174      ;
; -1.222 ; contador_de_decada:inst43|unidade_q[2] ; contador_de_decada:inst43|milhar_q[2]  ; divisor_de_frequencia:inst5|aux_tff ; divisor_de_frequencia:inst5|aux_tff ; 1.000        ; -0.035     ; 2.174      ;
; -1.222 ; contador_de_decada:inst43|milhar_q[2]  ; contador_de_decada:inst43|unidade_q[2] ; divisor_de_frequencia:inst5|aux_tff ; divisor_de_frequencia:inst5|aux_tff ; 1.000        ; -0.037     ; 2.172      ;
; -1.221 ; contador_4_bits_up_down:inst34|q[3]    ; contador_de_decada:inst43|unidade_q[1] ; clock                               ; divisor_de_frequencia:inst5|aux_tff ; 1.000        ; 0.188      ; 2.386      ;
; -1.219 ; contador_de_decada:inst43|unidade_q[2] ; contador_de_decada:inst43|milhar_q[3]  ; divisor_de_frequencia:inst5|aux_tff ; divisor_de_frequencia:inst5|aux_tff ; 1.000        ; -0.035     ; 2.171      ;
; -1.218 ; contador_4_bits_up_down:inst34|q[3]    ; contador_de_decada:inst43|unidade_q[2] ; clock                               ; divisor_de_frequencia:inst5|aux_tff ; 1.000        ; 0.188      ; 2.383      ;
; -1.218 ; contador_de_decada:inst43|unidade_q[2] ; contador_de_decada:inst43|milhar_q[1]  ; divisor_de_frequencia:inst5|aux_tff ; divisor_de_frequencia:inst5|aux_tff ; 1.000        ; -0.035     ; 2.170      ;
; -1.217 ; contador_4_bits_up_down:inst32|q[1]    ; contador_de_decada:inst43|unidade_q[3] ; clock                               ; divisor_de_frequencia:inst5|aux_tff ; 1.000        ; 0.191      ; 2.385      ;
; -1.217 ; contador_de_decada:inst43|dezena_q[3]  ; contador_de_decada:inst43|unidade_q[1] ; divisor_de_frequencia:inst5|aux_tff ; divisor_de_frequencia:inst5|aux_tff ; 1.000        ; -0.035     ; 2.169      ;
; -1.215 ; contador_de_decada:inst43|unidade_q[1] ; contador_de_decada:inst43|milhar_q[2]  ; divisor_de_frequencia:inst5|aux_tff ; divisor_de_frequencia:inst5|aux_tff ; 1.000        ; -0.035     ; 2.167      ;
; -1.214 ; contador_de_decada:inst43|dezena_q[3]  ; contador_de_decada:inst43|unidade_q[2] ; divisor_de_frequencia:inst5|aux_tff ; divisor_de_frequencia:inst5|aux_tff ; 1.000        ; -0.035     ; 2.166      ;
; -1.212 ; contador_de_decada:inst43|unidade_q[1] ; contador_de_decada:inst43|milhar_q[3]  ; divisor_de_frequencia:inst5|aux_tff ; divisor_de_frequencia:inst5|aux_tff ; 1.000        ; -0.035     ; 2.164      ;
; -1.211 ; contador_de_decada:inst43|dezena_q[0]  ; contador_de_decada:inst43|milhar_q[2]  ; divisor_de_frequencia:inst5|aux_tff ; divisor_de_frequencia:inst5|aux_tff ; 1.000        ; -0.034     ; 2.164      ;
; -1.211 ; contador_de_decada:inst43|unidade_q[1] ; contador_de_decada:inst43|milhar_q[1]  ; divisor_de_frequencia:inst5|aux_tff ; divisor_de_frequencia:inst5|aux_tff ; 1.000        ; -0.035     ; 2.163      ;
; -1.208 ; contador_de_decada:inst43|centena_q[2] ; contador_de_decada:inst43|unidade_q[3] ; divisor_de_frequencia:inst5|aux_tff ; divisor_de_frequencia:inst5|aux_tff ; 1.000        ; -0.039     ; 2.156      ;
; -1.208 ; contador_de_decada:inst43|dezena_q[0]  ; contador_de_decada:inst43|milhar_q[3]  ; divisor_de_frequencia:inst5|aux_tff ; divisor_de_frequencia:inst5|aux_tff ; 1.000        ; -0.034     ; 2.161      ;
; -1.207 ; contador_de_decada:inst43|dezena_q[0]  ; contador_de_decada:inst43|milhar_q[1]  ; divisor_de_frequencia:inst5|aux_tff ; divisor_de_frequencia:inst5|aux_tff ; 1.000        ; -0.034     ; 2.160      ;
; -1.204 ; contador_de_decada:inst43|centena_q[0] ; contador_de_decada:inst43|dezena_q[2]  ; divisor_de_frequencia:inst5|aux_tff ; divisor_de_frequencia:inst5|aux_tff ; 1.000        ; -0.040     ; 2.151      ;
; -1.203 ; contador_de_decada:inst43|milhar_q[3]  ; contador_de_decada:inst43|unidade_q[3] ; divisor_de_frequencia:inst5|aux_tff ; divisor_de_frequencia:inst5|aux_tff ; 1.000        ; -0.037     ; 2.153      ;
; -1.202 ; contador_de_decada:inst43|centena_q[0] ; contador_de_decada:inst43|dezena_q[3]  ; divisor_de_frequencia:inst5|aux_tff ; divisor_de_frequencia:inst5|aux_tff ; 1.000        ; -0.040     ; 2.149      ;
; -1.201 ; contador_de_decada:inst43|centena_q[0] ; contador_de_decada:inst43|dezena_q[1]  ; divisor_de_frequencia:inst5|aux_tff ; divisor_de_frequencia:inst5|aux_tff ; 1.000        ; -0.040     ; 2.148      ;
; -1.201 ; contador_de_decada:inst43|milhar_q[2]  ; contador_de_decada:inst43|unidade_q[3] ; divisor_de_frequencia:inst5|aux_tff ; divisor_de_frequencia:inst5|aux_tff ; 1.000        ; -0.037     ; 2.151      ;
; -1.190 ; contador_de_decada:inst43|centena_q[3] ; contador_de_decada:inst43|unidade_q[3] ; divisor_de_frequencia:inst5|aux_tff ; divisor_de_frequencia:inst5|aux_tff ; 1.000        ; -0.039     ; 2.138      ;
; -1.188 ; contador_de_decada:inst43|dezena_q[2]  ; contador_de_decada:inst43|milhar_q[2]  ; divisor_de_frequencia:inst5|aux_tff ; divisor_de_frequencia:inst5|aux_tff ; 1.000        ; -0.034     ; 2.141      ;
; -1.186 ; contador_de_decada:inst43|dezena_q[1]  ; contador_de_decada:inst43|milhar_q[2]  ; divisor_de_frequencia:inst5|aux_tff ; divisor_de_frequencia:inst5|aux_tff ; 1.000        ; -0.034     ; 2.139      ;
; -1.185 ; contador_de_decada:inst43|dezena_q[2]  ; contador_de_decada:inst43|milhar_q[3]  ; divisor_de_frequencia:inst5|aux_tff ; divisor_de_frequencia:inst5|aux_tff ; 1.000        ; -0.034     ; 2.138      ;
; -1.184 ; contador_de_decada:inst43|dezena_q[2]  ; contador_de_decada:inst43|milhar_q[1]  ; divisor_de_frequencia:inst5|aux_tff ; divisor_de_frequencia:inst5|aux_tff ; 1.000        ; -0.034     ; 2.137      ;
; -1.183 ; contador_de_decada:inst43|dezena_q[1]  ; contador_de_decada:inst43|milhar_q[3]  ; divisor_de_frequencia:inst5|aux_tff ; divisor_de_frequencia:inst5|aux_tff ; 1.000        ; -0.034     ; 2.136      ;
; -1.182 ; contador_de_decada:inst43|dezena_q[1]  ; contador_de_decada:inst43|milhar_q[1]  ; divisor_de_frequencia:inst5|aux_tff ; divisor_de_frequencia:inst5|aux_tff ; 1.000        ; -0.034     ; 2.135      ;
; -1.180 ; contador_de_decada:inst43|dezena_q[1]  ; contador_de_decada:inst43|centena_q[1] ; divisor_de_frequencia:inst5|aux_tff ; divisor_de_frequencia:inst5|aux_tff ; 1.000        ; -0.032     ; 2.135      ;
; -1.179 ; contador_4_bits_up_down:inst35|q[1]    ; contador_de_decada:inst43|unidade_q[1] ; clock                               ; divisor_de_frequencia:inst5|aux_tff ; 1.000        ; 0.189      ; 2.345      ;
; -1.179 ; contador_de_decada:inst43|dezena_q[1]  ; contador_de_decada:inst43|centena_q[3] ; divisor_de_frequencia:inst5|aux_tff ; divisor_de_frequencia:inst5|aux_tff ; 1.000        ; -0.032     ; 2.134      ;
; -1.178 ; contador_de_decada:inst43|dezena_q[1]  ; contador_de_decada:inst43|centena_q[2] ; divisor_de_frequencia:inst5|aux_tff ; divisor_de_frequencia:inst5|aux_tff ; 1.000        ; -0.032     ; 2.133      ;
; -1.177 ; contador_4_bits_up_down:inst32|q[2]    ; contador_de_decada:inst43|unidade_q[1] ; clock                               ; divisor_de_frequencia:inst5|aux_tff ; 1.000        ; 0.191      ; 2.345      ;
; -1.176 ; contador_4_bits_up_down:inst35|q[1]    ; contador_de_decada:inst43|unidade_q[2] ; clock                               ; divisor_de_frequencia:inst5|aux_tff ; 1.000        ; 0.189      ; 2.342      ;
; -1.176 ; contador_de_decada:inst43|milhar_q[0]  ; contador_de_decada:inst43|unidade_q[1] ; divisor_de_frequencia:inst5|aux_tff ; divisor_de_frequencia:inst5|aux_tff ; 1.000        ; -0.037     ; 2.126      ;
; -1.175 ; contador_de_decada:inst43|unidade_q[2] ; contador_de_decada:inst43|centena_q[1] ; divisor_de_frequencia:inst5|aux_tff ; divisor_de_frequencia:inst5|aux_tff ; 1.000        ; -0.033     ; 2.129      ;
; -1.174 ; contador_4_bits_up_down:inst32|q[2]    ; contador_de_decada:inst43|unidade_q[2] ; clock                               ; divisor_de_frequencia:inst5|aux_tff ; 1.000        ; 0.191      ; 2.342      ;
; -1.174 ; contador_de_decada:inst43|unidade_q[2] ; contador_de_decada:inst43|centena_q[3] ; divisor_de_frequencia:inst5|aux_tff ; divisor_de_frequencia:inst5|aux_tff ; 1.000        ; -0.033     ; 2.128      ;
; -1.173 ; contador_de_decada:inst43|milhar_q[0]  ; contador_de_decada:inst43|unidade_q[2] ; divisor_de_frequencia:inst5|aux_tff ; divisor_de_frequencia:inst5|aux_tff ; 1.000        ; -0.037     ; 2.123      ;
; -1.173 ; contador_de_decada:inst43|unidade_q[2] ; contador_de_decada:inst43|centena_q[2] ; divisor_de_frequencia:inst5|aux_tff ; divisor_de_frequencia:inst5|aux_tff ; 1.000        ; -0.033     ; 2.127      ;
; -1.172 ; contador_de_decada:inst43|dezena_q[2]  ; contador_de_decada:inst43|centena_q[1] ; divisor_de_frequencia:inst5|aux_tff ; divisor_de_frequencia:inst5|aux_tff ; 1.000        ; -0.032     ; 2.127      ;
; -1.171 ; contador_4_bits_up_down:inst32|q[0]    ; contador_de_decada:inst43|unidade_q[1] ; clock                               ; divisor_de_frequencia:inst5|aux_tff ; 1.000        ; 0.191      ; 2.339      ;
; -1.171 ; contador_de_decada:inst43|dezena_q[2]  ; contador_de_decada:inst43|centena_q[3] ; divisor_de_frequencia:inst5|aux_tff ; divisor_de_frequencia:inst5|aux_tff ; 1.000        ; -0.032     ; 2.126      ;
; -1.171 ; contador_de_decada:inst43|milhar_q[1]  ; contador_de_decada:inst43|unidade_q[1] ; divisor_de_frequencia:inst5|aux_tff ; divisor_de_frequencia:inst5|aux_tff ; 1.000        ; -0.037     ; 2.121      ;
; -1.170 ; contador_de_decada:inst43|dezena_q[2]  ; contador_de_decada:inst43|centena_q[2] ; divisor_de_frequencia:inst5|aux_tff ; divisor_de_frequencia:inst5|aux_tff ; 1.000        ; -0.032     ; 2.125      ;
; -1.168 ; contador_4_bits_up_down:inst32|q[0]    ; contador_de_decada:inst43|unidade_q[2] ; clock                               ; divisor_de_frequencia:inst5|aux_tff ; 1.000        ; 0.191      ; 2.336      ;
; -1.168 ; contador_4_bits_up_down:inst34|q[3]    ; contador_de_decada:inst43|unidade_q[3] ; clock                               ; divisor_de_frequencia:inst5|aux_tff ; 1.000        ; 0.188      ; 2.333      ;
; -1.168 ; contador_de_decada:inst43|unidade_q[1] ; contador_de_decada:inst43|centena_q[1] ; divisor_de_frequencia:inst5|aux_tff ; divisor_de_frequencia:inst5|aux_tff ; 1.000        ; -0.033     ; 2.122      ;
; -1.168 ; contador_de_decada:inst43|milhar_q[1]  ; contador_de_decada:inst43|unidade_q[2] ; divisor_de_frequencia:inst5|aux_tff ; divisor_de_frequencia:inst5|aux_tff ; 1.000        ; -0.037     ; 2.118      ;
+--------+----------------------------------------+----------------------------------------+-------------------------------------+-------------------------------------+--------------+------------+------------+


+---------------------------------------------------------------------------------------------------------------------------------------------------------------------------------------------------------------------------------------------------+
; Fast 1200mV 0C Model Setup: 'clock'                                                                                                                                                                                                               ;
+--------+----------------------------------------------------------------------+----------------------------------------------------------------------+-------------------------------------+-------------+--------------+------------+------------+
; Slack  ; From Node                                                            ; To Node                                                              ; Launch Clock                        ; Latch Clock ; Relationship ; Clock Skew ; Data Delay ;
+--------+----------------------------------------------------------------------+----------------------------------------------------------------------+-------------------------------------+-------------+--------------+------------+------------+
; -1.102 ; bloco_debounce:inst20|debounce:inst1|ff3                             ; contador_4_bits_up_down:inst33|q[3]                                  ; divisor_de_frequencia:inst6|aux_tff ; clock       ; 1.000        ; -0.456     ; 1.623      ;
; -1.075 ; Seletor_alimentacao_display:inst46|divisor_de_frequencia:inst4|q[15] ; Seletor_alimentacao_display:inst46|divisor_de_frequencia:inst4|q[1]  ; clock                               ; clock       ; 1.000        ; -0.037     ; 2.025      ;
; -1.075 ; Seletor_alimentacao_display:inst46|divisor_de_frequencia:inst4|q[15] ; Seletor_alimentacao_display:inst46|divisor_de_frequencia:inst4|q[5]  ; clock                               ; clock       ; 1.000        ; -0.037     ; 2.025      ;
; -1.075 ; Seletor_alimentacao_display:inst46|divisor_de_frequencia:inst4|q[15] ; Seletor_alimentacao_display:inst46|divisor_de_frequencia:inst4|q[7]  ; clock                               ; clock       ; 1.000        ; -0.037     ; 2.025      ;
; -1.075 ; Seletor_alimentacao_display:inst46|divisor_de_frequencia:inst4|q[15] ; Seletor_alimentacao_display:inst46|divisor_de_frequencia:inst4|q[8]  ; clock                               ; clock       ; 1.000        ; -0.037     ; 2.025      ;
; -1.075 ; Seletor_alimentacao_display:inst46|divisor_de_frequencia:inst4|q[15] ; Seletor_alimentacao_display:inst46|divisor_de_frequencia:inst4|q[9]  ; clock                               ; clock       ; 1.000        ; -0.037     ; 2.025      ;
; -1.075 ; Seletor_alimentacao_display:inst46|divisor_de_frequencia:inst4|q[15] ; Seletor_alimentacao_display:inst46|divisor_de_frequencia:inst4|q[10] ; clock                               ; clock       ; 1.000        ; -0.037     ; 2.025      ;
; -1.075 ; Seletor_alimentacao_display:inst46|divisor_de_frequencia:inst4|q[15] ; Seletor_alimentacao_display:inst46|divisor_de_frequencia:inst4|q[11] ; clock                               ; clock       ; 1.000        ; -0.037     ; 2.025      ;
; -1.075 ; Seletor_alimentacao_display:inst46|divisor_de_frequencia:inst4|q[15] ; Seletor_alimentacao_display:inst46|divisor_de_frequencia:inst4|q[2]  ; clock                               ; clock       ; 1.000        ; -0.037     ; 2.025      ;
; -1.075 ; Seletor_alimentacao_display:inst46|divisor_de_frequencia:inst4|q[15] ; Seletor_alimentacao_display:inst46|divisor_de_frequencia:inst4|q[3]  ; clock                               ; clock       ; 1.000        ; -0.037     ; 2.025      ;
; -1.075 ; Seletor_alimentacao_display:inst46|divisor_de_frequencia:inst4|q[15] ; Seletor_alimentacao_display:inst46|divisor_de_frequencia:inst4|q[4]  ; clock                               ; clock       ; 1.000        ; -0.037     ; 2.025      ;
; -1.075 ; Seletor_alimentacao_display:inst46|divisor_de_frequencia:inst4|q[13] ; Seletor_alimentacao_display:inst46|divisor_de_frequencia:inst4|q[1]  ; clock                               ; clock       ; 1.000        ; -0.037     ; 2.025      ;
; -1.075 ; Seletor_alimentacao_display:inst46|divisor_de_frequencia:inst4|q[13] ; Seletor_alimentacao_display:inst46|divisor_de_frequencia:inst4|q[5]  ; clock                               ; clock       ; 1.000        ; -0.037     ; 2.025      ;
; -1.075 ; Seletor_alimentacao_display:inst46|divisor_de_frequencia:inst4|q[13] ; Seletor_alimentacao_display:inst46|divisor_de_frequencia:inst4|q[7]  ; clock                               ; clock       ; 1.000        ; -0.037     ; 2.025      ;
; -1.075 ; Seletor_alimentacao_display:inst46|divisor_de_frequencia:inst4|q[13] ; Seletor_alimentacao_display:inst46|divisor_de_frequencia:inst4|q[8]  ; clock                               ; clock       ; 1.000        ; -0.037     ; 2.025      ;
; -1.075 ; Seletor_alimentacao_display:inst46|divisor_de_frequencia:inst4|q[13] ; Seletor_alimentacao_display:inst46|divisor_de_frequencia:inst4|q[9]  ; clock                               ; clock       ; 1.000        ; -0.037     ; 2.025      ;
; -1.075 ; Seletor_alimentacao_display:inst46|divisor_de_frequencia:inst4|q[13] ; Seletor_alimentacao_display:inst46|divisor_de_frequencia:inst4|q[10] ; clock                               ; clock       ; 1.000        ; -0.037     ; 2.025      ;
; -1.075 ; Seletor_alimentacao_display:inst46|divisor_de_frequencia:inst4|q[13] ; Seletor_alimentacao_display:inst46|divisor_de_frequencia:inst4|q[11] ; clock                               ; clock       ; 1.000        ; -0.037     ; 2.025      ;
; -1.075 ; Seletor_alimentacao_display:inst46|divisor_de_frequencia:inst4|q[13] ; Seletor_alimentacao_display:inst46|divisor_de_frequencia:inst4|q[2]  ; clock                               ; clock       ; 1.000        ; -0.037     ; 2.025      ;
; -1.075 ; Seletor_alimentacao_display:inst46|divisor_de_frequencia:inst4|q[13] ; Seletor_alimentacao_display:inst46|divisor_de_frequencia:inst4|q[3]  ; clock                               ; clock       ; 1.000        ; -0.037     ; 2.025      ;
; -1.075 ; Seletor_alimentacao_display:inst46|divisor_de_frequencia:inst4|q[13] ; Seletor_alimentacao_display:inst46|divisor_de_frequencia:inst4|q[4]  ; clock                               ; clock       ; 1.000        ; -0.037     ; 2.025      ;
; -1.058 ; bloco_debounce:inst20|debounce:inst|ff3                              ; contador_4_bits_up_down:inst32|q[1]                                  ; divisor_de_frequencia:inst6|aux_tff ; clock       ; 1.000        ; -0.450     ; 1.585      ;
; -1.055 ; bloco_debounce:inst20|debounce:inst|ff3                              ; contador_4_bits_up_down:inst33|q[0]                                  ; divisor_de_frequencia:inst6|aux_tff ; clock       ; 1.000        ; -0.451     ; 1.581      ;
; -1.055 ; bloco_debounce:inst20|debounce:inst1|ff3                             ; contador_4_bits_up_down:inst34|q[3]                                  ; divisor_de_frequencia:inst6|aux_tff ; clock       ; 1.000        ; -0.452     ; 1.580      ;
; -1.017 ; bloco_debounce:inst20|debounce:inst|ff3                              ; contador_4_bits_up_down:inst33|q[1]                                  ; divisor_de_frequencia:inst6|aux_tff ; clock       ; 1.000        ; -0.451     ; 1.543      ;
; -1.016 ; bloco_debounce:inst20|debounce:inst|ff3                              ; contador_4_bits_up_down:inst32|q[2]                                  ; divisor_de_frequencia:inst6|aux_tff ; clock       ; 1.000        ; -0.450     ; 1.543      ;
; -1.012 ; bloco_debounce:inst20|debounce:inst1|ff3                             ; contador_4_bits_up_down:inst33|q[0]                                  ; divisor_de_frequencia:inst6|aux_tff ; clock       ; 1.000        ; -0.456     ; 1.533      ;
; -1.010 ; bloco_debounce:inst20|debounce:inst1|ff3                             ; contador_4_bits_up_down:inst32|q[3]                                  ; divisor_de_frequencia:inst6|aux_tff ; clock       ; 1.000        ; -0.455     ; 1.532      ;
; -1.008 ; bloco_debounce:inst20|debounce:inst1|ff3                             ; contador_2_bits_up_down:inst24|q[0]                                  ; divisor_de_frequencia:inst6|aux_tff ; clock       ; 1.000        ; -0.453     ; 1.532      ;
; -0.997 ; bloco_debounce:inst20|debounce:inst1|ff3                             ; contador_4_bits_up_down:inst33|q[2]                                  ; divisor_de_frequencia:inst6|aux_tff ; clock       ; 1.000        ; -0.456     ; 1.518      ;
; -0.997 ; bloco_debounce:inst20|debounce:inst1|ff3                             ; contador_4_bits_up_down:inst32|q[1]                                  ; divisor_de_frequencia:inst6|aux_tff ; clock       ; 1.000        ; -0.455     ; 1.519      ;
; -0.988 ; Seletor_alimentacao_display:inst46|divisor_de_frequencia:inst4|q[6]  ; Seletor_alimentacao_display:inst46|divisor_de_frequencia:inst4|q[1]  ; clock                               ; clock       ; 1.000        ; -0.236     ; 1.739      ;
; -0.988 ; Seletor_alimentacao_display:inst46|divisor_de_frequencia:inst4|q[6]  ; Seletor_alimentacao_display:inst46|divisor_de_frequencia:inst4|q[5]  ; clock                               ; clock       ; 1.000        ; -0.236     ; 1.739      ;
; -0.988 ; Seletor_alimentacao_display:inst46|divisor_de_frequencia:inst4|q[6]  ; Seletor_alimentacao_display:inst46|divisor_de_frequencia:inst4|q[7]  ; clock                               ; clock       ; 1.000        ; -0.236     ; 1.739      ;
; -0.988 ; Seletor_alimentacao_display:inst46|divisor_de_frequencia:inst4|q[6]  ; Seletor_alimentacao_display:inst46|divisor_de_frequencia:inst4|q[8]  ; clock                               ; clock       ; 1.000        ; -0.236     ; 1.739      ;
; -0.988 ; Seletor_alimentacao_display:inst46|divisor_de_frequencia:inst4|q[6]  ; Seletor_alimentacao_display:inst46|divisor_de_frequencia:inst4|q[9]  ; clock                               ; clock       ; 1.000        ; -0.236     ; 1.739      ;
; -0.988 ; Seletor_alimentacao_display:inst46|divisor_de_frequencia:inst4|q[6]  ; Seletor_alimentacao_display:inst46|divisor_de_frequencia:inst4|q[10] ; clock                               ; clock       ; 1.000        ; -0.236     ; 1.739      ;
; -0.988 ; Seletor_alimentacao_display:inst46|divisor_de_frequencia:inst4|q[6]  ; Seletor_alimentacao_display:inst46|divisor_de_frequencia:inst4|q[11] ; clock                               ; clock       ; 1.000        ; -0.236     ; 1.739      ;
; -0.988 ; Seletor_alimentacao_display:inst46|divisor_de_frequencia:inst4|q[6]  ; Seletor_alimentacao_display:inst46|divisor_de_frequencia:inst4|q[2]  ; clock                               ; clock       ; 1.000        ; -0.236     ; 1.739      ;
; -0.988 ; Seletor_alimentacao_display:inst46|divisor_de_frequencia:inst4|q[6]  ; Seletor_alimentacao_display:inst46|divisor_de_frequencia:inst4|q[3]  ; clock                               ; clock       ; 1.000        ; -0.236     ; 1.739      ;
; -0.988 ; Seletor_alimentacao_display:inst46|divisor_de_frequencia:inst4|q[6]  ; Seletor_alimentacao_display:inst46|divisor_de_frequencia:inst4|q[4]  ; clock                               ; clock       ; 1.000        ; -0.236     ; 1.739      ;
; -0.988 ; contador_de_decada:inst43|centena_q[1]                               ; contador_reset_2_bits_up_down:inst49|q[1]                            ; divisor_de_frequencia:inst5|aux_tff ; clock       ; 1.000        ; -0.308     ; 1.657      ;
; -0.985 ; bloco_debounce:inst20|debounce:inst|ff3                              ; contador_4_bits_up_down:inst33|q[3]                                  ; divisor_de_frequencia:inst6|aux_tff ; clock       ; 1.000        ; -0.451     ; 1.511      ;
; -0.979 ; bloco_debounce:inst20|debounce:inst1|ff3                             ; contador_4_bits_up_down:inst33|q[1]                                  ; divisor_de_frequencia:inst6|aux_tff ; clock       ; 1.000        ; -0.456     ; 1.500      ;
; -0.969 ; bloco_debounce:inst20|debounce:inst|ff3                              ; contador_4_bits_up_down:inst34|q[1]                                  ; divisor_de_frequencia:inst6|aux_tff ; clock       ; 1.000        ; -0.448     ; 1.498      ;
; -0.961 ; Seletor_alimentacao_display:inst46|divisor_de_frequencia:inst4|q[14] ; Seletor_alimentacao_display:inst46|divisor_de_frequencia:inst4|q[1]  ; clock                               ; clock       ; 1.000        ; -0.037     ; 1.911      ;
; -0.961 ; Seletor_alimentacao_display:inst46|divisor_de_frequencia:inst4|q[14] ; Seletor_alimentacao_display:inst46|divisor_de_frequencia:inst4|q[5]  ; clock                               ; clock       ; 1.000        ; -0.037     ; 1.911      ;
; -0.961 ; Seletor_alimentacao_display:inst46|divisor_de_frequencia:inst4|q[14] ; Seletor_alimentacao_display:inst46|divisor_de_frequencia:inst4|q[7]  ; clock                               ; clock       ; 1.000        ; -0.037     ; 1.911      ;
; -0.961 ; Seletor_alimentacao_display:inst46|divisor_de_frequencia:inst4|q[14] ; Seletor_alimentacao_display:inst46|divisor_de_frequencia:inst4|q[8]  ; clock                               ; clock       ; 1.000        ; -0.037     ; 1.911      ;
; -0.961 ; Seletor_alimentacao_display:inst46|divisor_de_frequencia:inst4|q[14] ; Seletor_alimentacao_display:inst46|divisor_de_frequencia:inst4|q[9]  ; clock                               ; clock       ; 1.000        ; -0.037     ; 1.911      ;
; -0.961 ; Seletor_alimentacao_display:inst46|divisor_de_frequencia:inst4|q[14] ; Seletor_alimentacao_display:inst46|divisor_de_frequencia:inst4|q[10] ; clock                               ; clock       ; 1.000        ; -0.037     ; 1.911      ;
; -0.961 ; Seletor_alimentacao_display:inst46|divisor_de_frequencia:inst4|q[14] ; Seletor_alimentacao_display:inst46|divisor_de_frequencia:inst4|q[11] ; clock                               ; clock       ; 1.000        ; -0.037     ; 1.911      ;
; -0.961 ; Seletor_alimentacao_display:inst46|divisor_de_frequencia:inst4|q[14] ; Seletor_alimentacao_display:inst46|divisor_de_frequencia:inst4|q[2]  ; clock                               ; clock       ; 1.000        ; -0.037     ; 1.911      ;
; -0.961 ; Seletor_alimentacao_display:inst46|divisor_de_frequencia:inst4|q[14] ; Seletor_alimentacao_display:inst46|divisor_de_frequencia:inst4|q[3]  ; clock                               ; clock       ; 1.000        ; -0.037     ; 1.911      ;
; -0.961 ; Seletor_alimentacao_display:inst46|divisor_de_frequencia:inst4|q[14] ; Seletor_alimentacao_display:inst46|divisor_de_frequencia:inst4|q[4]  ; clock                               ; clock       ; 1.000        ; -0.037     ; 1.911      ;
; -0.961 ; bloco_debounce:inst20|debounce:inst1|ff3                             ; contador_4_bits_up_down:inst34|q[2]                                  ; divisor_de_frequencia:inst6|aux_tff ; clock       ; 1.000        ; -0.452     ; 1.486      ;
; -0.950 ; bloco_debounce:inst20|debounce:inst1|ff3                             ; contador_4_bits_up_down:inst32|q[2]                                  ; divisor_de_frequencia:inst6|aux_tff ; clock       ; 1.000        ; -0.455     ; 1.472      ;
; -0.946 ; contador_de_decada:inst43|dezena_q[2]                                ; contador_reset_2_bits_up_down:inst49|q[1]                            ; divisor_de_frequencia:inst5|aux_tff ; clock       ; 1.000        ; -0.304     ; 1.619      ;
; -0.946 ; contador_de_decada:inst43|dezena_q[0]                                ; contador_reset_2_bits_up_down:inst49|q[1]                            ; divisor_de_frequencia:inst5|aux_tff ; clock       ; 1.000        ; -0.304     ; 1.619      ;
; -0.944 ; contador_de_decada:inst43|dezena_q[1]                                ; contador_reset_2_bits_up_down:inst49|q[1]                            ; divisor_de_frequencia:inst5|aux_tff ; clock       ; 1.000        ; -0.304     ; 1.617      ;
; -0.938 ; Seletor_alimentacao_display:inst46|divisor_de_frequencia:inst4|q[12] ; Seletor_alimentacao_display:inst46|divisor_de_frequencia:inst4|q[1]  ; clock                               ; clock       ; 1.000        ; -0.037     ; 1.888      ;
; -0.938 ; Seletor_alimentacao_display:inst46|divisor_de_frequencia:inst4|q[12] ; Seletor_alimentacao_display:inst46|divisor_de_frequencia:inst4|q[5]  ; clock                               ; clock       ; 1.000        ; -0.037     ; 1.888      ;
; -0.938 ; Seletor_alimentacao_display:inst46|divisor_de_frequencia:inst4|q[12] ; Seletor_alimentacao_display:inst46|divisor_de_frequencia:inst4|q[7]  ; clock                               ; clock       ; 1.000        ; -0.037     ; 1.888      ;
; -0.938 ; Seletor_alimentacao_display:inst46|divisor_de_frequencia:inst4|q[12] ; Seletor_alimentacao_display:inst46|divisor_de_frequencia:inst4|q[8]  ; clock                               ; clock       ; 1.000        ; -0.037     ; 1.888      ;
; -0.938 ; Seletor_alimentacao_display:inst46|divisor_de_frequencia:inst4|q[12] ; Seletor_alimentacao_display:inst46|divisor_de_frequencia:inst4|q[9]  ; clock                               ; clock       ; 1.000        ; -0.037     ; 1.888      ;
; -0.938 ; Seletor_alimentacao_display:inst46|divisor_de_frequencia:inst4|q[12] ; Seletor_alimentacao_display:inst46|divisor_de_frequencia:inst4|q[10] ; clock                               ; clock       ; 1.000        ; -0.037     ; 1.888      ;
; -0.938 ; Seletor_alimentacao_display:inst46|divisor_de_frequencia:inst4|q[12] ; Seletor_alimentacao_display:inst46|divisor_de_frequencia:inst4|q[11] ; clock                               ; clock       ; 1.000        ; -0.037     ; 1.888      ;
; -0.938 ; Seletor_alimentacao_display:inst46|divisor_de_frequencia:inst4|q[12] ; Seletor_alimentacao_display:inst46|divisor_de_frequencia:inst4|q[2]  ; clock                               ; clock       ; 1.000        ; -0.037     ; 1.888      ;
; -0.938 ; Seletor_alimentacao_display:inst46|divisor_de_frequencia:inst4|q[12] ; Seletor_alimentacao_display:inst46|divisor_de_frequencia:inst4|q[3]  ; clock                               ; clock       ; 1.000        ; -0.037     ; 1.888      ;
; -0.938 ; Seletor_alimentacao_display:inst46|divisor_de_frequencia:inst4|q[12] ; Seletor_alimentacao_display:inst46|divisor_de_frequencia:inst4|q[4]  ; clock                               ; clock       ; 1.000        ; -0.037     ; 1.888      ;
; -0.938 ; bloco_debounce:inst20|debounce:inst|ff3                              ; contador_4_bits_up_down:inst34|q[3]                                  ; divisor_de_frequencia:inst6|aux_tff ; clock       ; 1.000        ; -0.447     ; 1.468      ;
; -0.937 ; contador_de_decada:inst43|centena_q[0]                               ; contador_reset_2_bits_up_down:inst49|q[1]                            ; divisor_de_frequencia:inst5|aux_tff ; clock       ; 1.000        ; -0.308     ; 1.606      ;
; -0.933 ; Seletor_alimentacao_display:inst46|divisor_de_frequencia:inst6|q[6]  ; Seletor_alimentacao_display:inst46|divisor_de_frequencia:inst6|q[1]  ; clock                               ; clock       ; 1.000        ; -0.036     ; 1.884      ;
; -0.933 ; Seletor_alimentacao_display:inst46|divisor_de_frequencia:inst6|q[6]  ; Seletor_alimentacao_display:inst46|divisor_de_frequencia:inst6|q[2]  ; clock                               ; clock       ; 1.000        ; -0.036     ; 1.884      ;
; -0.933 ; Seletor_alimentacao_display:inst46|divisor_de_frequencia:inst6|q[6]  ; Seletor_alimentacao_display:inst46|divisor_de_frequencia:inst6|q[3]  ; clock                               ; clock       ; 1.000        ; -0.036     ; 1.884      ;
; -0.933 ; Seletor_alimentacao_display:inst46|divisor_de_frequencia:inst6|q[6]  ; Seletor_alimentacao_display:inst46|divisor_de_frequencia:inst6|q[4]  ; clock                               ; clock       ; 1.000        ; -0.036     ; 1.884      ;
; -0.933 ; Seletor_alimentacao_display:inst46|divisor_de_frequencia:inst6|q[6]  ; Seletor_alimentacao_display:inst46|divisor_de_frequencia:inst6|q[5]  ; clock                               ; clock       ; 1.000        ; -0.036     ; 1.884      ;
; -0.933 ; Seletor_alimentacao_display:inst46|divisor_de_frequencia:inst6|q[6]  ; Seletor_alimentacao_display:inst46|divisor_de_frequencia:inst6|q[6]  ; clock                               ; clock       ; 1.000        ; -0.036     ; 1.884      ;
; -0.933 ; Seletor_alimentacao_display:inst46|divisor_de_frequencia:inst6|q[6]  ; Seletor_alimentacao_display:inst46|divisor_de_frequencia:inst6|q[7]  ; clock                               ; clock       ; 1.000        ; -0.036     ; 1.884      ;
; -0.933 ; Seletor_alimentacao_display:inst46|divisor_de_frequencia:inst6|q[6]  ; Seletor_alimentacao_display:inst46|divisor_de_frequencia:inst6|q[8]  ; clock                               ; clock       ; 1.000        ; -0.036     ; 1.884      ;
; -0.933 ; Seletor_alimentacao_display:inst46|divisor_de_frequencia:inst6|q[6]  ; Seletor_alimentacao_display:inst46|divisor_de_frequencia:inst6|q[9]  ; clock                               ; clock       ; 1.000        ; -0.036     ; 1.884      ;
; -0.933 ; Seletor_alimentacao_display:inst46|divisor_de_frequencia:inst6|q[6]  ; Seletor_alimentacao_display:inst46|divisor_de_frequencia:inst6|q[10] ; clock                               ; clock       ; 1.000        ; -0.036     ; 1.884      ;
; -0.933 ; Seletor_alimentacao_display:inst46|divisor_de_frequencia:inst6|q[6]  ; Seletor_alimentacao_display:inst46|divisor_de_frequencia:inst6|q[11] ; clock                               ; clock       ; 1.000        ; -0.036     ; 1.884      ;
; -0.917 ; bloco_debounce:inst20|debounce:inst|ff3                              ; contador_4_bits_up_down:inst35|q[1]                                  ; divisor_de_frequencia:inst6|aux_tff ; clock       ; 1.000        ; -0.448     ; 1.446      ;
; -0.915 ; bloco_debounce:inst20|debounce:inst|ff3                              ; contador_4_bits_up_down:inst33|q[2]                                  ; divisor_de_frequencia:inst6|aux_tff ; clock       ; 1.000        ; -0.451     ; 1.441      ;
; -0.912 ; bloco_debounce:inst20|debounce:inst1|ff3                             ; contador_4_bits_up_down:inst32|q[0]                                  ; divisor_de_frequencia:inst6|aux_tff ; clock       ; 1.000        ; -0.455     ; 1.434      ;
; -0.903 ; bloco_debounce:inst20|debounce:inst1|ff3                             ; contador_4_bits_up_down:inst34|q[1]                                  ; divisor_de_frequencia:inst6|aux_tff ; clock       ; 1.000        ; -0.453     ; 1.427      ;
; -0.898 ; contador_de_decada:inst43|unidade_q[0]                               ; contador_reset_2_bits_up_down:inst49|q[1]                            ; divisor_de_frequencia:inst5|aux_tff ; clock       ; 1.000        ; -0.305     ; 1.570      ;
; -0.893 ; bloco_debounce:inst20|debounce:inst|ff3                              ; contador_4_bits_up_down:inst32|q[3]                                  ; divisor_de_frequencia:inst6|aux_tff ; clock       ; 1.000        ; -0.450     ; 1.420      ;
; -0.889 ; Seletor_alimentacao_display:inst46|divisor_de_frequencia:inst6|q[4]  ; Seletor_alimentacao_display:inst46|divisor_de_frequencia:inst6|q[1]  ; clock                               ; clock       ; 1.000        ; -0.036     ; 1.840      ;
; -0.889 ; Seletor_alimentacao_display:inst46|divisor_de_frequencia:inst6|q[4]  ; Seletor_alimentacao_display:inst46|divisor_de_frequencia:inst6|q[2]  ; clock                               ; clock       ; 1.000        ; -0.036     ; 1.840      ;
; -0.889 ; Seletor_alimentacao_display:inst46|divisor_de_frequencia:inst6|q[4]  ; Seletor_alimentacao_display:inst46|divisor_de_frequencia:inst6|q[3]  ; clock                               ; clock       ; 1.000        ; -0.036     ; 1.840      ;
; -0.889 ; Seletor_alimentacao_display:inst46|divisor_de_frequencia:inst6|q[4]  ; Seletor_alimentacao_display:inst46|divisor_de_frequencia:inst6|q[4]  ; clock                               ; clock       ; 1.000        ; -0.036     ; 1.840      ;
; -0.889 ; Seletor_alimentacao_display:inst46|divisor_de_frequencia:inst6|q[4]  ; Seletor_alimentacao_display:inst46|divisor_de_frequencia:inst6|q[5]  ; clock                               ; clock       ; 1.000        ; -0.036     ; 1.840      ;
; -0.889 ; Seletor_alimentacao_display:inst46|divisor_de_frequencia:inst6|q[4]  ; Seletor_alimentacao_display:inst46|divisor_de_frequencia:inst6|q[6]  ; clock                               ; clock       ; 1.000        ; -0.036     ; 1.840      ;
; -0.889 ; Seletor_alimentacao_display:inst46|divisor_de_frequencia:inst6|q[4]  ; Seletor_alimentacao_display:inst46|divisor_de_frequencia:inst6|q[7]  ; clock                               ; clock       ; 1.000        ; -0.036     ; 1.840      ;
; -0.889 ; Seletor_alimentacao_display:inst46|divisor_de_frequencia:inst6|q[4]  ; Seletor_alimentacao_display:inst46|divisor_de_frequencia:inst6|q[8]  ; clock                               ; clock       ; 1.000        ; -0.036     ; 1.840      ;
; -0.889 ; Seletor_alimentacao_display:inst46|divisor_de_frequencia:inst6|q[4]  ; Seletor_alimentacao_display:inst46|divisor_de_frequencia:inst6|q[9]  ; clock                               ; clock       ; 1.000        ; -0.036     ; 1.840      ;
; -0.889 ; Seletor_alimentacao_display:inst46|divisor_de_frequencia:inst6|q[4]  ; Seletor_alimentacao_display:inst46|divisor_de_frequencia:inst6|q[10] ; clock                               ; clock       ; 1.000        ; -0.036     ; 1.840      ;
; -0.889 ; Seletor_alimentacao_display:inst46|divisor_de_frequencia:inst6|q[4]  ; Seletor_alimentacao_display:inst46|divisor_de_frequencia:inst6|q[11] ; clock                               ; clock       ; 1.000        ; -0.036     ; 1.840      ;
+--------+----------------------------------------------------------------------+----------------------------------------------------------------------+-------------------------------------+-------------+--------------+------------+------------+


+------------------------------------------------------------------------------------------------------------------------------------------------------------------------------------------------------------------+
; Fast 1200mV 0C Model Setup: 'divisor_de_frequencia:inst6|aux_tff'                                                                                                                                                ;
+-------+------------------------------------------+------------------------------------------+-------------------------------------+-------------------------------------+--------------+------------+------------+
; Slack ; From Node                                ; To Node                                  ; Launch Clock                        ; Latch Clock                         ; Relationship ; Clock Skew ; Data Delay ;
+-------+------------------------------------------+------------------------------------------+-------------------------------------+-------------------------------------+--------------+------------+------------+
; 0.243 ; bloco_debounce:inst20|debounce:inst1|ff1 ; bloco_debounce:inst20|debounce:inst1|ff3 ; divisor_de_frequencia:inst6|aux_tff ; divisor_de_frequencia:inst6|aux_tff ; 1.000        ; -0.037     ; 0.707      ;
; 0.244 ; bloco_debounce:inst20|debounce:inst3|ff1 ; bloco_debounce:inst20|debounce:inst3|ff3 ; divisor_de_frequencia:inst6|aux_tff ; divisor_de_frequencia:inst6|aux_tff ; 1.000        ; -0.036     ; 0.707      ;
; 0.245 ; bloco_debounce:inst20|debounce:inst|ff1  ; bloco_debounce:inst20|debounce:inst|ff3  ; divisor_de_frequencia:inst6|aux_tff ; divisor_de_frequencia:inst6|aux_tff ; 1.000        ; -0.037     ; 0.705      ;
; 0.246 ; bloco_debounce:inst20|debounce:inst2|ff1 ; bloco_debounce:inst20|debounce:inst2|ff3 ; divisor_de_frequencia:inst6|aux_tff ; divisor_de_frequencia:inst6|aux_tff ; 1.000        ; -0.036     ; 0.705      ;
; 0.378 ; bloco_debounce:inst20|debounce:inst2|ff3 ; bloco_debounce:inst20|debounce:inst2|ff3 ; divisor_de_frequencia:inst6|aux_tff ; divisor_de_frequencia:inst6|aux_tff ; 1.000        ; -0.036     ; 0.573      ;
; 0.382 ; bloco_debounce:inst20|debounce:inst1|ff3 ; bloco_debounce:inst20|debounce:inst1|ff3 ; divisor_de_frequencia:inst6|aux_tff ; divisor_de_frequencia:inst6|aux_tff ; 1.000        ; -0.037     ; 0.568      ;
; 0.383 ; bloco_debounce:inst20|debounce:inst3|ff3 ; bloco_debounce:inst20|debounce:inst3|ff3 ; divisor_de_frequencia:inst6|aux_tff ; divisor_de_frequencia:inst6|aux_tff ; 1.000        ; -0.036     ; 0.568      ;
; 0.389 ; bloco_debounce:inst20|debounce:inst|ff3  ; bloco_debounce:inst20|debounce:inst|ff3  ; divisor_de_frequencia:inst6|aux_tff ; divisor_de_frequencia:inst6|aux_tff ; 1.000        ; -0.037     ; 0.561      ;
; 0.418 ; bloco_debounce:inst20|debounce:inst1|ff1 ; bloco_debounce:inst20|debounce:inst1|ff2 ; divisor_de_frequencia:inst6|aux_tff ; divisor_de_frequencia:inst6|aux_tff ; 1.000        ; -0.037     ; 0.532      ;
; 0.420 ; bloco_debounce:inst20|debounce:inst3|ff1 ; bloco_debounce:inst20|debounce:inst3|ff2 ; divisor_de_frequencia:inst6|aux_tff ; divisor_de_frequencia:inst6|aux_tff ; 1.000        ; -0.036     ; 0.531      ;
; 0.421 ; bloco_debounce:inst20|debounce:inst|ff1  ; bloco_debounce:inst20|debounce:inst|ff2  ; divisor_de_frequencia:inst6|aux_tff ; divisor_de_frequencia:inst6|aux_tff ; 1.000        ; -0.037     ; 0.529      ;
; 0.423 ; bloco_debounce:inst20|debounce:inst2|ff1 ; bloco_debounce:inst20|debounce:inst2|ff2 ; divisor_de_frequencia:inst6|aux_tff ; divisor_de_frequencia:inst6|aux_tff ; 1.000        ; -0.036     ; 0.528      ;
; 0.426 ; bloco_debounce:inst20|debounce:inst|ff2  ; bloco_debounce:inst20|debounce:inst|ff3  ; divisor_de_frequencia:inst6|aux_tff ; divisor_de_frequencia:inst6|aux_tff ; 1.000        ; -0.037     ; 0.524      ;
; 0.427 ; bloco_debounce:inst20|debounce:inst3|ff2 ; bloco_debounce:inst20|debounce:inst3|ff3 ; divisor_de_frequencia:inst6|aux_tff ; divisor_de_frequencia:inst6|aux_tff ; 1.000        ; -0.036     ; 0.524      ;
; 0.427 ; bloco_debounce:inst20|debounce:inst2|ff2 ; bloco_debounce:inst20|debounce:inst2|ff3 ; divisor_de_frequencia:inst6|aux_tff ; divisor_de_frequencia:inst6|aux_tff ; 1.000        ; -0.036     ; 0.524      ;
; 0.428 ; bloco_debounce:inst20|debounce:inst1|ff2 ; bloco_debounce:inst20|debounce:inst1|ff3 ; divisor_de_frequencia:inst6|aux_tff ; divisor_de_frequencia:inst6|aux_tff ; 1.000        ; -0.037     ; 0.522      ;
+-------+------------------------------------------+------------------------------------------+-------------------------------------+-------------------------------------+--------------+------------+------------+


+--------------------------------------------------------------------------------------------------------------------------------------------------------------------------------------------------------------------------------------------------------------------------------------------------------------------------------+
; Fast 1200mV 0C Model Setup: 'Seletor_alimentacao_display:inst46|divisor_de_frequencia:inst|aux_tff'                                                                                                                                                                                                                            ;
+-------+---------------------------------------------------------------+---------------------------------------------------------------+-----------------------------------------------------------------------+-----------------------------------------------------------------------+--------------+------------+------------+
; Slack ; From Node                                                     ; To Node                                                       ; Launch Clock                                                          ; Latch Clock                                                           ; Relationship ; Clock Skew ; Data Delay ;
+-------+---------------------------------------------------------------+---------------------------------------------------------------+-----------------------------------------------------------------------+-----------------------------------------------------------------------+--------------+------------+------------+
; 0.565 ; Seletor_alimentacao_display:inst46|contador_n_bits:inst1|q[0] ; Seletor_alimentacao_display:inst46|contador_n_bits:inst1|q[1] ; Seletor_alimentacao_display:inst46|divisor_de_frequencia:inst|aux_tff ; Seletor_alimentacao_display:inst46|divisor_de_frequencia:inst|aux_tff ; 1.000        ; -0.036     ; 0.386      ;
; 0.592 ; Seletor_alimentacao_display:inst46|contador_n_bits:inst1|q[0] ; Seletor_alimentacao_display:inst46|contador_n_bits:inst1|q[0] ; Seletor_alimentacao_display:inst46|divisor_de_frequencia:inst|aux_tff ; Seletor_alimentacao_display:inst46|divisor_de_frequencia:inst|aux_tff ; 1.000        ; -0.036     ; 0.359      ;
; 0.592 ; Seletor_alimentacao_display:inst46|contador_n_bits:inst1|q[1] ; Seletor_alimentacao_display:inst46|contador_n_bits:inst1|q[1] ; Seletor_alimentacao_display:inst46|divisor_de_frequencia:inst|aux_tff ; Seletor_alimentacao_display:inst46|divisor_de_frequencia:inst|aux_tff ; 1.000        ; -0.036     ; 0.359      ;
+-------+---------------------------------------------------------------+---------------------------------------------------------------+-----------------------------------------------------------------------+-----------------------------------------------------------------------+--------------+------------+------------+


+----------------------------------------------------------------------------------------------------------------------------------------------------------------------------------------------------------------------------------------------------------------------------------------+
; Fast 1200mV 0C Model Hold: 'clock'                                                                                                                                                                                                                                                     ;
+-------+------------------------------------------------------------------------+------------------------------------------------------------------------+-----------------------------------------------------------------------+-------------+--------------+------------+------------+
; Slack ; From Node                                                              ; To Node                                                                ; Launch Clock                                                          ; Latch Clock ; Relationship ; Clock Skew ; Data Delay ;
+-------+------------------------------------------------------------------------+------------------------------------------------------------------------+-----------------------------------------------------------------------+-------------+--------------+------------+------------+
; 0.179 ; controlador_pausa_reset:inst50|pausa_q                                 ; controlador_pausa_reset:inst50|pausa_q                                 ; clock                                                                 ; clock       ; 0.000        ; 0.044      ; 0.307      ;
; 0.179 ; contador_2_bits_habilitado:inst39|q[1]                                 ; contador_2_bits_habilitado:inst39|q[1]                                 ; clock                                                                 ; clock       ; 0.000        ; 0.044      ; 0.307      ;
; 0.186 ; teste_reset_latch:inst11|flag_q                                        ; teste_reset_latch:inst11|flag_q                                        ; clock                                                                 ; clock       ; 0.000        ; 0.037      ; 0.307      ;
; 0.186 ; contador_4_bits_up_down:inst33|q[0]                                    ; contador_4_bits_up_down:inst33|q[0]                                    ; clock                                                                 ; clock       ; 0.000        ; 0.037      ; 0.307      ;
; 0.186 ; contador_4_bits_up_down:inst33|q[1]                                    ; contador_4_bits_up_down:inst33|q[1]                                    ; clock                                                                 ; clock       ; 0.000        ; 0.037      ; 0.307      ;
; 0.186 ; Seletor_alimentacao_display:inst46|divisor_de_frequencia:inst|q[0]     ; Seletor_alimentacao_display:inst46|divisor_de_frequencia:inst|q[0]     ; clock                                                                 ; clock       ; 0.000        ; 0.044      ; 0.314      ;
; 0.187 ; contador_2_bits_up_down:inst24|q[0]                                    ; contador_2_bits_up_down:inst24|q[0]                                    ; clock                                                                 ; clock       ; 0.000        ; 0.036      ; 0.307      ;
; 0.187 ; Seletor_alimentacao_display:inst46|divisor_de_frequencia:inst4|aux_tff ; Seletor_alimentacao_display:inst46|divisor_de_frequencia:inst4|aux_tff ; clock                                                                 ; clock       ; 0.000        ; 0.036      ; 0.307      ;
; 0.187 ; Seletor_alimentacao_display:inst46|divisor_de_frequencia:inst6|aux_tff ; Seletor_alimentacao_display:inst46|divisor_de_frequencia:inst6|aux_tff ; clock                                                                 ; clock       ; 0.000        ; 0.036      ; 0.307      ;
; 0.187 ; contador_4_bits_up_down:inst34|q[0]                                    ; contador_4_bits_up_down:inst34|q[0]                                    ; clock                                                                 ; clock       ; 0.000        ; 0.036      ; 0.307      ;
; 0.187 ; contador_4_bits_up_down:inst34|q[1]                                    ; contador_4_bits_up_down:inst34|q[1]                                    ; clock                                                                 ; clock       ; 0.000        ; 0.036      ; 0.307      ;
; 0.187 ; decodificador_menu_digitos:inst37|aux_dig[4]                           ; decodificador_menu_digitos:inst37|aux_dig[4]                           ; clock                                                                 ; clock       ; 0.000        ; 0.036      ; 0.307      ;
; 0.187 ; flag_menu_visitado:inst41|comp_flag_q                                  ; flag_menu_visitado:inst41|comp_flag_q                                  ; clock                                                                 ; clock       ; 0.000        ; 0.036      ; 0.307      ;
; 0.187 ; decodificador_menu_digitos:inst37|aux_dig[2]                           ; decodificador_menu_digitos:inst37|aux_dig[2]                           ; clock                                                                 ; clock       ; 0.000        ; 0.036      ; 0.307      ;
; 0.187 ; contador_2_bits_habilitado:inst39|q[0]                                 ; contador_2_bits_habilitado:inst39|q[0]                                 ; clock                                                                 ; clock       ; 0.000        ; 0.036      ; 0.307      ;
; 0.187 ; contador_4_bits_up_down:inst35|q[0]                                    ; contador_4_bits_up_down:inst35|q[0]                                    ; clock                                                                 ; clock       ; 0.000        ; 0.036      ; 0.307      ;
; 0.187 ; contador_4_bits_up_down:inst32|q[0]                                    ; contador_4_bits_up_down:inst32|q[0]                                    ; clock                                                                 ; clock       ; 0.000        ; 0.036      ; 0.307      ;
; 0.194 ; Seletor_alimentacao_display:inst46|divisor_de_frequencia:inst4|q[0]    ; Seletor_alimentacao_display:inst46|divisor_de_frequencia:inst4|q[0]    ; clock                                                                 ; clock       ; 0.000        ; 0.036      ; 0.314      ;
; 0.194 ; Seletor_alimentacao_display:inst46|divisor_de_frequencia:inst6|q[0]    ; Seletor_alimentacao_display:inst46|divisor_de_frequencia:inst6|q[0]    ; clock                                                                 ; clock       ; 0.000        ; 0.036      ; 0.314      ;
; 0.197 ; Seletor_alimentacao_display:inst46|divisor_de_frequencia:inst|q[14]    ; Seletor_alimentacao_display:inst46|divisor_de_frequencia:inst|q[14]    ; clock                                                                 ; clock       ; 0.000        ; 0.036      ; 0.317      ;
; 0.198 ; Seletor_alimentacao_display:inst46|divisor_de_frequencia:inst6|q[22]   ; Seletor_alimentacao_display:inst46|divisor_de_frequencia:inst6|q[22]   ; clock                                                                 ; clock       ; 0.000        ; 0.036      ; 0.318      ;
; 0.246 ; divisor_de_frequencia:inst6|aux_tff                                    ; divisor_de_frequencia:inst6|aux_tff                                    ; divisor_de_frequencia:inst6|aux_tff                                   ; clock       ; 0.000        ; 1.172      ; 1.637      ;
; 0.254 ; divisor_de_frequencia:inst5|aux_tff                                    ; divisor_de_frequencia:inst5|aux_tff                                    ; divisor_de_frequencia:inst5|aux_tff                                   ; clock       ; 0.000        ; 1.172      ; 1.645      ;
; 0.257 ; Seletor_alimentacao_display:inst46|divisor_de_frequencia:inst4|q[5]    ; Seletor_alimentacao_display:inst46|divisor_de_frequencia:inst4|q[6]    ; clock                                                                 ; clock       ; 0.000        ; 0.236      ; 0.577      ;
; 0.297 ; Seletor_alimentacao_display:inst46|divisor_de_frequencia:inst4|q[10]   ; Seletor_alimentacao_display:inst46|divisor_de_frequencia:inst4|q[10]   ; clock                                                                 ; clock       ; 0.000        ; 0.036      ; 0.417      ;
; 0.297 ; Seletor_alimentacao_display:inst46|divisor_de_frequencia:inst4|q[11]   ; Seletor_alimentacao_display:inst46|divisor_de_frequencia:inst4|q[11]   ; clock                                                                 ; clock       ; 0.000        ; 0.036      ; 0.417      ;
; 0.297 ; Seletor_alimentacao_display:inst46|divisor_de_frequencia:inst4|q[2]    ; Seletor_alimentacao_display:inst46|divisor_de_frequencia:inst4|q[2]    ; clock                                                                 ; clock       ; 0.000        ; 0.036      ; 0.417      ;
; 0.297 ; Seletor_alimentacao_display:inst46|divisor_de_frequencia:inst6|q[2]    ; Seletor_alimentacao_display:inst46|divisor_de_frequencia:inst6|q[2]    ; clock                                                                 ; clock       ; 0.000        ; 0.036      ; 0.417      ;
; 0.297 ; Seletor_alimentacao_display:inst46|divisor_de_frequencia:inst6|q[11]   ; Seletor_alimentacao_display:inst46|divisor_de_frequencia:inst6|q[11]   ; clock                                                                 ; clock       ; 0.000        ; 0.036      ; 0.417      ;
; 0.297 ; Seletor_alimentacao_display:inst46|divisor_de_frequencia:inst6|q[12]   ; Seletor_alimentacao_display:inst46|divisor_de_frequencia:inst6|q[12]   ; clock                                                                 ; clock       ; 0.000        ; 0.036      ; 0.417      ;
; 0.298 ; Seletor_alimentacao_display:inst46|divisor_de_frequencia:inst|q[6]     ; Seletor_alimentacao_display:inst46|divisor_de_frequencia:inst|q[6]     ; clock                                                                 ; clock       ; 0.000        ; 0.036      ; 0.418      ;
; 0.298 ; Seletor_alimentacao_display:inst46|divisor_de_frequencia:inst4|q[9]    ; Seletor_alimentacao_display:inst46|divisor_de_frequencia:inst4|q[9]    ; clock                                                                 ; clock       ; 0.000        ; 0.036      ; 0.418      ;
; 0.298 ; Seletor_alimentacao_display:inst46|divisor_de_frequencia:inst6|q[8]    ; Seletor_alimentacao_display:inst46|divisor_de_frequencia:inst6|q[8]    ; clock                                                                 ; clock       ; 0.000        ; 0.036      ; 0.418      ;
; 0.298 ; Seletor_alimentacao_display:inst46|divisor_de_frequencia:inst6|q[9]    ; Seletor_alimentacao_display:inst46|divisor_de_frequencia:inst6|q[9]    ; clock                                                                 ; clock       ; 0.000        ; 0.036      ; 0.418      ;
; 0.298 ; Seletor_alimentacao_display:inst46|divisor_de_frequencia:inst6|q[10]   ; Seletor_alimentacao_display:inst46|divisor_de_frequencia:inst6|q[10]   ; clock                                                                 ; clock       ; 0.000        ; 0.036      ; 0.418      ;
; 0.298 ; Seletor_alimentacao_display:inst46|divisor_de_frequencia:inst4|q[6]    ; Seletor_alimentacao_display:inst46|divisor_de_frequencia:inst4|q[6]    ; clock                                                                 ; clock       ; 0.000        ; 0.044      ; 0.426      ;
; 0.299 ; Seletor_alimentacao_display:inst46|divisor_de_frequencia:inst4|q[5]    ; Seletor_alimentacao_display:inst46|divisor_de_frequencia:inst4|q[5]    ; clock                                                                 ; clock       ; 0.000        ; 0.036      ; 0.419      ;
; 0.299 ; Seletor_alimentacao_display:inst46|divisor_de_frequencia:inst4|q[7]    ; Seletor_alimentacao_display:inst46|divisor_de_frequencia:inst4|q[7]    ; clock                                                                 ; clock       ; 0.000        ; 0.036      ; 0.419      ;
; 0.299 ; Seletor_alimentacao_display:inst46|divisor_de_frequencia:inst4|q[8]    ; Seletor_alimentacao_display:inst46|divisor_de_frequencia:inst4|q[8]    ; clock                                                                 ; clock       ; 0.000        ; 0.036      ; 0.419      ;
; 0.299 ; Seletor_alimentacao_display:inst46|divisor_de_frequencia:inst4|q[4]    ; Seletor_alimentacao_display:inst46|divisor_de_frequencia:inst4|q[4]    ; clock                                                                 ; clock       ; 0.000        ; 0.036      ; 0.419      ;
; 0.299 ; Seletor_alimentacao_display:inst46|divisor_de_frequencia:inst6|q[20]   ; Seletor_alimentacao_display:inst46|divisor_de_frequencia:inst6|q[20]   ; clock                                                                 ; clock       ; 0.000        ; 0.036      ; 0.419      ;
; 0.299 ; Seletor_alimentacao_display:inst46|divisor_de_frequencia:inst6|q[4]    ; Seletor_alimentacao_display:inst46|divisor_de_frequencia:inst6|q[4]    ; clock                                                                 ; clock       ; 0.000        ; 0.036      ; 0.419      ;
; 0.299 ; Seletor_alimentacao_display:inst46|divisor_de_frequencia:inst6|q[7]    ; Seletor_alimentacao_display:inst46|divisor_de_frequencia:inst6|q[7]    ; clock                                                                 ; clock       ; 0.000        ; 0.036      ; 0.419      ;
; 0.299 ; Seletor_alimentacao_display:inst46|divisor_de_frequencia:inst6|q[13]   ; Seletor_alimentacao_display:inst46|divisor_de_frequencia:inst6|q[13]   ; clock                                                                 ; clock       ; 0.000        ; 0.036      ; 0.419      ;
; 0.299 ; Seletor_alimentacao_display:inst46|divisor_de_frequencia:inst6|q[14]   ; Seletor_alimentacao_display:inst46|divisor_de_frequencia:inst6|q[14]   ; clock                                                                 ; clock       ; 0.000        ; 0.036      ; 0.419      ;
; 0.299 ; Seletor_alimentacao_display:inst46|divisor_de_frequencia:inst6|q[15]   ; Seletor_alimentacao_display:inst46|divisor_de_frequencia:inst6|q[15]   ; clock                                                                 ; clock       ; 0.000        ; 0.036      ; 0.419      ;
; 0.299 ; Seletor_alimentacao_display:inst46|divisor_de_frequencia:inst6|q[17]   ; Seletor_alimentacao_display:inst46|divisor_de_frequencia:inst6|q[17]   ; clock                                                                 ; clock       ; 0.000        ; 0.036      ; 0.419      ;
; 0.299 ; Seletor_alimentacao_display:inst46|divisor_de_frequencia:inst6|q[18]   ; Seletor_alimentacao_display:inst46|divisor_de_frequencia:inst6|q[18]   ; clock                                                                 ; clock       ; 0.000        ; 0.036      ; 0.419      ;
; 0.300 ; Seletor_alimentacao_display:inst46|divisor_de_frequencia:inst|q[4]     ; Seletor_alimentacao_display:inst46|divisor_de_frequencia:inst|q[4]     ; clock                                                                 ; clock       ; 0.000        ; 0.036      ; 0.420      ;
; 0.300 ; Seletor_alimentacao_display:inst46|divisor_de_frequencia:inst|q[5]     ; Seletor_alimentacao_display:inst46|divisor_de_frequencia:inst|q[5]     ; clock                                                                 ; clock       ; 0.000        ; 0.036      ; 0.420      ;
; 0.300 ; Seletor_alimentacao_display:inst46|divisor_de_frequencia:inst|q[7]     ; Seletor_alimentacao_display:inst46|divisor_de_frequencia:inst|q[7]     ; clock                                                                 ; clock       ; 0.000        ; 0.036      ; 0.420      ;
; 0.300 ; Seletor_alimentacao_display:inst46|divisor_de_frequencia:inst|q[12]    ; Seletor_alimentacao_display:inst46|divisor_de_frequencia:inst|q[12]    ; clock                                                                 ; clock       ; 0.000        ; 0.036      ; 0.420      ;
; 0.300 ; Seletor_alimentacao_display:inst46|divisor_de_frequencia:inst|q[13]    ; Seletor_alimentacao_display:inst46|divisor_de_frequencia:inst|q[13]    ; clock                                                                 ; clock       ; 0.000        ; 0.036      ; 0.420      ;
; 0.300 ; Seletor_alimentacao_display:inst46|divisor_de_frequencia:inst4|q[21]   ; Seletor_alimentacao_display:inst46|divisor_de_frequencia:inst4|q[21]   ; clock                                                                 ; clock       ; 0.000        ; 0.036      ; 0.420      ;
; 0.300 ; Seletor_alimentacao_display:inst46|divisor_de_frequencia:inst4|q[23]   ; Seletor_alimentacao_display:inst46|divisor_de_frequencia:inst4|q[23]   ; clock                                                                 ; clock       ; 0.000        ; 0.036      ; 0.420      ;
; 0.300 ; Seletor_alimentacao_display:inst46|divisor_de_frequencia:inst4|q[22]   ; Seletor_alimentacao_display:inst46|divisor_de_frequencia:inst4|q[22]   ; clock                                                                 ; clock       ; 0.000        ; 0.036      ; 0.420      ;
; 0.300 ; Seletor_alimentacao_display:inst46|divisor_de_frequencia:inst4|q[3]    ; Seletor_alimentacao_display:inst46|divisor_de_frequencia:inst4|q[3]    ; clock                                                                 ; clock       ; 0.000        ; 0.036      ; 0.420      ;
; 0.300 ; Seletor_alimentacao_display:inst46|divisor_de_frequencia:inst6|q[3]    ; Seletor_alimentacao_display:inst46|divisor_de_frequencia:inst6|q[3]    ; clock                                                                 ; clock       ; 0.000        ; 0.036      ; 0.420      ;
; 0.300 ; Seletor_alimentacao_display:inst46|divisor_de_frequencia:inst6|q[5]    ; Seletor_alimentacao_display:inst46|divisor_de_frequencia:inst6|q[5]    ; clock                                                                 ; clock       ; 0.000        ; 0.036      ; 0.420      ;
; 0.300 ; Seletor_alimentacao_display:inst46|divisor_de_frequencia:inst6|q[16]   ; Seletor_alimentacao_display:inst46|divisor_de_frequencia:inst6|q[16]   ; clock                                                                 ; clock       ; 0.000        ; 0.036      ; 0.420      ;
; 0.301 ; Seletor_alimentacao_display:inst46|divisor_de_frequencia:inst6|q[19]   ; Seletor_alimentacao_display:inst46|divisor_de_frequencia:inst6|q[19]   ; clock                                                                 ; clock       ; 0.000        ; 0.036      ; 0.421      ;
; 0.305 ; Seletor_alimentacao_display:inst46|divisor_de_frequencia:inst4|q[18]   ; Seletor_alimentacao_display:inst46|divisor_de_frequencia:inst4|q[18]   ; clock                                                                 ; clock       ; 0.000        ; 0.036      ; 0.425      ;
; 0.306 ; Seletor_alimentacao_display:inst46|divisor_de_frequencia:inst|q[3]     ; Seletor_alimentacao_display:inst46|divisor_de_frequencia:inst|q[3]     ; clock                                                                 ; clock       ; 0.000        ; 0.036      ; 0.426      ;
; 0.306 ; Seletor_alimentacao_display:inst46|divisor_de_frequencia:inst|q[2]     ; Seletor_alimentacao_display:inst46|divisor_de_frequencia:inst|q[2]     ; clock                                                                 ; clock       ; 0.000        ; 0.036      ; 0.426      ;
; 0.306 ; Seletor_alimentacao_display:inst46|divisor_de_frequencia:inst|q[8]     ; Seletor_alimentacao_display:inst46|divisor_de_frequencia:inst|q[8]     ; clock                                                                 ; clock       ; 0.000        ; 0.036      ; 0.426      ;
; 0.306 ; Seletor_alimentacao_display:inst46|divisor_de_frequencia:inst|q[11]    ; Seletor_alimentacao_display:inst46|divisor_de_frequencia:inst|q[11]    ; clock                                                                 ; clock       ; 0.000        ; 0.036      ; 0.426      ;
; 0.306 ; Seletor_alimentacao_display:inst46|divisor_de_frequencia:inst4|q[1]    ; Seletor_alimentacao_display:inst46|divisor_de_frequencia:inst4|q[1]    ; clock                                                                 ; clock       ; 0.000        ; 0.036      ; 0.426      ;
; 0.306 ; Seletor_alimentacao_display:inst46|divisor_de_frequencia:inst4|q[16]   ; Seletor_alimentacao_display:inst46|divisor_de_frequencia:inst4|q[16]   ; clock                                                                 ; clock       ; 0.000        ; 0.036      ; 0.426      ;
; 0.306 ; Seletor_alimentacao_display:inst46|divisor_de_frequencia:inst4|q[17]   ; Seletor_alimentacao_display:inst46|divisor_de_frequencia:inst4|q[17]   ; clock                                                                 ; clock       ; 0.000        ; 0.036      ; 0.426      ;
; 0.306 ; Seletor_alimentacao_display:inst46|divisor_de_frequencia:inst4|q[20]   ; Seletor_alimentacao_display:inst46|divisor_de_frequencia:inst4|q[20]   ; clock                                                                 ; clock       ; 0.000        ; 0.036      ; 0.426      ;
; 0.306 ; Seletor_alimentacao_display:inst46|divisor_de_frequencia:inst6|q[1]    ; Seletor_alimentacao_display:inst46|divisor_de_frequencia:inst6|q[1]    ; clock                                                                 ; clock       ; 0.000        ; 0.036      ; 0.426      ;
; 0.306 ; Seletor_alimentacao_display:inst46|divisor_de_frequencia:inst6|q[6]    ; Seletor_alimentacao_display:inst46|divisor_de_frequencia:inst6|q[6]    ; clock                                                                 ; clock       ; 0.000        ; 0.036      ; 0.426      ;
; 0.306 ; Seletor_alimentacao_display:inst46|divisor_de_frequencia:inst4|q[0]    ; Seletor_alimentacao_display:inst46|divisor_de_frequencia:inst4|q[1]    ; clock                                                                 ; clock       ; 0.000        ; 0.036      ; 0.426      ;
; 0.306 ; Seletor_alimentacao_display:inst46|divisor_de_frequencia:inst6|q[0]    ; Seletor_alimentacao_display:inst46|divisor_de_frequencia:inst6|q[1]    ; clock                                                                 ; clock       ; 0.000        ; 0.036      ; 0.426      ;
; 0.307 ; Seletor_alimentacao_display:inst46|divisor_de_frequencia:inst|q[9]     ; Seletor_alimentacao_display:inst46|divisor_de_frequencia:inst|q[9]     ; clock                                                                 ; clock       ; 0.000        ; 0.036      ; 0.427      ;
; 0.307 ; Seletor_alimentacao_display:inst46|divisor_de_frequencia:inst|q[10]    ; Seletor_alimentacao_display:inst46|divisor_de_frequencia:inst|q[10]    ; clock                                                                 ; clock       ; 0.000        ; 0.036      ; 0.427      ;
; 0.307 ; Seletor_alimentacao_display:inst46|divisor_de_frequencia:inst4|q[19]   ; Seletor_alimentacao_display:inst46|divisor_de_frequencia:inst4|q[19]   ; clock                                                                 ; clock       ; 0.000        ; 0.036      ; 0.427      ;
; 0.308 ; Seletor_alimentacao_display:inst46|divisor_de_frequencia:inst6|q[21]   ; Seletor_alimentacao_display:inst46|divisor_de_frequencia:inst6|q[21]   ; clock                                                                 ; clock       ; 0.000        ; 0.036      ; 0.428      ;
; 0.311 ; Seletor_alimentacao_display:inst46|divisor_de_frequencia:inst|q[1]     ; Seletor_alimentacao_display:inst46|divisor_de_frequencia:inst|q[1]     ; clock                                                                 ; clock       ; 0.000        ; 0.036      ; 0.431      ;
; 0.311 ; Seletor_alimentacao_display:inst46|divisor_de_frequencia:inst4|q[4]    ; Seletor_alimentacao_display:inst46|divisor_de_frequencia:inst4|q[6]    ; clock                                                                 ; clock       ; 0.000        ; 0.236      ; 0.631      ;
; 0.319 ; decodificador_menu_digitos:inst37|digsel_q[4]                          ; contador_4_bits_up_down:inst35|q[0]                                    ; clock                                                                 ; clock       ; 0.000        ; 0.036      ; 0.439      ;
; 0.324 ; Seletor_alimentacao_display:inst46|divisor_de_frequencia:inst4|q[3]    ; Seletor_alimentacao_display:inst46|divisor_de_frequencia:inst4|q[6]    ; clock                                                                 ; clock       ; 0.000        ; 0.236      ; 0.644      ;
; 0.361 ; decodificador_menu_digitos:inst37|aux_dig[2]                           ; decodificador_menu_digitos:inst37|digsel_q[2]                          ; clock                                                                 ; clock       ; 0.000        ; 0.037      ; 0.482      ;
; 0.369 ; Seletor_alimentacao_display:inst46|divisor_de_frequencia:inst4|q[14]   ; Seletor_alimentacao_display:inst46|divisor_de_frequencia:inst4|q[14]   ; clock                                                                 ; clock       ; 0.000        ; 0.036      ; 0.489      ;
; 0.369 ; contador_2_bits_habilitado:inst39|btn1_reg                             ; controlador_pausa_reset:inst50|pausa_q                                 ; clock                                                                 ; clock       ; 0.000        ; 0.236      ; 0.689      ;
; 0.373 ; Seletor_alimentacao_display:inst46|divisor_de_frequencia:inst|aux_tff  ; Seletor_alimentacao_display:inst46|divisor_de_frequencia:inst|aux_tff  ; Seletor_alimentacao_display:inst46|divisor_de_frequencia:inst|aux_tff ; clock       ; 0.000        ; 1.172      ; 1.764      ;
; 0.375 ; Seletor_alimentacao_display:inst46|divisor_de_frequencia:inst4|q[13]   ; Seletor_alimentacao_display:inst46|divisor_de_frequencia:inst4|q[13]   ; clock                                                                 ; clock       ; 0.000        ; 0.036      ; 0.495      ;
; 0.375 ; Seletor_alimentacao_display:inst46|divisor_de_frequencia:inst4|q[15]   ; Seletor_alimentacao_display:inst46|divisor_de_frequencia:inst4|q[15]   ; clock                                                                 ; clock       ; 0.000        ; 0.036      ; 0.495      ;
; 0.375 ; Seletor_alimentacao_display:inst46|divisor_de_frequencia:inst4|q[2]    ; Seletor_alimentacao_display:inst46|divisor_de_frequencia:inst4|q[6]    ; clock                                                                 ; clock       ; 0.000        ; 0.236      ; 0.695      ;
; 0.389 ; Seletor_alimentacao_display:inst46|divisor_de_frequencia:inst4|q[12]   ; Seletor_alimentacao_display:inst46|divisor_de_frequencia:inst4|q[12]   ; clock                                                                 ; clock       ; 0.000        ; 0.036      ; 0.509      ;
; 0.390 ; Seletor_alimentacao_display:inst46|divisor_de_frequencia:inst4|q[1]    ; Seletor_alimentacao_display:inst46|divisor_de_frequencia:inst4|q[6]    ; clock                                                                 ; clock       ; 0.000        ; 0.236      ; 0.710      ;
; 0.391 ; Seletor_alimentacao_display:inst46|divisor_de_frequencia:inst4|q[0]    ; Seletor_alimentacao_display:inst46|divisor_de_frequencia:inst4|q[6]    ; clock                                                                 ; clock       ; 0.000        ; 0.236      ; 0.711      ;
; 0.412 ; decodificador_menu_digitos:inst37|aux_dig[1]                           ; decodificador_menu_digitos:inst37|digsel_q[1]                          ; clock                                                                 ; clock       ; 0.000        ; 0.036      ; 0.532      ;
; 0.439 ; contador_reset_2_bits_up_down:inst49|q[1]                              ; decodificador_menu_digitos:inst37|digsel_q[2]                          ; clock                                                                 ; clock       ; 0.000        ; 0.039      ; 0.562      ;
; 0.446 ; Seletor_alimentacao_display:inst46|divisor_de_frequencia:inst4|q[10]   ; Seletor_alimentacao_display:inst46|divisor_de_frequencia:inst4|q[11]   ; clock                                                                 ; clock       ; 0.000        ; 0.036      ; 0.566      ;
; 0.446 ; Seletor_alimentacao_display:inst46|divisor_de_frequencia:inst6|q[12]   ; Seletor_alimentacao_display:inst46|divisor_de_frequencia:inst6|q[13]   ; clock                                                                 ; clock       ; 0.000        ; 0.036      ; 0.566      ;
; 0.446 ; Seletor_alimentacao_display:inst46|divisor_de_frequencia:inst4|q[2]    ; Seletor_alimentacao_display:inst46|divisor_de_frequencia:inst4|q[3]    ; clock                                                                 ; clock       ; 0.000        ; 0.036      ; 0.566      ;
; 0.446 ; Seletor_alimentacao_display:inst46|divisor_de_frequencia:inst6|q[2]    ; Seletor_alimentacao_display:inst46|divisor_de_frequencia:inst6|q[3]    ; clock                                                                 ; clock       ; 0.000        ; 0.036      ; 0.566      ;
; 0.447 ; Seletor_alimentacao_display:inst46|divisor_de_frequencia:inst6|q[10]   ; Seletor_alimentacao_display:inst46|divisor_de_frequencia:inst6|q[11]   ; clock                                                                 ; clock       ; 0.000        ; 0.036      ; 0.567      ;
; 0.447 ; Seletor_alimentacao_display:inst46|divisor_de_frequencia:inst6|q[8]    ; Seletor_alimentacao_display:inst46|divisor_de_frequencia:inst6|q[9]    ; clock                                                                 ; clock       ; 0.000        ; 0.036      ; 0.567      ;
+-------+------------------------------------------------------------------------+------------------------------------------------------------------------+-----------------------------------------------------------------------+-------------+--------------+------------+------------+


+--------------------------------------------------------------------------------------------------------------------------------------------------------------------------------------------------------------------------------------------------------------------------------------------------------------------------------+
; Fast 1200mV 0C Model Hold: 'Seletor_alimentacao_display:inst46|divisor_de_frequencia:inst|aux_tff'                                                                                                                                                                                                                             ;
+-------+---------------------------------------------------------------+---------------------------------------------------------------+-----------------------------------------------------------------------+-----------------------------------------------------------------------+--------------+------------+------------+
; Slack ; From Node                                                     ; To Node                                                       ; Launch Clock                                                          ; Latch Clock                                                           ; Relationship ; Clock Skew ; Data Delay ;
+-------+---------------------------------------------------------------+---------------------------------------------------------------+-----------------------------------------------------------------------+-----------------------------------------------------------------------+--------------+------------+------------+
; 0.187 ; Seletor_alimentacao_display:inst46|contador_n_bits:inst1|q[1] ; Seletor_alimentacao_display:inst46|contador_n_bits:inst1|q[1] ; Seletor_alimentacao_display:inst46|divisor_de_frequencia:inst|aux_tff ; Seletor_alimentacao_display:inst46|divisor_de_frequencia:inst|aux_tff ; 0.000        ; 0.036      ; 0.307      ;
; 0.194 ; Seletor_alimentacao_display:inst46|contador_n_bits:inst1|q[0] ; Seletor_alimentacao_display:inst46|contador_n_bits:inst1|q[0] ; Seletor_alimentacao_display:inst46|divisor_de_frequencia:inst|aux_tff ; Seletor_alimentacao_display:inst46|divisor_de_frequencia:inst|aux_tff ; 0.000        ; 0.036      ; 0.314      ;
; 0.206 ; Seletor_alimentacao_display:inst46|contador_n_bits:inst1|q[0] ; Seletor_alimentacao_display:inst46|contador_n_bits:inst1|q[1] ; Seletor_alimentacao_display:inst46|divisor_de_frequencia:inst|aux_tff ; Seletor_alimentacao_display:inst46|divisor_de_frequencia:inst|aux_tff ; 0.000        ; 0.036      ; 0.326      ;
+-------+---------------------------------------------------------------+---------------------------------------------------------------+-----------------------------------------------------------------------+-----------------------------------------------------------------------+--------------+------------+------------+


+------------------------------------------------------------------------------------------------------------------------------------------------------------------------------------------------------------------+
; Fast 1200mV 0C Model Hold: 'divisor_de_frequencia:inst5|aux_tff'                                                                                                                                                 ;
+-------+--------------------------------------------+----------------------------------------+-------------------------------------+-------------------------------------+--------------+------------+------------+
; Slack ; From Node                                  ; To Node                                ; Launch Clock                        ; Latch Clock                         ; Relationship ; Clock Skew ; Data Delay ;
+-------+--------------------------------------------+----------------------------------------+-------------------------------------+-------------------------------------+--------------+------------+------------+
; 0.187 ; contador_de_decada:inst43|unidade_q[3]     ; contador_de_decada:inst43|unidade_q[3] ; divisor_de_frequencia:inst5|aux_tff ; divisor_de_frequencia:inst5|aux_tff ; 0.000        ; 0.036      ; 0.307      ;
; 0.187 ; contador_de_decada:inst43|unidade_q[1]     ; contador_de_decada:inst43|unidade_q[1] ; divisor_de_frequencia:inst5|aux_tff ; divisor_de_frequencia:inst5|aux_tff ; 0.000        ; 0.036      ; 0.307      ;
; 0.187 ; contador_de_decada:inst43|unidade_q[2]     ; contador_de_decada:inst43|unidade_q[2] ; divisor_de_frequencia:inst5|aux_tff ; divisor_de_frequencia:inst5|aux_tff ; 0.000        ; 0.036      ; 0.307      ;
; 0.187 ; contador_de_decada:inst43|milhar_q[3]      ; contador_de_decada:inst43|milhar_q[3]  ; divisor_de_frequencia:inst5|aux_tff ; divisor_de_frequencia:inst5|aux_tff ; 0.000        ; 0.036      ; 0.307      ;
; 0.187 ; contador_de_decada:inst43|milhar_q[2]      ; contador_de_decada:inst43|milhar_q[2]  ; divisor_de_frequencia:inst5|aux_tff ; divisor_de_frequencia:inst5|aux_tff ; 0.000        ; 0.036      ; 0.307      ;
; 0.187 ; contador_de_decada:inst43|milhar_q[1]      ; contador_de_decada:inst43|milhar_q[1]  ; divisor_de_frequencia:inst5|aux_tff ; divisor_de_frequencia:inst5|aux_tff ; 0.000        ; 0.036      ; 0.307      ;
; 0.187 ; contador_de_decada:inst43|unidade_q[0]     ; contador_de_decada:inst43|unidade_q[0] ; divisor_de_frequencia:inst5|aux_tff ; divisor_de_frequencia:inst5|aux_tff ; 0.000        ; 0.036      ; 0.307      ;
; 0.187 ; contador_de_decada:inst43|centena_q[0]     ; contador_de_decada:inst43|centena_q[0] ; divisor_de_frequencia:inst5|aux_tff ; divisor_de_frequencia:inst5|aux_tff ; 0.000        ; 0.036      ; 0.307      ;
; 0.187 ; contador_de_decada:inst43|dezena_q[3]      ; contador_de_decada:inst43|dezena_q[3]  ; divisor_de_frequencia:inst5|aux_tff ; divisor_de_frequencia:inst5|aux_tff ; 0.000        ; 0.036      ; 0.307      ;
; 0.187 ; contador_de_decada:inst43|dezena_q[2]      ; contador_de_decada:inst43|dezena_q[2]  ; divisor_de_frequencia:inst5|aux_tff ; divisor_de_frequencia:inst5|aux_tff ; 0.000        ; 0.036      ; 0.307      ;
; 0.187 ; contador_de_decada:inst43|dezena_q[1]      ; contador_de_decada:inst43|dezena_q[1]  ; divisor_de_frequencia:inst5|aux_tff ; divisor_de_frequencia:inst5|aux_tff ; 0.000        ; 0.036      ; 0.307      ;
; 0.187 ; contador_de_decada:inst43|dezena_q[0]      ; contador_de_decada:inst43|dezena_q[0]  ; divisor_de_frequencia:inst5|aux_tff ; divisor_de_frequencia:inst5|aux_tff ; 0.000        ; 0.036      ; 0.307      ;
; 0.187 ; contador_de_decada:inst43|centena_q[2]     ; contador_de_decada:inst43|centena_q[2] ; divisor_de_frequencia:inst5|aux_tff ; divisor_de_frequencia:inst5|aux_tff ; 0.000        ; 0.036      ; 0.307      ;
; 0.187 ; contador_de_decada:inst43|centena_q[1]     ; contador_de_decada:inst43|centena_q[1] ; divisor_de_frequencia:inst5|aux_tff ; divisor_de_frequencia:inst5|aux_tff ; 0.000        ; 0.036      ; 0.307      ;
; 0.187 ; contador_de_decada:inst43|centena_q[3]     ; contador_de_decada:inst43|centena_q[3] ; divisor_de_frequencia:inst5|aux_tff ; divisor_de_frequencia:inst5|aux_tff ; 0.000        ; 0.036      ; 0.307      ;
; 0.187 ; contador_de_decada:inst43|milhar_q[0]      ; contador_de_decada:inst43|milhar_q[0]  ; divisor_de_frequencia:inst5|aux_tff ; divisor_de_frequencia:inst5|aux_tff ; 0.000        ; 0.036      ; 0.307      ;
; 0.326 ; contador_de_decada:inst43|dezena_q[0]      ; contador_de_decada:inst43|dezena_q[1]  ; divisor_de_frequencia:inst5|aux_tff ; divisor_de_frequencia:inst5|aux_tff ; 0.000        ; 0.036      ; 0.446      ;
; 0.329 ; contador_de_decada:inst43|unidade_q[0]     ; contador_de_decada:inst43|unidade_q[1] ; divisor_de_frequencia:inst5|aux_tff ; divisor_de_frequencia:inst5|aux_tff ; 0.000        ; 0.036      ; 0.449      ;
; 0.378 ; contador_de_decada:inst43|milhar_q[0]      ; contador_de_decada:inst43|milhar_q[1]  ; divisor_de_frequencia:inst5|aux_tff ; divisor_de_frequencia:inst5|aux_tff ; 0.000        ; 0.036      ; 0.498      ;
; 0.403 ; contador_de_decada:inst43|centena_q[0]     ; contador_de_decada:inst43|centena_q[1] ; divisor_de_frequencia:inst5|aux_tff ; divisor_de_frequencia:inst5|aux_tff ; 0.000        ; 0.036      ; 0.523      ;
; 0.468 ; contador_de_decada:inst43|reset_reg        ; contador_de_decada:inst43|milhar_q[0]  ; divisor_de_frequencia:inst5|aux_tff ; divisor_de_frequencia:inst5|aux_tff ; 0.000        ; 0.036      ; 0.588      ;
; 0.472 ; contador_de_decada:inst43|centena_q[1]     ; contador_de_decada:inst43|centena_q[2] ; divisor_de_frequencia:inst5|aux_tff ; divisor_de_frequencia:inst5|aux_tff ; 0.000        ; 0.036      ; 0.592      ;
; 0.537 ; contador_de_decada:inst43|centena_q[1]     ; contador_de_decada:inst43|centena_q[3] ; divisor_de_frequencia:inst5|aux_tff ; divisor_de_frequencia:inst5|aux_tff ; 0.000        ; 0.036      ; 0.657      ;
; 0.539 ; contador_de_decada:inst43|milhar_q[0]      ; contador_de_decada:inst43|milhar_q[3]  ; divisor_de_frequencia:inst5|aux_tff ; divisor_de_frequencia:inst5|aux_tff ; 0.000        ; 0.036      ; 0.659      ;
; 0.539 ; contador_de_decada:inst43|unidade_q[1]     ; contador_de_decada:inst43|unidade_q[3] ; divisor_de_frequencia:inst5|aux_tff ; divisor_de_frequencia:inst5|aux_tff ; 0.000        ; 0.036      ; 0.659      ;
; 0.590 ; contador_de_decada:inst43|centena_q[0]     ; contador_de_decada:inst43|centena_q[2] ; divisor_de_frequencia:inst5|aux_tff ; divisor_de_frequencia:inst5|aux_tff ; 0.000        ; 0.036      ; 0.710      ;
; 0.596 ; contador_de_decada:inst43|centena_q[2]     ; contador_de_decada:inst43|centena_q[3] ; divisor_de_frequencia:inst5|aux_tff ; divisor_de_frequencia:inst5|aux_tff ; 0.000        ; 0.036      ; 0.716      ;
; 0.601 ; contador_de_decada:inst43|unidade_q[0]     ; contador_de_decada:inst43|unidade_q[3] ; divisor_de_frequencia:inst5|aux_tff ; divisor_de_frequencia:inst5|aux_tff ; 0.000        ; 0.036      ; 0.721      ;
; 0.601 ; contador_de_decada:inst43|unidade_q[2]     ; contador_de_decada:inst43|unidade_q[3] ; divisor_de_frequencia:inst5|aux_tff ; divisor_de_frequencia:inst5|aux_tff ; 0.000        ; 0.036      ; 0.721      ;
; 0.607 ; contador_de_decada:inst43|unidade_q[1]     ; contador_de_decada:inst43|unidade_q[2] ; divisor_de_frequencia:inst5|aux_tff ; divisor_de_frequencia:inst5|aux_tff ; 0.000        ; 0.036      ; 0.727      ;
; 0.609 ; contador_de_decada:inst43|dezena_q[0]      ; contador_de_decada:inst43|dezena_q[2]  ; divisor_de_frequencia:inst5|aux_tff ; divisor_de_frequencia:inst5|aux_tff ; 0.000        ; 0.036      ; 0.729      ;
; 0.610 ; contador_de_decada:inst43|dezena_q[2]      ; contador_de_decada:inst43|dezena_q[3]  ; divisor_de_frequencia:inst5|aux_tff ; divisor_de_frequencia:inst5|aux_tff ; 0.000        ; 0.036      ; 0.730      ;
; 0.631 ; controlador_pausa_reset:inst50|resetcont_q ; contador_de_decada:inst43|milhar_q[0]  ; clock                               ; divisor_de_frequencia:inst5|aux_tff ; 0.000        ; 0.130      ; 0.875      ;
; 0.637 ; controlador_pausa_reset:inst50|resetcont_q ; contador_de_decada:inst43|reset_reg    ; clock                               ; divisor_de_frequencia:inst5|aux_tff ; 0.000        ; 0.130      ; 0.881      ;
; 0.637 ; contador_de_decada:inst43|milhar_q[1]      ; contador_de_decada:inst43|milhar_q[3]  ; divisor_de_frequencia:inst5|aux_tff ; divisor_de_frequencia:inst5|aux_tff ; 0.000        ; 0.036      ; 0.757      ;
; 0.641 ; contador_de_decada:inst43|milhar_q[2]      ; contador_de_decada:inst43|milhar_q[3]  ; divisor_de_frequencia:inst5|aux_tff ; divisor_de_frequencia:inst5|aux_tff ; 0.000        ; 0.036      ; 0.761      ;
; 0.657 ; contador_de_decada:inst43|centena_q[0]     ; contador_de_decada:inst43|centena_q[3] ; divisor_de_frequencia:inst5|aux_tff ; divisor_de_frequencia:inst5|aux_tff ; 0.000        ; 0.036      ; 0.777      ;
; 0.659 ; contador_de_decada:inst43|dezena_q[1]      ; contador_de_decada:inst43|dezena_q[2]  ; divisor_de_frequencia:inst5|aux_tff ; divisor_de_frequencia:inst5|aux_tff ; 0.000        ; 0.036      ; 0.779      ;
; 0.661 ; contador_de_decada:inst43|reset_reg        ; contador_de_decada:inst43|dezena_q[0]  ; divisor_de_frequencia:inst5|aux_tff ; divisor_de_frequencia:inst5|aux_tff ; 0.000        ; 0.034      ; 0.779      ;
; 0.661 ; contador_de_decada:inst43|unidade_q[0]     ; contador_de_decada:inst43|unidade_q[2] ; divisor_de_frequencia:inst5|aux_tff ; divisor_de_frequencia:inst5|aux_tff ; 0.000        ; 0.036      ; 0.781      ;
; 0.671 ; contador_de_decada:inst43|dezena_q[1]      ; contador_de_decada:inst43|dezena_q[3]  ; divisor_de_frequencia:inst5|aux_tff ; divisor_de_frequencia:inst5|aux_tff ; 0.000        ; 0.036      ; 0.791      ;
; 0.684 ; contador_de_decada:inst43|reset_reg        ; contador_de_decada:inst43|centena_q[0] ; divisor_de_frequencia:inst5|aux_tff ; divisor_de_frequencia:inst5|aux_tff ; 0.000        ; 0.038      ; 0.806      ;
; 0.696 ; contador_de_decada:inst43|unidade_q[3]     ; contador_de_decada:inst43|dezena_q[0]  ; divisor_de_frequencia:inst5|aux_tff ; divisor_de_frequencia:inst5|aux_tff ; 0.000        ; 0.035      ; 0.815      ;
; 0.731 ; contador_de_decada:inst43|dezena_q[0]      ; contador_de_decada:inst43|dezena_q[3]  ; divisor_de_frequencia:inst5|aux_tff ; divisor_de_frequencia:inst5|aux_tff ; 0.000        ; 0.036      ; 0.851      ;
; 0.739 ; contador_de_decada:inst43|milhar_q[3]      ; contador_de_decada:inst43|milhar_q[2]  ; divisor_de_frequencia:inst5|aux_tff ; divisor_de_frequencia:inst5|aux_tff ; 0.000        ; 0.036      ; 0.859      ;
; 0.740 ; contador_de_decada:inst43|milhar_q[3]      ; contador_de_decada:inst43|milhar_q[1]  ; divisor_de_frequencia:inst5|aux_tff ; divisor_de_frequencia:inst5|aux_tff ; 0.000        ; 0.036      ; 0.860      ;
; 0.754 ; contador_de_decada:inst43|milhar_q[1]      ; contador_de_decada:inst43|milhar_q[2]  ; divisor_de_frequencia:inst5|aux_tff ; divisor_de_frequencia:inst5|aux_tff ; 0.000        ; 0.036      ; 0.874      ;
; 0.758 ; contador_de_decada:inst43|milhar_q[0]      ; contador_de_decada:inst43|milhar_q[2]  ; divisor_de_frequencia:inst5|aux_tff ; divisor_de_frequencia:inst5|aux_tff ; 0.000        ; 0.036      ; 0.878      ;
; 0.776 ; contador_de_decada:inst43|reset_reg        ; contador_de_decada:inst43|unidade_q[0] ; divisor_de_frequencia:inst5|aux_tff ; divisor_de_frequencia:inst5|aux_tff ; 0.000        ; 0.035      ; 0.895      ;
; 0.796 ; controlador_pausa_reset:inst50|resetcont_q ; contador_de_decada:inst43|unidade_q[0] ; clock                               ; divisor_de_frequencia:inst5|aux_tff ; 0.000        ; 0.129      ; 1.039      ;
; 0.798 ; contador_de_decada:inst43|unidade_q[1]     ; contador_de_decada:inst43|dezena_q[0]  ; divisor_de_frequencia:inst5|aux_tff ; divisor_de_frequencia:inst5|aux_tff ; 0.000        ; 0.035      ; 0.917      ;
; 0.818 ; contador_de_decada:inst43|unidade_q[0]     ; contador_de_decada:inst43|dezena_q[0]  ; divisor_de_frequencia:inst5|aux_tff ; divisor_de_frequencia:inst5|aux_tff ; 0.000        ; 0.035      ; 0.937      ;
; 0.818 ; contador_de_decada:inst43|reset_reg        ; contador_de_decada:inst43|milhar_q[2]  ; divisor_de_frequencia:inst5|aux_tff ; divisor_de_frequencia:inst5|aux_tff ; 0.000        ; 0.036      ; 0.938      ;
; 0.819 ; contador_de_decada:inst43|reset_reg        ; contador_de_decada:inst43|milhar_q[3]  ; divisor_de_frequencia:inst5|aux_tff ; divisor_de_frequencia:inst5|aux_tff ; 0.000        ; 0.036      ; 0.939      ;
; 0.819 ; contador_de_decada:inst43|reset_reg        ; contador_de_decada:inst43|milhar_q[1]  ; divisor_de_frequencia:inst5|aux_tff ; divisor_de_frequencia:inst5|aux_tff ; 0.000        ; 0.036      ; 0.939      ;
; 0.824 ; controlador_pausa_reset:inst50|resetcont_q ; contador_de_decada:inst43|dezena_q[0]  ; clock                               ; divisor_de_frequencia:inst5|aux_tff ; 0.000        ; 0.128      ; 1.066      ;
; 0.837 ; controlador_pausa_reset:inst50|pausa_q     ; contador_de_decada:inst43|milhar_q[0]  ; clock                               ; divisor_de_frequencia:inst5|aux_tff ; 0.000        ; 0.110      ; 1.061      ;
; 0.839 ; contador_4_bits_up_down:inst35|q[1]        ; contador_de_decada:inst43|milhar_q[0]  ; clock                               ; divisor_de_frequencia:inst5|aux_tff ; 0.000        ; 0.302      ; 1.255      ;
; 0.839 ; flag_menu_visitado:inst41|comp_flag_q      ; contador_de_decada:inst43|milhar_q[0]  ; clock                               ; divisor_de_frequencia:inst5|aux_tff ; 0.000        ; 0.301      ; 1.254      ;
; 0.847 ; controlador_pausa_reset:inst50|resetcont_q ; contador_de_decada:inst43|centena_q[0] ; clock                               ; divisor_de_frequencia:inst5|aux_tff ; 0.000        ; 0.132      ; 1.093      ;
; 0.848 ; contador_de_decada:inst43|unidade_q[3]     ; contador_de_decada:inst43|unidade_q[1] ; divisor_de_frequencia:inst5|aux_tff ; divisor_de_frequencia:inst5|aux_tff ; 0.000        ; 0.036      ; 0.968      ;
; 0.851 ; contador_de_decada:inst43|unidade_q[3]     ; contador_de_decada:inst43|unidade_q[2] ; divisor_de_frequencia:inst5|aux_tff ; divisor_de_frequencia:inst5|aux_tff ; 0.000        ; 0.036      ; 0.971      ;
; 0.853 ; contador_de_decada:inst43|reset_reg        ; contador_de_decada:inst43|centena_q[3] ; divisor_de_frequencia:inst5|aux_tff ; divisor_de_frequencia:inst5|aux_tff ; 0.000        ; 0.038      ; 0.975      ;
; 0.854 ; contador_4_bits_up_down:inst35|q[1]        ; contador_de_decada:inst43|centena_q[0] ; clock                               ; divisor_de_frequencia:inst5|aux_tff ; 0.000        ; 0.304      ; 1.272      ;
; 0.854 ; contador_de_decada:inst43|reset_reg        ; contador_de_decada:inst43|centena_q[2] ; divisor_de_frequencia:inst5|aux_tff ; divisor_de_frequencia:inst5|aux_tff ; 0.000        ; 0.038      ; 0.976      ;
; 0.855 ; contador_de_decada:inst43|reset_reg        ; contador_de_decada:inst43|centena_q[1] ; divisor_de_frequencia:inst5|aux_tff ; divisor_de_frequencia:inst5|aux_tff ; 0.000        ; 0.038      ; 0.977      ;
; 0.856 ; contador_de_decada:inst43|unidade_q[3]     ; contador_de_decada:inst43|centena_q[3] ; divisor_de_frequencia:inst5|aux_tff ; divisor_de_frequencia:inst5|aux_tff ; 0.000        ; 0.039      ; 0.979      ;
; 0.857 ; contador_de_decada:inst43|unidade_q[3]     ; contador_de_decada:inst43|centena_q[2] ; divisor_de_frequencia:inst5|aux_tff ; divisor_de_frequencia:inst5|aux_tff ; 0.000        ; 0.039      ; 0.980      ;
; 0.858 ; controlador_pausa_reset:inst50|pausa_q     ; contador_de_decada:inst43|centena_q[0] ; clock                               ; divisor_de_frequencia:inst5|aux_tff ; 0.000        ; 0.112      ; 1.084      ;
; 0.858 ; contador_de_decada:inst43|milhar_q[2]      ; contador_de_decada:inst43|milhar_q[1]  ; divisor_de_frequencia:inst5|aux_tff ; divisor_de_frequencia:inst5|aux_tff ; 0.000        ; 0.036      ; 0.978      ;
; 0.858 ; contador_de_decada:inst43|unidade_q[3]     ; contador_de_decada:inst43|centena_q[1] ; divisor_de_frequencia:inst5|aux_tff ; divisor_de_frequencia:inst5|aux_tff ; 0.000        ; 0.039      ; 0.981      ;
; 0.860 ; flag_menu_visitado:inst41|comp_flag_q      ; contador_de_decada:inst43|centena_q[0] ; clock                               ; divisor_de_frequencia:inst5|aux_tff ; 0.000        ; 0.303      ; 1.277      ;
; 0.875 ; contador_de_decada:inst43|unidade_q[2]     ; contador_de_decada:inst43|dezena_q[0]  ; divisor_de_frequencia:inst5|aux_tff ; divisor_de_frequencia:inst5|aux_tff ; 0.000        ; 0.035      ; 0.994      ;
; 0.892 ; contador_de_decada:inst43|dezena_q[3]      ; contador_de_decada:inst43|centena_q[0] ; divisor_de_frequencia:inst5|aux_tff ; divisor_de_frequencia:inst5|aux_tff ; 0.000        ; 0.040      ; 1.016      ;
; 0.907 ; controlador_pausa_reset:inst50|resetcont_q ; contador_de_decada:inst43|unidade_q[1] ; clock                               ; divisor_de_frequencia:inst5|aux_tff ; 0.000        ; 0.129      ; 1.150      ;
; 0.909 ; contador_de_decada:inst43|dezena_q[3]      ; contador_de_decada:inst43|centena_q[3] ; divisor_de_frequencia:inst5|aux_tff ; divisor_de_frequencia:inst5|aux_tff ; 0.000        ; 0.040      ; 1.033      ;
; 0.910 ; controlador_pausa_reset:inst50|resetcont_q ; contador_de_decada:inst43|unidade_q[2] ; clock                               ; divisor_de_frequencia:inst5|aux_tff ; 0.000        ; 0.129      ; 1.153      ;
; 0.910 ; contador_de_decada:inst43|dezena_q[3]      ; contador_de_decada:inst43|centena_q[2] ; divisor_de_frequencia:inst5|aux_tff ; divisor_de_frequencia:inst5|aux_tff ; 0.000        ; 0.040      ; 1.034      ;
; 0.911 ; contador_de_decada:inst43|dezena_q[3]      ; contador_de_decada:inst43|centena_q[1] ; divisor_de_frequencia:inst5|aux_tff ; divisor_de_frequencia:inst5|aux_tff ; 0.000        ; 0.040      ; 1.035      ;
; 0.914 ; controlador_pausa_reset:inst50|resetcont_q ; contador_de_decada:inst43|unidade_q[3] ; clock                               ; divisor_de_frequencia:inst5|aux_tff ; 0.000        ; 0.129      ; 1.157      ;
; 0.918 ; controlador_pausa_reset:inst50|resetcont_q ; contador_de_decada:inst43|milhar_q[3]  ; clock                               ; divisor_de_frequencia:inst5|aux_tff ; 0.000        ; 0.130      ; 1.162      ;
; 0.921 ; controlador_pausa_reset:inst50|resetcont_q ; contador_de_decada:inst43|milhar_q[2]  ; clock                               ; divisor_de_frequencia:inst5|aux_tff ; 0.000        ; 0.130      ; 1.165      ;
; 0.934 ; controlador_pausa_reset:inst50|resetcont_q ; contador_de_decada:inst43|milhar_q[1]  ; clock                               ; divisor_de_frequencia:inst5|aux_tff ; 0.000        ; 0.130      ; 1.178      ;
; 0.934 ; contador_de_decada:inst43|reset_reg        ; contador_de_decada:inst43|dezena_q[1]  ; divisor_de_frequencia:inst5|aux_tff ; divisor_de_frequencia:inst5|aux_tff ; 0.000        ; 0.034      ; 1.052      ;
; 0.935 ; contador_de_decada:inst43|reset_reg        ; contador_de_decada:inst43|dezena_q[3]  ; divisor_de_frequencia:inst5|aux_tff ; divisor_de_frequencia:inst5|aux_tff ; 0.000        ; 0.034      ; 1.053      ;
; 0.936 ; contador_de_decada:inst43|reset_reg        ; contador_de_decada:inst43|dezena_q[2]  ; divisor_de_frequencia:inst5|aux_tff ; divisor_de_frequencia:inst5|aux_tff ; 0.000        ; 0.034      ; 1.054      ;
; 0.943 ; contador_de_decada:inst43|reset_reg        ; contador_de_decada:inst43|unidade_q[1] ; divisor_de_frequencia:inst5|aux_tff ; divisor_de_frequencia:inst5|aux_tff ; 0.000        ; 0.035      ; 1.062      ;
; 0.945 ; contador_de_decada:inst43|reset_reg        ; contador_de_decada:inst43|unidade_q[2] ; divisor_de_frequencia:inst5|aux_tff ; divisor_de_frequencia:inst5|aux_tff ; 0.000        ; 0.035      ; 1.064      ;
; 0.947 ; contador_de_decada:inst43|unidade_q[1]     ; contador_de_decada:inst43|centena_q[2] ; divisor_de_frequencia:inst5|aux_tff ; divisor_de_frequencia:inst5|aux_tff ; 0.000        ; 0.039      ; 1.070      ;
; 0.947 ; contador_de_decada:inst43|unidade_q[1]     ; contador_de_decada:inst43|centena_q[3] ; divisor_de_frequencia:inst5|aux_tff ; divisor_de_frequencia:inst5|aux_tff ; 0.000        ; 0.039      ; 1.070      ;
; 0.948 ; contador_de_decada:inst43|unidade_q[1]     ; contador_de_decada:inst43|centena_q[1] ; divisor_de_frequencia:inst5|aux_tff ; divisor_de_frequencia:inst5|aux_tff ; 0.000        ; 0.039      ; 1.071      ;
; 0.958 ; contador_de_decada:inst43|reset_reg        ; contador_de_decada:inst43|unidade_q[3] ; divisor_de_frequencia:inst5|aux_tff ; divisor_de_frequencia:inst5|aux_tff ; 0.000        ; 0.035      ; 1.077      ;
; 0.959 ; contador_4_bits_up_down:inst35|q[1]        ; contador_de_decada:inst43|unidade_q[0] ; clock                               ; divisor_de_frequencia:inst5|aux_tff ; 0.000        ; 0.301      ; 1.374      ;
; 0.960 ; contador_4_bits_up_down:inst35|q[1]        ; contador_de_decada:inst43|dezena_q[0]  ; clock                               ; divisor_de_frequencia:inst5|aux_tff ; 0.000        ; 0.300      ; 1.374      ;
; 0.966 ; contador_de_decada:inst43|dezena_q[0]      ; contador_de_decada:inst43|centena_q[0] ; divisor_de_frequencia:inst5|aux_tff ; divisor_de_frequencia:inst5|aux_tff ; 0.000        ; 0.040      ; 1.090      ;
; 0.971 ; contador_4_bits_up_down:inst35|q[3]        ; contador_de_decada:inst43|milhar_q[0]  ; clock                               ; divisor_de_frequencia:inst5|aux_tff ; 0.000        ; 0.302      ; 1.387      ;
; 0.971 ; flag_menu_visitado:inst41|comp_flag_q      ; contador_de_decada:inst43|unidade_q[0] ; clock                               ; divisor_de_frequencia:inst5|aux_tff ; 0.000        ; 0.300      ; 1.385      ;
; 0.972 ; flag_menu_visitado:inst41|comp_flag_q      ; contador_de_decada:inst43|dezena_q[0]  ; clock                               ; divisor_de_frequencia:inst5|aux_tff ; 0.000        ; 0.299      ; 1.385      ;
; 0.975 ; controlador_pausa_reset:inst50|pausa_q     ; contador_de_decada:inst43|unidade_q[0] ; clock                               ; divisor_de_frequencia:inst5|aux_tff ; 0.000        ; 0.109      ; 1.198      ;
; 0.976 ; controlador_pausa_reset:inst50|pausa_q     ; contador_de_decada:inst43|dezena_q[0]  ; clock                               ; divisor_de_frequencia:inst5|aux_tff ; 0.000        ; 0.108      ; 1.198      ;
+-------+--------------------------------------------+----------------------------------------+-------------------------------------+-------------------------------------+--------------+------------+------------+


+------------------------------------------------------------------------------------------------------------------------------------------------------------------------------------------------------------------+
; Fast 1200mV 0C Model Hold: 'divisor_de_frequencia:inst6|aux_tff'                                                                                                                                                 ;
+-------+------------------------------------------+------------------------------------------+-------------------------------------+-------------------------------------+--------------+------------+------------+
; Slack ; From Node                                ; To Node                                  ; Launch Clock                        ; Latch Clock                         ; Relationship ; Clock Skew ; Data Delay ;
+-------+------------------------------------------+------------------------------------------+-------------------------------------+-------------------------------------+--------------+------------+------------+
; 0.339 ; bloco_debounce:inst20|debounce:inst1|ff2 ; bloco_debounce:inst20|debounce:inst1|ff3 ; divisor_de_frequencia:inst6|aux_tff ; divisor_de_frequencia:inst6|aux_tff ; 0.000        ; 0.037      ; 0.460      ;
; 0.340 ; bloco_debounce:inst20|debounce:inst|ff2  ; bloco_debounce:inst20|debounce:inst|ff3  ; divisor_de_frequencia:inst6|aux_tff ; divisor_de_frequencia:inst6|aux_tff ; 0.000        ; 0.037      ; 0.461      ;
; 0.341 ; bloco_debounce:inst20|debounce:inst3|ff2 ; bloco_debounce:inst20|debounce:inst3|ff3 ; divisor_de_frequencia:inst6|aux_tff ; divisor_de_frequencia:inst6|aux_tff ; 0.000        ; 0.036      ; 0.461      ;
; 0.341 ; bloco_debounce:inst20|debounce:inst2|ff2 ; bloco_debounce:inst20|debounce:inst2|ff3 ; divisor_de_frequencia:inst6|aux_tff ; divisor_de_frequencia:inst6|aux_tff ; 0.000        ; 0.036      ; 0.461      ;
; 0.346 ; bloco_debounce:inst20|debounce:inst|ff1  ; bloco_debounce:inst20|debounce:inst|ff2  ; divisor_de_frequencia:inst6|aux_tff ; divisor_de_frequencia:inst6|aux_tff ; 0.000        ; 0.037      ; 0.467      ;
; 0.349 ; bloco_debounce:inst20|debounce:inst2|ff1 ; bloco_debounce:inst20|debounce:inst2|ff2 ; divisor_de_frequencia:inst6|aux_tff ; divisor_de_frequencia:inst6|aux_tff ; 0.000        ; 0.036      ; 0.469      ;
; 0.351 ; bloco_debounce:inst20|debounce:inst3|ff1 ; bloco_debounce:inst20|debounce:inst3|ff2 ; divisor_de_frequencia:inst6|aux_tff ; divisor_de_frequencia:inst6|aux_tff ; 0.000        ; 0.036      ; 0.471      ;
; 0.351 ; bloco_debounce:inst20|debounce:inst1|ff1 ; bloco_debounce:inst20|debounce:inst1|ff2 ; divisor_de_frequencia:inst6|aux_tff ; divisor_de_frequencia:inst6|aux_tff ; 0.000        ; 0.037      ; 0.472      ;
; 0.360 ; bloco_debounce:inst20|debounce:inst|ff3  ; bloco_debounce:inst20|debounce:inst|ff3  ; divisor_de_frequencia:inst6|aux_tff ; divisor_de_frequencia:inst6|aux_tff ; 0.000        ; 0.037      ; 0.481      ;
; 0.365 ; bloco_debounce:inst20|debounce:inst3|ff3 ; bloco_debounce:inst20|debounce:inst3|ff3 ; divisor_de_frequencia:inst6|aux_tff ; divisor_de_frequencia:inst6|aux_tff ; 0.000        ; 0.036      ; 0.485      ;
; 0.369 ; bloco_debounce:inst20|debounce:inst1|ff3 ; bloco_debounce:inst20|debounce:inst1|ff3 ; divisor_de_frequencia:inst6|aux_tff ; divisor_de_frequencia:inst6|aux_tff ; 0.000        ; 0.037      ; 0.490      ;
; 0.369 ; bloco_debounce:inst20|debounce:inst2|ff3 ; bloco_debounce:inst20|debounce:inst2|ff3 ; divisor_de_frequencia:inst6|aux_tff ; divisor_de_frequencia:inst6|aux_tff ; 0.000        ; 0.036      ; 0.489      ;
; 0.486 ; bloco_debounce:inst20|debounce:inst|ff1  ; bloco_debounce:inst20|debounce:inst|ff3  ; divisor_de_frequencia:inst6|aux_tff ; divisor_de_frequencia:inst6|aux_tff ; 0.000        ; 0.037      ; 0.607      ;
; 0.487 ; bloco_debounce:inst20|debounce:inst1|ff1 ; bloco_debounce:inst20|debounce:inst1|ff3 ; divisor_de_frequencia:inst6|aux_tff ; divisor_de_frequencia:inst6|aux_tff ; 0.000        ; 0.037      ; 0.608      ;
; 0.488 ; bloco_debounce:inst20|debounce:inst3|ff1 ; bloco_debounce:inst20|debounce:inst3|ff3 ; divisor_de_frequencia:inst6|aux_tff ; divisor_de_frequencia:inst6|aux_tff ; 0.000        ; 0.036      ; 0.608      ;
; 0.488 ; bloco_debounce:inst20|debounce:inst2|ff1 ; bloco_debounce:inst20|debounce:inst2|ff3 ; divisor_de_frequencia:inst6|aux_tff ; divisor_de_frequencia:inst6|aux_tff ; 0.000        ; 0.036      ; 0.608      ;
+-------+------------------------------------------+------------------------------------------+-------------------------------------+-------------------------------------+--------------+------------+------------+


----------------------------------------------
; Fast 1200mV 0C Model Metastability Summary ;
----------------------------------------------
No synchronizer chains to report.


+--------------------------------------------------------------------------------------------------------------------------------------+
; Multicorner Timing Analysis Summary                                                                                                  ;
+------------------------------------------------------------------------+----------+-------+----------+---------+---------------------+
; Clock                                                                  ; Setup    ; Hold  ; Recovery ; Removal ; Minimum Pulse Width ;
+------------------------------------------------------------------------+----------+-------+----------+---------+---------------------+
; Worst-case Slack                                                       ; -4.553   ; 0.179 ; N/A      ; N/A     ; -3.000              ;
;  Seletor_alimentacao_display:inst46|divisor_de_frequencia:inst|aux_tff ; -0.001   ; 0.187 ; N/A      ; N/A     ; -1.487              ;
;  clock                                                                 ; -3.971   ; 0.179 ; N/A      ; N/A     ; -3.000              ;
;  divisor_de_frequencia:inst5|aux_tff                                   ; -4.553   ; 0.187 ; N/A      ; N/A     ; -1.487              ;
;  divisor_de_frequencia:inst6|aux_tff                                   ; -0.770   ; 0.339 ; N/A      ; N/A     ; -1.487              ;
; Design-wide TNS                                                        ; -385.743 ; 0.0   ; 0.0      ; 0.0     ; -205.232            ;
;  Seletor_alimentacao_display:inst46|divisor_de_frequencia:inst|aux_tff ; -0.001   ; 0.000 ; N/A      ; N/A     ; -2.974              ;
;  clock                                                                 ; -313.489 ; 0.000 ; N/A      ; N/A     ; -159.135            ;
;  divisor_de_frequencia:inst5|aux_tff                                   ; -67.737  ; 0.000 ; N/A      ; N/A     ; -25.279             ;
;  divisor_de_frequencia:inst6|aux_tff                                   ; -4.516   ; 0.000 ; N/A      ; N/A     ; -17.844             ;
+------------------------------------------------------------------------+----------+-------+----------+---------+---------------------+


+------------------------------------------------------------------------------------------------------------------------------------------------------------------------------------------------------------------------------------------------------------------------------------------------------------------------------------------------------------------------------------------------------------------+
; Board Trace Model Assignments                                                                                                                                                                                                                                                                                                                                                                                    ;
+---------------+--------------+-------------------+-------------------------+-------------------------+---------------+---------------------+----------------+------------------+--------+------------------+------------------------+------------------------+--------------+---------------+-----------------+-------+---------------------+--------------------+---------------+-----------------+-------------+
; Pin           ; I/O Standard ; Near Tline Length ; Near Tline L per Length ; Near Tline C per Length ; Near Series R ; Near Differential R ; Near Pull-up R ; Near Pull-down R ; Near C ; Far Tline Length ; Far Tline L per Length ; Far Tline C per Length ; Far Series R ; Far Pull-up R ; Far Pull-down R ; Far C ; Termination Voltage ; Far Differential R ; EBD File Name ; EBD Signal Name ; EBD Far-end ;
+---------------+--------------+-------------------+-------------------------+-------------------------+---------------+---------------------+----------------+------------------+--------+------------------+------------------------+------------------------+--------------+---------------+-----------------+-------+---------------------+--------------------+---------------+-----------------+-------------+
; DIG[1]        ; 2.5 V        ; 0 in              ; 0 H/in                  ; 0 F/in                  ; short         ; -                   ; open           ; open             ; open   ; 0 in             ; 0 H/in                 ; 0 F/in                 ; short        ; open          ; open            ; open  ; 0 V                 ; -                  ; n/a           ; n/a             ; n/a         ;
; DIG[2]        ; 2.5 V        ; 0 in              ; 0 H/in                  ; 0 F/in                  ; short         ; -                   ; open           ; open             ; open   ; 0 in             ; 0 H/in                 ; 0 F/in                 ; short        ; open          ; open            ; open  ; 0 V                 ; -                  ; n/a           ; n/a             ; n/a         ;
; DIG[3]        ; 2.5 V        ; 0 in              ; 0 H/in                  ; 0 F/in                  ; short         ; -                   ; open           ; open             ; open   ; 0 in             ; 0 H/in                 ; 0 F/in                 ; short        ; open          ; open            ; open  ; 0 V                 ; -                  ; n/a           ; n/a             ; n/a         ;
; DIG[4]        ; 2.5 V        ; 0 in              ; 0 H/in                  ; 0 F/in                  ; short         ; -                   ; open           ; open             ; open   ; 0 in             ; 0 H/in                 ; 0 F/in                 ; short        ; open          ; open            ; open  ; 0 V                 ; -                  ; n/a           ; n/a             ; n/a         ;
; led[4]        ; 2.5 V        ; 0 in              ; 0 H/in                  ; 0 F/in                  ; short         ; -                   ; open           ; open             ; open   ; 0 in             ; 0 H/in                 ; 0 F/in                 ; short        ; open          ; open            ; open  ; 0 V                 ; -                  ; n/a           ; n/a             ; n/a         ;
; led[3]        ; 2.5 V        ; 0 in              ; 0 H/in                  ; 0 F/in                  ; short         ; -                   ; open           ; open             ; open   ; 0 in             ; 0 H/in                 ; 0 F/in                 ; short        ; open          ; open            ; open  ; 0 V                 ; -                  ; n/a           ; n/a             ; n/a         ;
; led[2]        ; 2.5 V        ; 0 in              ; 0 H/in                  ; 0 F/in                  ; short         ; -                   ; open           ; open             ; open   ; 0 in             ; 0 H/in                 ; 0 F/in                 ; short        ; open          ; open            ; open  ; 0 V                 ; -                  ; n/a           ; n/a             ; n/a         ;
; led[1]        ; 2.5 V        ; 0 in              ; 0 H/in                  ; 0 F/in                  ; short         ; -                   ; open           ; open             ; open   ; 0 in             ; 0 H/in                 ; 0 F/in                 ; short        ; open          ; open            ; open  ; 0 V                 ; -                  ; n/a           ; n/a             ; n/a         ;
; SEG[0]        ; 2.5 V        ; 0 in              ; 0 H/in                  ; 0 F/in                  ; short         ; -                   ; open           ; open             ; open   ; 0 in             ; 0 H/in                 ; 0 F/in                 ; short        ; open          ; open            ; open  ; 0 V                 ; -                  ; n/a           ; n/a             ; n/a         ;
; SEG[1]        ; 2.5 V        ; 0 in              ; 0 H/in                  ; 0 F/in                  ; short         ; -                   ; open           ; open             ; open   ; 0 in             ; 0 H/in                 ; 0 F/in                 ; short        ; open          ; open            ; open  ; 0 V                 ; -                  ; n/a           ; n/a             ; n/a         ;
; SEG[2]        ; 2.5 V        ; 0 in              ; 0 H/in                  ; 0 F/in                  ; short         ; -                   ; open           ; open             ; open   ; 0 in             ; 0 H/in                 ; 0 F/in                 ; short        ; open          ; open            ; open  ; 0 V                 ; -                  ; n/a           ; n/a             ; n/a         ;
; SEG[3]        ; 2.5 V        ; 0 in              ; 0 H/in                  ; 0 F/in                  ; short         ; -                   ; open           ; open             ; open   ; 0 in             ; 0 H/in                 ; 0 F/in                 ; short        ; open          ; open            ; open  ; 0 V                 ; -                  ; n/a           ; n/a             ; n/a         ;
; SEG[4]        ; 2.5 V        ; 0 in              ; 0 H/in                  ; 0 F/in                  ; short         ; -                   ; open           ; open             ; open   ; 0 in             ; 0 H/in                 ; 0 F/in                 ; short        ; open          ; open            ; open  ; 0 V                 ; -                  ; n/a           ; n/a             ; n/a         ;
; SEG[5]        ; 2.5 V        ; 0 in              ; 0 H/in                  ; 0 F/in                  ; short         ; -                   ; open           ; open             ; open   ; 0 in             ; 0 H/in                 ; 0 F/in                 ; short        ; open          ; open            ; open  ; 0 V                 ; -                  ; n/a           ; n/a             ; n/a         ;
; SEG[6]        ; 2.5 V        ; 0 in              ; 0 H/in                  ; 0 F/in                  ; short         ; -                   ; open           ; open             ; open   ; 0 in             ; 0 H/in                 ; 0 F/in                 ; short        ; open          ; open            ; open  ; 0 V                 ; -                  ; n/a           ; n/a             ; n/a         ;
; ~ALTERA_DCLK~ ; 2.5 V        ; 0 in              ; 0 H/in                  ; 0 F/in                  ; short         ; -                   ; open           ; open             ; open   ; 0 in             ; 0 H/in                 ; 0 F/in                 ; short        ; open          ; open            ; open  ; 0 V                 ; -                  ; n/a           ; n/a             ; n/a         ;
; ~ALTERA_nCEO~ ; 2.5 V        ; 0 in              ; 0 H/in                  ; 0 F/in                  ; short         ; -                   ; open           ; open             ; open   ; 0 in             ; 0 H/in                 ; 0 F/in                 ; short        ; open          ; open            ; open  ; 0 V                 ; -                  ; n/a           ; n/a             ; n/a         ;
+---------------+--------------+-------------------+-------------------------+-------------------------+---------------+---------------------+----------------+------------------+--------+------------------+------------------------+------------------------+--------------+---------------+-----------------+-------+---------------------+--------------------+---------------+-----------------+-------------+


+----------------------------------------------------------------------------+
; Input Transition Times                                                     ;
+-------------------------+--------------+-----------------+-----------------+
; Pin                     ; I/O Standard ; 10-90 Rise Time ; 90-10 Fall Time ;
+-------------------------+--------------+-----------------+-----------------+
; clock                   ; 2.5 V        ; 2000 ps         ; 2000 ps         ;
; key[2]                  ; 2.5 V        ; 2000 ps         ; 2000 ps         ;
; key[1]                  ; 2.5 V        ; 2000 ps         ; 2000 ps         ;
; key[3]                  ; 2.5 V        ; 2000 ps         ; 2000 ps         ;
; key[4]                  ; 2.5 V        ; 2000 ps         ; 2000 ps         ;
; ~ALTERA_ASDO_DATA1~     ; 2.5 V        ; 2000 ps         ; 2000 ps         ;
; ~ALTERA_FLASH_nCE_nCSO~ ; 2.5 V        ; 2000 ps         ; 2000 ps         ;
; ~ALTERA_DATA0~          ; 2.5 V        ; 2000 ps         ; 2000 ps         ;
+-------------------------+--------------+-----------------+-----------------+


+--------------------------------------------------------------------------------------------------------------------------------------------------------------------------------------------------------------------------------------------------------------------------------------------------------------------------------------------------------------------------------------------------------------------------------------------------------------------------------------------------------------------------------------------------------------------------------------------------------------------------------------------------------------------------------------------+
; Signal Integrity Metrics (Slow 1200mv 0c Model)                                                                                                                                                                                                                                                                                                                                                                                                                                                                                                                                                                                                                                            ;
+---------------+--------------+---------------------+---------------------+------------------------------+------------------------------+---------------------+---------------------+--------------------------------------+--------------------------------------+-----------------------------+-----------------------------+----------------------------+----------------------------+-----------------------------+-----------------------------+--------------------+--------------------+-------------------------------------+-------------------------------------+----------------------------+----------------------------+---------------------------+---------------------------+
; Pin           ; I/O Standard ; Board Delay on Rise ; Board Delay on Fall ; Steady State Voh at FPGA Pin ; Steady State Vol at FPGA Pin ; Voh Max at FPGA Pin ; Vol Min at FPGA Pin ; Ringback Voltage on Rise at FPGA Pin ; Ringback Voltage on Fall at FPGA Pin ; 10-90 Rise Time at FPGA Pin ; 90-10 Fall Time at FPGA Pin ; Monotonic Rise at FPGA Pin ; Monotonic Fall at FPGA Pin ; Steady State Voh at Far-end ; Steady State Vol at Far-end ; Voh Max at Far-end ; Vol Min at Far-end ; Ringback Voltage on Rise at Far-end ; Ringback Voltage on Fall at Far-end ; 10-90 Rise Time at Far-end ; 90-10 Fall Time at Far-end ; Monotonic Rise at Far-end ; Monotonic Fall at Far-end ;
+---------------+--------------+---------------------+---------------------+------------------------------+------------------------------+---------------------+---------------------+--------------------------------------+--------------------------------------+-----------------------------+-----------------------------+----------------------------+----------------------------+-----------------------------+-----------------------------+--------------------+--------------------+-------------------------------------+-------------------------------------+----------------------------+----------------------------+---------------------------+---------------------------+
; DIG[1]        ; 2.5 V        ; 0 s                 ; 0 s                 ; 2.32 V                       ; 2.8e-09 V                    ; 2.37 V              ; -0.00373 V          ; 0.104 V                              ; 0.011 V                              ; 4.34e-10 s                  ; 3.82e-10 s                  ; Yes                        ; Yes                        ; 2.32 V                      ; 2.8e-09 V                   ; 2.37 V             ; -0.00373 V         ; 0.104 V                             ; 0.011 V                             ; 4.34e-10 s                 ; 3.82e-10 s                 ; Yes                       ; Yes                       ;
; DIG[2]        ; 2.5 V        ; 0 s                 ; 0 s                 ; 2.32 V                       ; 2.8e-09 V                    ; 2.37 V              ; -0.00373 V          ; 0.104 V                              ; 0.011 V                              ; 4.34e-10 s                  ; 3.82e-10 s                  ; Yes                        ; Yes                        ; 2.32 V                      ; 2.8e-09 V                   ; 2.37 V             ; -0.00373 V         ; 0.104 V                             ; 0.011 V                             ; 4.34e-10 s                 ; 3.82e-10 s                 ; Yes                       ; Yes                       ;
; DIG[3]        ; 2.5 V        ; 0 s                 ; 0 s                 ; 2.32 V                       ; 2.8e-09 V                    ; 2.33 V              ; -0.00425 V          ; 0.168 V                              ; 0.058 V                              ; 3.12e-09 s                  ; 2.87e-09 s                  ; Yes                        ; Yes                        ; 2.32 V                      ; 2.8e-09 V                   ; 2.33 V             ; -0.00425 V         ; 0.168 V                             ; 0.058 V                             ; 3.12e-09 s                 ; 2.87e-09 s                 ; Yes                       ; Yes                       ;
; DIG[4]        ; 2.5 V        ; 0 s                 ; 0 s                 ; 2.32 V                       ; 2.8e-09 V                    ; 2.37 V              ; -0.00373 V          ; 0.104 V                              ; 0.011 V                              ; 4.34e-10 s                  ; 3.82e-10 s                  ; Yes                        ; Yes                        ; 2.32 V                      ; 2.8e-09 V                   ; 2.37 V             ; -0.00373 V         ; 0.104 V                             ; 0.011 V                             ; 4.34e-10 s                 ; 3.82e-10 s                 ; Yes                       ; Yes                       ;
; led[4]        ; 2.5 V        ; 0 s                 ; 0 s                 ; 2.32 V                       ; 2.07e-09 V                   ; 2.36 V              ; -0.00737 V          ; 0.209 V                              ; 0.012 V                              ; 5.22e-10 s                  ; 5.33e-10 s                  ; Yes                        ; Yes                        ; 2.32 V                      ; 2.07e-09 V                  ; 2.36 V             ; -0.00737 V         ; 0.209 V                             ; 0.012 V                             ; 5.22e-10 s                 ; 5.33e-10 s                 ; Yes                       ; Yes                       ;
; led[3]        ; 2.5 V        ; 0 s                 ; 0 s                 ; 2.32 V                       ; 2.07e-09 V                   ; 2.36 V              ; -0.00737 V          ; 0.209 V                              ; 0.012 V                              ; 5.22e-10 s                  ; 5.33e-10 s                  ; Yes                        ; Yes                        ; 2.32 V                      ; 2.07e-09 V                  ; 2.36 V             ; -0.00737 V         ; 0.209 V                             ; 0.012 V                             ; 5.22e-10 s                 ; 5.33e-10 s                 ; Yes                       ; Yes                       ;
; led[2]        ; 2.5 V        ; 0 s                 ; 0 s                 ; 2.32 V                       ; 2.07e-09 V                   ; 2.36 V              ; -0.00737 V          ; 0.209 V                              ; 0.012 V                              ; 5.22e-10 s                  ; 5.33e-10 s                  ; Yes                        ; Yes                        ; 2.32 V                      ; 2.07e-09 V                  ; 2.36 V             ; -0.00737 V         ; 0.209 V                             ; 0.012 V                             ; 5.22e-10 s                 ; 5.33e-10 s                 ; Yes                       ; Yes                       ;
; led[1]        ; 2.5 V        ; 0 s                 ; 0 s                 ; 2.32 V                       ; 2.07e-09 V                   ; 2.36 V              ; -0.00737 V          ; 0.209 V                              ; 0.012 V                              ; 5.22e-10 s                  ; 5.33e-10 s                  ; Yes                        ; Yes                        ; 2.32 V                      ; 2.07e-09 V                  ; 2.36 V             ; -0.00737 V         ; 0.209 V                             ; 0.012 V                             ; 5.22e-10 s                 ; 5.33e-10 s                 ; Yes                       ; Yes                       ;
; SEG[0]        ; 2.5 V        ; 0 s                 ; 0 s                 ; 2.32 V                       ; 2.8e-09 V                    ; 2.37 V              ; -0.00373 V          ; 0.104 V                              ; 0.011 V                              ; 4.34e-10 s                  ; 3.82e-10 s                  ; Yes                        ; Yes                        ; 2.32 V                      ; 2.8e-09 V                   ; 2.37 V             ; -0.00373 V         ; 0.104 V                             ; 0.011 V                             ; 4.34e-10 s                 ; 3.82e-10 s                 ; Yes                       ; Yes                       ;
; SEG[1]        ; 2.5 V        ; 0 s                 ; 0 s                 ; 2.32 V                       ; 2.8e-09 V                    ; 2.37 V              ; -0.00373 V          ; 0.104 V                              ; 0.011 V                              ; 4.34e-10 s                  ; 3.82e-10 s                  ; Yes                        ; Yes                        ; 2.32 V                      ; 2.8e-09 V                   ; 2.37 V             ; -0.00373 V         ; 0.104 V                             ; 0.011 V                             ; 4.34e-10 s                 ; 3.82e-10 s                 ; Yes                       ; Yes                       ;
; SEG[2]        ; 2.5 V        ; 0 s                 ; 0 s                 ; 2.32 V                       ; 2.8e-09 V                    ; 2.37 V              ; -0.00373 V          ; 0.104 V                              ; 0.011 V                              ; 4.34e-10 s                  ; 3.82e-10 s                  ; Yes                        ; Yes                        ; 2.32 V                      ; 2.8e-09 V                   ; 2.37 V             ; -0.00373 V         ; 0.104 V                             ; 0.011 V                             ; 4.34e-10 s                 ; 3.82e-10 s                 ; Yes                       ; Yes                       ;
; SEG[3]        ; 2.5 V        ; 0 s                 ; 0 s                 ; 2.32 V                       ; 2.8e-09 V                    ; 2.37 V              ; -0.00373 V          ; 0.104 V                              ; 0.011 V                              ; 4.34e-10 s                  ; 3.82e-10 s                  ; Yes                        ; Yes                        ; 2.32 V                      ; 2.8e-09 V                   ; 2.37 V             ; -0.00373 V         ; 0.104 V                             ; 0.011 V                             ; 4.34e-10 s                 ; 3.82e-10 s                 ; Yes                       ; Yes                       ;
; SEG[4]        ; 2.5 V        ; 0 s                 ; 0 s                 ; 2.32 V                       ; 2.8e-09 V                    ; 2.37 V              ; -0.00373 V          ; 0.104 V                              ; 0.011 V                              ; 4.34e-10 s                  ; 3.82e-10 s                  ; Yes                        ; Yes                        ; 2.32 V                      ; 2.8e-09 V                   ; 2.37 V             ; -0.00373 V         ; 0.104 V                             ; 0.011 V                             ; 4.34e-10 s                 ; 3.82e-10 s                 ; Yes                       ; Yes                       ;
; SEG[5]        ; 2.5 V        ; 0 s                 ; 0 s                 ; 2.32 V                       ; 2.8e-09 V                    ; 2.37 V              ; -0.00373 V          ; 0.104 V                              ; 0.011 V                              ; 4.34e-10 s                  ; 3.82e-10 s                  ; Yes                        ; Yes                        ; 2.32 V                      ; 2.8e-09 V                   ; 2.37 V             ; -0.00373 V         ; 0.104 V                             ; 0.011 V                             ; 4.34e-10 s                 ; 3.82e-10 s                 ; Yes                       ; Yes                       ;
; SEG[6]        ; 2.5 V        ; 0 s                 ; 0 s                 ; 2.32 V                       ; 2.8e-09 V                    ; 2.37 V              ; -0.00373 V          ; 0.104 V                              ; 0.011 V                              ; 4.34e-10 s                  ; 3.82e-10 s                  ; Yes                        ; Yes                        ; 2.32 V                      ; 2.8e-09 V                   ; 2.37 V             ; -0.00373 V         ; 0.104 V                             ; 0.011 V                             ; 4.34e-10 s                 ; 3.82e-10 s                 ; Yes                       ; Yes                       ;
; ~ALTERA_DCLK~ ; 2.5 V        ; 0 s                 ; 0 s                 ; 2.32 V                       ; 1.74e-09 V                   ; 2.37 V              ; -0.0346 V           ; 0.198 V                              ; 0.094 V                              ; 3.14e-10 s                  ; 2.92e-10 s                  ; Yes                        ; Yes                        ; 2.32 V                      ; 1.74e-09 V                  ; 2.37 V             ; -0.0346 V          ; 0.198 V                             ; 0.094 V                             ; 3.14e-10 s                 ; 2.92e-10 s                 ; Yes                       ; Yes                       ;
; ~ALTERA_nCEO~ ; 2.5 V        ; 0 s                 ; 0 s                 ; 2.32 V                       ; 2.57e-09 V                   ; 2.37 V              ; -0.00683 V          ; 0.171 V                              ; 0.018 V                              ; 4.97e-10 s                  ; 6.66e-10 s                  ; Yes                        ; Yes                        ; 2.32 V                      ; 2.57e-09 V                  ; 2.37 V             ; -0.00683 V         ; 0.171 V                             ; 0.018 V                             ; 4.97e-10 s                 ; 6.66e-10 s                 ; Yes                       ; Yes                       ;
+---------------+--------------+---------------------+---------------------+------------------------------+------------------------------+---------------------+---------------------+--------------------------------------+--------------------------------------+-----------------------------+-----------------------------+----------------------------+----------------------------+-----------------------------+-----------------------------+--------------------+--------------------+-------------------------------------+-------------------------------------+----------------------------+----------------------------+---------------------------+---------------------------+


+--------------------------------------------------------------------------------------------------------------------------------------------------------------------------------------------------------------------------------------------------------------------------------------------------------------------------------------------------------------------------------------------------------------------------------------------------------------------------------------------------------------------------------------------------------------------------------------------------------------------------------------------------------------------------------------------+
; Signal Integrity Metrics (Slow 1200mv 85c Model)                                                                                                                                                                                                                                                                                                                                                                                                                                                                                                                                                                                                                                           ;
+---------------+--------------+---------------------+---------------------+------------------------------+------------------------------+---------------------+---------------------+--------------------------------------+--------------------------------------+-----------------------------+-----------------------------+----------------------------+----------------------------+-----------------------------+-----------------------------+--------------------+--------------------+-------------------------------------+-------------------------------------+----------------------------+----------------------------+---------------------------+---------------------------+
; Pin           ; I/O Standard ; Board Delay on Rise ; Board Delay on Fall ; Steady State Voh at FPGA Pin ; Steady State Vol at FPGA Pin ; Voh Max at FPGA Pin ; Vol Min at FPGA Pin ; Ringback Voltage on Rise at FPGA Pin ; Ringback Voltage on Fall at FPGA Pin ; 10-90 Rise Time at FPGA Pin ; 90-10 Fall Time at FPGA Pin ; Monotonic Rise at FPGA Pin ; Monotonic Fall at FPGA Pin ; Steady State Voh at Far-end ; Steady State Vol at Far-end ; Voh Max at Far-end ; Vol Min at Far-end ; Ringback Voltage on Rise at Far-end ; Ringback Voltage on Fall at Far-end ; 10-90 Rise Time at Far-end ; 90-10 Fall Time at Far-end ; Monotonic Rise at Far-end ; Monotonic Fall at Far-end ;
+---------------+--------------+---------------------+---------------------+------------------------------+------------------------------+---------------------+---------------------+--------------------------------------+--------------------------------------+-----------------------------+-----------------------------+----------------------------+----------------------------+-----------------------------+-----------------------------+--------------------+--------------------+-------------------------------------+-------------------------------------+----------------------------+----------------------------+---------------------------+---------------------------+
; DIG[1]        ; 2.5 V        ; 0 s                 ; 0 s                 ; 2.32 V                       ; 2.85e-07 V                   ; 2.35 V              ; -0.0123 V           ; 0.144 V                              ; 0.042 V                              ; 4.81e-10 s                  ; 4.81e-10 s                  ; Yes                        ; Yes                        ; 2.32 V                      ; 2.85e-07 V                  ; 2.35 V             ; -0.0123 V          ; 0.144 V                             ; 0.042 V                             ; 4.81e-10 s                 ; 4.81e-10 s                 ; Yes                       ; Yes                       ;
; DIG[2]        ; 2.5 V        ; 0 s                 ; 0 s                 ; 2.32 V                       ; 2.85e-07 V                   ; 2.35 V              ; -0.0123 V           ; 0.144 V                              ; 0.042 V                              ; 4.81e-10 s                  ; 4.81e-10 s                  ; Yes                        ; Yes                        ; 2.32 V                      ; 2.85e-07 V                  ; 2.35 V             ; -0.0123 V          ; 0.144 V                             ; 0.042 V                             ; 4.81e-10 s                 ; 4.81e-10 s                 ; Yes                       ; Yes                       ;
; DIG[3]        ; 2.5 V        ; 0 s                 ; 0 s                 ; 2.32 V                       ; 2.85e-07 V                   ; 2.33 V              ; -0.00229 V          ; 0.111 V                              ; 0.057 V                              ; 3.78e-09 s                  ; 3.5e-09 s                   ; Yes                        ; Yes                        ; 2.32 V                      ; 2.85e-07 V                  ; 2.33 V             ; -0.00229 V         ; 0.111 V                             ; 0.057 V                             ; 3.78e-09 s                 ; 3.5e-09 s                  ; Yes                       ; Yes                       ;
; DIG[4]        ; 2.5 V        ; 0 s                 ; 0 s                 ; 2.32 V                       ; 2.85e-07 V                   ; 2.35 V              ; -0.0123 V           ; 0.144 V                              ; 0.042 V                              ; 4.81e-10 s                  ; 4.81e-10 s                  ; Yes                        ; Yes                        ; 2.32 V                      ; 2.85e-07 V                  ; 2.35 V             ; -0.0123 V          ; 0.144 V                             ; 0.042 V                             ; 4.81e-10 s                 ; 4.81e-10 s                 ; Yes                       ; Yes                       ;
; led[4]        ; 2.5 V        ; 0 s                 ; 0 s                 ; 2.32 V                       ; 1.93e-07 V                   ; 2.34 V              ; -0.00869 V          ; 0.14 V                               ; 0.046 V                              ; 6.89e-10 s                  ; 6.56e-10 s                  ; Yes                        ; Yes                        ; 2.32 V                      ; 1.93e-07 V                  ; 2.34 V             ; -0.00869 V         ; 0.14 V                              ; 0.046 V                             ; 6.89e-10 s                 ; 6.56e-10 s                 ; Yes                       ; Yes                       ;
; led[3]        ; 2.5 V        ; 0 s                 ; 0 s                 ; 2.32 V                       ; 1.93e-07 V                   ; 2.34 V              ; -0.00869 V          ; 0.14 V                               ; 0.046 V                              ; 6.89e-10 s                  ; 6.56e-10 s                  ; Yes                        ; Yes                        ; 2.32 V                      ; 1.93e-07 V                  ; 2.34 V             ; -0.00869 V         ; 0.14 V                              ; 0.046 V                             ; 6.89e-10 s                 ; 6.56e-10 s                 ; Yes                       ; Yes                       ;
; led[2]        ; 2.5 V        ; 0 s                 ; 0 s                 ; 2.32 V                       ; 1.93e-07 V                   ; 2.34 V              ; -0.00869 V          ; 0.14 V                               ; 0.046 V                              ; 6.89e-10 s                  ; 6.56e-10 s                  ; Yes                        ; Yes                        ; 2.32 V                      ; 1.93e-07 V                  ; 2.34 V             ; -0.00869 V         ; 0.14 V                              ; 0.046 V                             ; 6.89e-10 s                 ; 6.56e-10 s                 ; Yes                       ; Yes                       ;
; led[1]        ; 2.5 V        ; 0 s                 ; 0 s                 ; 2.32 V                       ; 1.93e-07 V                   ; 2.34 V              ; -0.00869 V          ; 0.14 V                               ; 0.046 V                              ; 6.89e-10 s                  ; 6.56e-10 s                  ; Yes                        ; Yes                        ; 2.32 V                      ; 1.93e-07 V                  ; 2.34 V             ; -0.00869 V         ; 0.14 V                              ; 0.046 V                             ; 6.89e-10 s                 ; 6.56e-10 s                 ; Yes                       ; Yes                       ;
; SEG[0]        ; 2.5 V        ; 0 s                 ; 0 s                 ; 2.32 V                       ; 2.85e-07 V                   ; 2.35 V              ; -0.0123 V           ; 0.144 V                              ; 0.042 V                              ; 4.81e-10 s                  ; 4.81e-10 s                  ; Yes                        ; Yes                        ; 2.32 V                      ; 2.85e-07 V                  ; 2.35 V             ; -0.0123 V          ; 0.144 V                             ; 0.042 V                             ; 4.81e-10 s                 ; 4.81e-10 s                 ; Yes                       ; Yes                       ;
; SEG[1]        ; 2.5 V        ; 0 s                 ; 0 s                 ; 2.32 V                       ; 2.85e-07 V                   ; 2.35 V              ; -0.0123 V           ; 0.144 V                              ; 0.042 V                              ; 4.81e-10 s                  ; 4.81e-10 s                  ; Yes                        ; Yes                        ; 2.32 V                      ; 2.85e-07 V                  ; 2.35 V             ; -0.0123 V          ; 0.144 V                             ; 0.042 V                             ; 4.81e-10 s                 ; 4.81e-10 s                 ; Yes                       ; Yes                       ;
; SEG[2]        ; 2.5 V        ; 0 s                 ; 0 s                 ; 2.32 V                       ; 2.85e-07 V                   ; 2.35 V              ; -0.0123 V           ; 0.144 V                              ; 0.042 V                              ; 4.81e-10 s                  ; 4.81e-10 s                  ; Yes                        ; Yes                        ; 2.32 V                      ; 2.85e-07 V                  ; 2.35 V             ; -0.0123 V          ; 0.144 V                             ; 0.042 V                             ; 4.81e-10 s                 ; 4.81e-10 s                 ; Yes                       ; Yes                       ;
; SEG[3]        ; 2.5 V        ; 0 s                 ; 0 s                 ; 2.32 V                       ; 2.85e-07 V                   ; 2.35 V              ; -0.0123 V           ; 0.144 V                              ; 0.042 V                              ; 4.81e-10 s                  ; 4.81e-10 s                  ; Yes                        ; Yes                        ; 2.32 V                      ; 2.85e-07 V                  ; 2.35 V             ; -0.0123 V          ; 0.144 V                             ; 0.042 V                             ; 4.81e-10 s                 ; 4.81e-10 s                 ; Yes                       ; Yes                       ;
; SEG[4]        ; 2.5 V        ; 0 s                 ; 0 s                 ; 2.32 V                       ; 2.85e-07 V                   ; 2.35 V              ; -0.0123 V           ; 0.144 V                              ; 0.042 V                              ; 4.81e-10 s                  ; 4.81e-10 s                  ; Yes                        ; Yes                        ; 2.32 V                      ; 2.85e-07 V                  ; 2.35 V             ; -0.0123 V          ; 0.144 V                             ; 0.042 V                             ; 4.81e-10 s                 ; 4.81e-10 s                 ; Yes                       ; Yes                       ;
; SEG[5]        ; 2.5 V        ; 0 s                 ; 0 s                 ; 2.32 V                       ; 2.85e-07 V                   ; 2.35 V              ; -0.0123 V           ; 0.144 V                              ; 0.042 V                              ; 4.81e-10 s                  ; 4.81e-10 s                  ; Yes                        ; Yes                        ; 2.32 V                      ; 2.85e-07 V                  ; 2.35 V             ; -0.0123 V          ; 0.144 V                             ; 0.042 V                             ; 4.81e-10 s                 ; 4.81e-10 s                 ; Yes                       ; Yes                       ;
; SEG[6]        ; 2.5 V        ; 0 s                 ; 0 s                 ; 2.32 V                       ; 2.85e-07 V                   ; 2.35 V              ; -0.0123 V           ; 0.144 V                              ; 0.042 V                              ; 4.81e-10 s                  ; 4.81e-10 s                  ; Yes                        ; Yes                        ; 2.32 V                      ; 2.85e-07 V                  ; 2.35 V             ; -0.0123 V          ; 0.144 V                             ; 0.042 V                             ; 4.81e-10 s                 ; 4.81e-10 s                 ; Yes                       ; Yes                       ;
; ~ALTERA_DCLK~ ; 2.5 V        ; 0 s                 ; 0 s                 ; 2.32 V                       ; 1.55e-07 V                   ; 2.35 V              ; -0.00221 V          ; 0.097 V                              ; 0.005 V                              ; 4.49e-10 s                  ; 3.85e-10 s                  ; Yes                        ; Yes                        ; 2.32 V                      ; 1.55e-07 V                  ; 2.35 V             ; -0.00221 V         ; 0.097 V                             ; 0.005 V                             ; 4.49e-10 s                 ; 3.85e-10 s                 ; Yes                       ; Yes                       ;
; ~ALTERA_nCEO~ ; 2.5 V        ; 0 s                 ; 0 s                 ; 2.32 V                       ; 2.54e-07 V                   ; 2.34 V              ; -0.00774 V          ; 0.109 V                              ; 0.026 V                              ; 6.58e-10 s                  ; 8.24e-10 s                  ; Yes                        ; Yes                        ; 2.32 V                      ; 2.54e-07 V                  ; 2.34 V             ; -0.00774 V         ; 0.109 V                             ; 0.026 V                             ; 6.58e-10 s                 ; 8.24e-10 s                 ; Yes                       ; Yes                       ;
+---------------+--------------+---------------------+---------------------+------------------------------+------------------------------+---------------------+---------------------+--------------------------------------+--------------------------------------+-----------------------------+-----------------------------+----------------------------+----------------------------+-----------------------------+-----------------------------+--------------------+--------------------+-------------------------------------+-------------------------------------+----------------------------+----------------------------+---------------------------+---------------------------+


+--------------------------------------------------------------------------------------------------------------------------------------------------------------------------------------------------------------------------------------------------------------------------------------------------------------------------------------------------------------------------------------------------------------------------------------------------------------------------------------------------------------------------------------------------------------------------------------------------------------------------------------------------------------------------------------------+
; Signal Integrity Metrics (Fast 1200mv 0c Model)                                                                                                                                                                                                                                                                                                                                                                                                                                                                                                                                                                                                                                            ;
+---------------+--------------+---------------------+---------------------+------------------------------+------------------------------+---------------------+---------------------+--------------------------------------+--------------------------------------+-----------------------------+-----------------------------+----------------------------+----------------------------+-----------------------------+-----------------------------+--------------------+--------------------+-------------------------------------+-------------------------------------+----------------------------+----------------------------+---------------------------+---------------------------+
; Pin           ; I/O Standard ; Board Delay on Rise ; Board Delay on Fall ; Steady State Voh at FPGA Pin ; Steady State Vol at FPGA Pin ; Voh Max at FPGA Pin ; Vol Min at FPGA Pin ; Ringback Voltage on Rise at FPGA Pin ; Ringback Voltage on Fall at FPGA Pin ; 10-90 Rise Time at FPGA Pin ; 90-10 Fall Time at FPGA Pin ; Monotonic Rise at FPGA Pin ; Monotonic Fall at FPGA Pin ; Steady State Voh at Far-end ; Steady State Vol at Far-end ; Voh Max at Far-end ; Vol Min at Far-end ; Ringback Voltage on Rise at Far-end ; Ringback Voltage on Fall at Far-end ; 10-90 Rise Time at Far-end ; 90-10 Fall Time at Far-end ; Monotonic Rise at Far-end ; Monotonic Fall at Far-end ;
+---------------+--------------+---------------------+---------------------+------------------------------+------------------------------+---------------------+---------------------+--------------------------------------+--------------------------------------+-----------------------------+-----------------------------+----------------------------+----------------------------+-----------------------------+-----------------------------+--------------------+--------------------+-------------------------------------+-------------------------------------+----------------------------+----------------------------+---------------------------+---------------------------+
; DIG[1]        ; 2.5 V        ; 0 s                 ; 0 s                 ; 2.62 V                       ; 4.05e-08 V                   ; 2.72 V              ; -0.0349 V           ; 0.173 V                              ; 0.1 V                                ; 2.72e-10 s                  ; 2.69e-10 s                  ; Yes                        ; Yes                        ; 2.62 V                      ; 4.05e-08 V                  ; 2.72 V             ; -0.0349 V          ; 0.173 V                             ; 0.1 V                               ; 2.72e-10 s                 ; 2.69e-10 s                 ; Yes                       ; Yes                       ;
; DIG[2]        ; 2.5 V        ; 0 s                 ; 0 s                 ; 2.62 V                       ; 4.05e-08 V                   ; 2.72 V              ; -0.0349 V           ; 0.173 V                              ; 0.1 V                                ; 2.72e-10 s                  ; 2.69e-10 s                  ; Yes                        ; Yes                        ; 2.62 V                      ; 4.05e-08 V                  ; 2.72 V             ; -0.0349 V          ; 0.173 V                             ; 0.1 V                               ; 2.72e-10 s                 ; 2.69e-10 s                 ; Yes                       ; Yes                       ;
; DIG[3]        ; 2.5 V        ; 0 s                 ; 0 s                 ; 2.62 V                       ; 4.05e-08 V                   ; 2.64 V              ; -0.0113 V           ; 0.208 V                              ; 0.179 V                              ; 2.38e-09 s                  ; 2.23e-09 s                  ; No                         ; Yes                        ; 2.62 V                      ; 4.05e-08 V                  ; 2.64 V             ; -0.0113 V          ; 0.208 V                             ; 0.179 V                             ; 2.38e-09 s                 ; 2.23e-09 s                 ; No                        ; Yes                       ;
; DIG[4]        ; 2.5 V        ; 0 s                 ; 0 s                 ; 2.62 V                       ; 4.05e-08 V                   ; 2.72 V              ; -0.0349 V           ; 0.173 V                              ; 0.1 V                                ; 2.72e-10 s                  ; 2.69e-10 s                  ; Yes                        ; Yes                        ; 2.62 V                      ; 4.05e-08 V                  ; 2.72 V             ; -0.0349 V          ; 0.173 V                             ; 0.1 V                               ; 2.72e-10 s                 ; 2.69e-10 s                 ; Yes                       ; Yes                       ;
; led[4]        ; 2.5 V        ; 0 s                 ; 0 s                 ; 2.62 V                       ; 2.74e-08 V                   ; 2.71 V              ; -0.0317 V           ; 0.148 V                              ; 0.064 V                              ; 4.51e-10 s                  ; 4.15e-10 s                  ; No                         ; Yes                        ; 2.62 V                      ; 2.74e-08 V                  ; 2.71 V             ; -0.0317 V          ; 0.148 V                             ; 0.064 V                             ; 4.51e-10 s                 ; 4.15e-10 s                 ; No                        ; Yes                       ;
; led[3]        ; 2.5 V        ; 0 s                 ; 0 s                 ; 2.62 V                       ; 2.74e-08 V                   ; 2.71 V              ; -0.0317 V           ; 0.148 V                              ; 0.064 V                              ; 4.51e-10 s                  ; 4.15e-10 s                  ; No                         ; Yes                        ; 2.62 V                      ; 2.74e-08 V                  ; 2.71 V             ; -0.0317 V          ; 0.148 V                             ; 0.064 V                             ; 4.51e-10 s                 ; 4.15e-10 s                 ; No                        ; Yes                       ;
; led[2]        ; 2.5 V        ; 0 s                 ; 0 s                 ; 2.62 V                       ; 2.74e-08 V                   ; 2.71 V              ; -0.0317 V           ; 0.148 V                              ; 0.064 V                              ; 4.51e-10 s                  ; 4.15e-10 s                  ; No                         ; Yes                        ; 2.62 V                      ; 2.74e-08 V                  ; 2.71 V             ; -0.0317 V          ; 0.148 V                             ; 0.064 V                             ; 4.51e-10 s                 ; 4.15e-10 s                 ; No                        ; Yes                       ;
; led[1]        ; 2.5 V        ; 0 s                 ; 0 s                 ; 2.62 V                       ; 2.74e-08 V                   ; 2.71 V              ; -0.0317 V           ; 0.148 V                              ; 0.064 V                              ; 4.51e-10 s                  ; 4.15e-10 s                  ; No                         ; Yes                        ; 2.62 V                      ; 2.74e-08 V                  ; 2.71 V             ; -0.0317 V          ; 0.148 V                             ; 0.064 V                             ; 4.51e-10 s                 ; 4.15e-10 s                 ; No                        ; Yes                       ;
; SEG[0]        ; 2.5 V        ; 0 s                 ; 0 s                 ; 2.62 V                       ; 4.05e-08 V                   ; 2.72 V              ; -0.0349 V           ; 0.173 V                              ; 0.1 V                                ; 2.72e-10 s                  ; 2.69e-10 s                  ; Yes                        ; Yes                        ; 2.62 V                      ; 4.05e-08 V                  ; 2.72 V             ; -0.0349 V          ; 0.173 V                             ; 0.1 V                               ; 2.72e-10 s                 ; 2.69e-10 s                 ; Yes                       ; Yes                       ;
; SEG[1]        ; 2.5 V        ; 0 s                 ; 0 s                 ; 2.62 V                       ; 4.05e-08 V                   ; 2.72 V              ; -0.0349 V           ; 0.173 V                              ; 0.1 V                                ; 2.72e-10 s                  ; 2.69e-10 s                  ; Yes                        ; Yes                        ; 2.62 V                      ; 4.05e-08 V                  ; 2.72 V             ; -0.0349 V          ; 0.173 V                             ; 0.1 V                               ; 2.72e-10 s                 ; 2.69e-10 s                 ; Yes                       ; Yes                       ;
; SEG[2]        ; 2.5 V        ; 0 s                 ; 0 s                 ; 2.62 V                       ; 4.05e-08 V                   ; 2.72 V              ; -0.0349 V           ; 0.173 V                              ; 0.1 V                                ; 2.72e-10 s                  ; 2.69e-10 s                  ; Yes                        ; Yes                        ; 2.62 V                      ; 4.05e-08 V                  ; 2.72 V             ; -0.0349 V          ; 0.173 V                             ; 0.1 V                               ; 2.72e-10 s                 ; 2.69e-10 s                 ; Yes                       ; Yes                       ;
; SEG[3]        ; 2.5 V        ; 0 s                 ; 0 s                 ; 2.62 V                       ; 4.05e-08 V                   ; 2.72 V              ; -0.0349 V           ; 0.173 V                              ; 0.1 V                                ; 2.72e-10 s                  ; 2.69e-10 s                  ; Yes                        ; Yes                        ; 2.62 V                      ; 4.05e-08 V                  ; 2.72 V             ; -0.0349 V          ; 0.173 V                             ; 0.1 V                               ; 2.72e-10 s                 ; 2.69e-10 s                 ; Yes                       ; Yes                       ;
; SEG[4]        ; 2.5 V        ; 0 s                 ; 0 s                 ; 2.62 V                       ; 4.05e-08 V                   ; 2.72 V              ; -0.0349 V           ; 0.173 V                              ; 0.1 V                                ; 2.72e-10 s                  ; 2.69e-10 s                  ; Yes                        ; Yes                        ; 2.62 V                      ; 4.05e-08 V                  ; 2.72 V             ; -0.0349 V          ; 0.173 V                             ; 0.1 V                               ; 2.72e-10 s                 ; 2.69e-10 s                 ; Yes                       ; Yes                       ;
; SEG[5]        ; 2.5 V        ; 0 s                 ; 0 s                 ; 2.62 V                       ; 4.05e-08 V                   ; 2.72 V              ; -0.0349 V           ; 0.173 V                              ; 0.1 V                                ; 2.72e-10 s                  ; 2.69e-10 s                  ; Yes                        ; Yes                        ; 2.62 V                      ; 4.05e-08 V                  ; 2.72 V             ; -0.0349 V          ; 0.173 V                             ; 0.1 V                               ; 2.72e-10 s                 ; 2.69e-10 s                 ; Yes                       ; Yes                       ;
; SEG[6]        ; 2.5 V        ; 0 s                 ; 0 s                 ; 2.62 V                       ; 4.05e-08 V                   ; 2.72 V              ; -0.0349 V           ; 0.173 V                              ; 0.1 V                                ; 2.72e-10 s                  ; 2.69e-10 s                  ; Yes                        ; Yes                        ; 2.62 V                      ; 4.05e-08 V                  ; 2.72 V             ; -0.0349 V          ; 0.173 V                             ; 0.1 V                               ; 2.72e-10 s                 ; 2.69e-10 s                 ; Yes                       ; Yes                       ;
; ~ALTERA_DCLK~ ; 2.5 V        ; 0 s                 ; 0 s                 ; 2.62 V                       ; 2.22e-08 V                   ; 2.74 V              ; -0.06 V             ; 0.158 V                              ; 0.08 V                               ; 2.68e-10 s                  ; 2.19e-10 s                  ; Yes                        ; Yes                        ; 2.62 V                      ; 2.22e-08 V                  ; 2.74 V             ; -0.06 V            ; 0.158 V                             ; 0.08 V                              ; 2.68e-10 s                 ; 2.19e-10 s                 ; Yes                       ; Yes                       ;
; ~ALTERA_nCEO~ ; 2.5 V        ; 0 s                 ; 0 s                 ; 2.62 V                       ; 3.54e-08 V                   ; 2.7 V               ; -0.00943 V          ; 0.276 V                              ; 0.035 V                              ; 3.19e-10 s                  ; 4.99e-10 s                  ; No                         ; Yes                        ; 2.62 V                      ; 3.54e-08 V                  ; 2.7 V              ; -0.00943 V         ; 0.276 V                             ; 0.035 V                             ; 3.19e-10 s                 ; 4.99e-10 s                 ; No                        ; Yes                       ;
+---------------+--------------+---------------------+---------------------+------------------------------+------------------------------+---------------------+---------------------+--------------------------------------+--------------------------------------+-----------------------------+-----------------------------+----------------------------+----------------------------+-----------------------------+-----------------------------+--------------------+--------------------+-------------------------------------+-------------------------------------+----------------------------+----------------------------+---------------------------+---------------------------+


+-------------------------------------------------------------------------------------------------------------------------------------------------------------------------------------------+
; Setup Transfers                                                                                                                                                                           ;
+-----------------------------------------------------------------------+-----------------------------------------------------------------------+----------+----------+----------+----------+
; From Clock                                                            ; To Clock                                                              ; RR Paths ; FR Paths ; RF Paths ; FF Paths ;
+-----------------------------------------------------------------------+-----------------------------------------------------------------------+----------+----------+----------+----------+
; clock                                                                 ; clock                                                                 ; 2655     ; 0        ; 0        ; 0        ;
; divisor_de_frequencia:inst5|aux_tff                                   ; clock                                                                 ; 97       ; 1        ; 0        ; 0        ;
; divisor_de_frequencia:inst6|aux_tff                                   ; clock                                                                 ; 101      ; 1        ; 0        ; 0        ;
; Seletor_alimentacao_display:inst46|divisor_de_frequencia:inst|aux_tff ; clock                                                                 ; 1        ; 1        ; 0        ; 0        ;
; clock                                                                 ; divisor_de_frequencia:inst5|aux_tff                                   ; 1485     ; 0        ; 0        ; 0        ;
; divisor_de_frequencia:inst5|aux_tff                                   ; divisor_de_frequencia:inst5|aux_tff                                   ; 1188     ; 0        ; 0        ; 0        ;
; divisor_de_frequencia:inst6|aux_tff                                   ; divisor_de_frequencia:inst6|aux_tff                                   ; 16       ; 0        ; 0        ; 0        ;
; Seletor_alimentacao_display:inst46|divisor_de_frequencia:inst|aux_tff ; Seletor_alimentacao_display:inst46|divisor_de_frequencia:inst|aux_tff ; 3        ; 0        ; 0        ; 0        ;
+-----------------------------------------------------------------------+-----------------------------------------------------------------------+----------+----------+----------+----------+
Entries labeled "false path" only account for clock-to-clock false paths and not path-based false paths. As a result, actual path counts may be lower than reported.


+-------------------------------------------------------------------------------------------------------------------------------------------------------------------------------------------+
; Hold Transfers                                                                                                                                                                            ;
+-----------------------------------------------------------------------+-----------------------------------------------------------------------+----------+----------+----------+----------+
; From Clock                                                            ; To Clock                                                              ; RR Paths ; FR Paths ; RF Paths ; FF Paths ;
+-----------------------------------------------------------------------+-----------------------------------------------------------------------+----------+----------+----------+----------+
; clock                                                                 ; clock                                                                 ; 2655     ; 0        ; 0        ; 0        ;
; divisor_de_frequencia:inst5|aux_tff                                   ; clock                                                                 ; 97       ; 1        ; 0        ; 0        ;
; divisor_de_frequencia:inst6|aux_tff                                   ; clock                                                                 ; 101      ; 1        ; 0        ; 0        ;
; Seletor_alimentacao_display:inst46|divisor_de_frequencia:inst|aux_tff ; clock                                                                 ; 1        ; 1        ; 0        ; 0        ;
; clock                                                                 ; divisor_de_frequencia:inst5|aux_tff                                   ; 1485     ; 0        ; 0        ; 0        ;
; divisor_de_frequencia:inst5|aux_tff                                   ; divisor_de_frequencia:inst5|aux_tff                                   ; 1188     ; 0        ; 0        ; 0        ;
; divisor_de_frequencia:inst6|aux_tff                                   ; divisor_de_frequencia:inst6|aux_tff                                   ; 16       ; 0        ; 0        ; 0        ;
; Seletor_alimentacao_display:inst46|divisor_de_frequencia:inst|aux_tff ; Seletor_alimentacao_display:inst46|divisor_de_frequencia:inst|aux_tff ; 3        ; 0        ; 0        ; 0        ;
+-----------------------------------------------------------------------+-----------------------------------------------------------------------+----------+----------+----------+----------+
Entries labeled "false path" only account for clock-to-clock false paths and not path-based false paths. As a result, actual path counts may be lower than reported.


---------------
; Report TCCS ;
---------------
No dedicated SERDES Transmitter circuitry present in device or used in design


---------------
; Report RSKM ;
---------------
No non-DPA dedicated SERDES Receiver circuitry present in device or used in design


+------------------------------------------------+
; Unconstrained Paths Summary                    ;
+---------------------------------+-------+------+
; Property                        ; Setup ; Hold ;
+---------------------------------+-------+------+
; Illegal Clocks                  ; 0     ; 0    ;
; Unconstrained Clocks            ; 0     ; 0    ;
; Unconstrained Input Ports       ; 4     ; 4    ;
; Unconstrained Input Port Paths  ; 4     ; 4    ;
; Unconstrained Output Ports      ; 15    ; 15   ;
; Unconstrained Output Port Paths ; 455   ; 455  ;
+---------------------------------+-------+------+


+--------------------------------------------------------------------------------------------------------------------------------------------------------------------+
; Clock Status Summary                                                                                                                                               ;
+-----------------------------------------------------------------------+-----------------------------------------------------------------------+------+-------------+
; Target                                                                ; Clock                                                                 ; Type ; Status      ;
+-----------------------------------------------------------------------+-----------------------------------------------------------------------+------+-------------+
; Seletor_alimentacao_display:inst46|divisor_de_frequencia:inst|aux_tff ; Seletor_alimentacao_display:inst46|divisor_de_frequencia:inst|aux_tff ; Base ; Constrained ;
; clock                                                                 ; clock                                                                 ; Base ; Constrained ;
; divisor_de_frequencia:inst5|aux_tff                                   ; divisor_de_frequencia:inst5|aux_tff                                   ; Base ; Constrained ;
; divisor_de_frequencia:inst6|aux_tff                                   ; divisor_de_frequencia:inst6|aux_tff                                   ; Base ; Constrained ;
+-----------------------------------------------------------------------+-----------------------------------------------------------------------+------+-------------+


+---------------------------------------------------------------------------------------------------+
; Unconstrained Input Ports                                                                         ;
+------------+--------------------------------------------------------------------------------------+
; Input Port ; Comment                                                                              ;
+------------+--------------------------------------------------------------------------------------+
; key[1]     ; No input delay, min/max delays, false-path exceptions, or max skew assignments found ;
; key[2]     ; No input delay, min/max delays, false-path exceptions, or max skew assignments found ;
; key[3]     ; No input delay, min/max delays, false-path exceptions, or max skew assignments found ;
; key[4]     ; No input delay, min/max delays, false-path exceptions, or max skew assignments found ;
+------------+--------------------------------------------------------------------------------------+


+-----------------------------------------------------------------------------------------------------+
; Unconstrained Output Ports                                                                          ;
+-------------+---------------------------------------------------------------------------------------+
; Output Port ; Comment                                                                               ;
+-------------+---------------------------------------------------------------------------------------+
; DIG[1]      ; No output delay, min/max delays, false-path exceptions, or max skew assignments found ;
; DIG[2]      ; No output delay, min/max delays, false-path exceptions, or max skew assignments found ;
; DIG[3]      ; No output delay, min/max delays, false-path exceptions, or max skew assignments found ;
; DIG[4]      ; No output delay, min/max delays, false-path exceptions, or max skew assignments found ;
; SEG[0]      ; No output delay, min/max delays, false-path exceptions, or max skew assignments found ;
; SEG[1]      ; No output delay, min/max delays, false-path exceptions, or max skew assignments found ;
; SEG[2]      ; No output delay, min/max delays, false-path exceptions, or max skew assignments found ;
; SEG[3]      ; No output delay, min/max delays, false-path exceptions, or max skew assignments found ;
; SEG[4]      ; No output delay, min/max delays, false-path exceptions, or max skew assignments found ;
; SEG[5]      ; No output delay, min/max delays, false-path exceptions, or max skew assignments found ;
; SEG[6]      ; No output delay, min/max delays, false-path exceptions, or max skew assignments found ;
; led[1]      ; No output delay, min/max delays, false-path exceptions, or max skew assignments found ;
; led[2]      ; No output delay, min/max delays, false-path exceptions, or max skew assignments found ;
; led[3]      ; No output delay, min/max delays, false-path exceptions, or max skew assignments found ;
; led[4]      ; No output delay, min/max delays, false-path exceptions, or max skew assignments found ;
+-------------+---------------------------------------------------------------------------------------+


+---------------------------------------------------------------------------------------------------+
; Unconstrained Input Ports                                                                         ;
+------------+--------------------------------------------------------------------------------------+
; Input Port ; Comment                                                                              ;
+------------+--------------------------------------------------------------------------------------+
; key[1]     ; No input delay, min/max delays, false-path exceptions, or max skew assignments found ;
; key[2]     ; No input delay, min/max delays, false-path exceptions, or max skew assignments found ;
; key[3]     ; No input delay, min/max delays, false-path exceptions, or max skew assignments found ;
; key[4]     ; No input delay, min/max delays, false-path exceptions, or max skew assignments found ;
+------------+--------------------------------------------------------------------------------------+


+-----------------------------------------------------------------------------------------------------+
; Unconstrained Output Ports                                                                          ;
+-------------+---------------------------------------------------------------------------------------+
; Output Port ; Comment                                                                               ;
+-------------+---------------------------------------------------------------------------------------+
; DIG[1]      ; No output delay, min/max delays, false-path exceptions, or max skew assignments found ;
; DIG[2]      ; No output delay, min/max delays, false-path exceptions, or max skew assignments found ;
; DIG[3]      ; No output delay, min/max delays, false-path exceptions, or max skew assignments found ;
; DIG[4]      ; No output delay, min/max delays, false-path exceptions, or max skew assignments found ;
; SEG[0]      ; No output delay, min/max delays, false-path exceptions, or max skew assignments found ;
; SEG[1]      ; No output delay, min/max delays, false-path exceptions, or max skew assignments found ;
; SEG[2]      ; No output delay, min/max delays, false-path exceptions, or max skew assignments found ;
; SEG[3]      ; No output delay, min/max delays, false-path exceptions, or max skew assignments found ;
; SEG[4]      ; No output delay, min/max delays, false-path exceptions, or max skew assignments found ;
; SEG[5]      ; No output delay, min/max delays, false-path exceptions, or max skew assignments found ;
; SEG[6]      ; No output delay, min/max delays, false-path exceptions, or max skew assignments found ;
; led[1]      ; No output delay, min/max delays, false-path exceptions, or max skew assignments found ;
; led[2]      ; No output delay, min/max delays, false-path exceptions, or max skew assignments found ;
; led[3]      ; No output delay, min/max delays, false-path exceptions, or max skew assignments found ;
; led[4]      ; No output delay, min/max delays, false-path exceptions, or max skew assignments found ;
+-------------+---------------------------------------------------------------------------------------+


+--------------------------+
; Timing Analyzer Messages ;
+--------------------------+
Info: *******************************************************************
Info: Running Quartus Prime Timing Analyzer
    Info: Version 20.1.1 Build 720 11/11/2020 SJ Lite Edition
    Info: Processing started: Thu Jul 17 09:55:19 2025
Info: Command: quartus_sta Projeto_02 -c Projeto_02
Info: qsta_default_script.tcl version: #1
Warning (18236): Number of processors has not been specified which may cause overloading on shared machines.  Set the global assignment NUM_PARALLEL_PROCESSORS in your QSF to an appropriate value for best performance.
Info (20030): Parallel compilation is enabled and will use 4 of the 4 processors detected
Info (21077): Low junction temperature is 0 degrees C
Info (21077): High junction temperature is 85 degrees C
Critical Warning (332012): Synopsys Design Constraints File file not found: 'Projeto_02.sdc'. A Synopsys Design Constraints File is required by the Timing Analyzer to get proper timing constraints. Without it, the Compiler will not properly optimize the design.
Info (332142): No user constrained base clocks found in the design. Calling "derive_clocks -period 1.0"
Info (332105): Deriving Clocks
    Info (332105): create_clock -period 1.000 -name clock clock
    Info (332105): create_clock -period 1.000 -name divisor_de_frequencia:inst5|aux_tff divisor_de_frequencia:inst5|aux_tff
    Info (332105): create_clock -period 1.000 -name divisor_de_frequencia:inst6|aux_tff divisor_de_frequencia:inst6|aux_tff
    Info (332105): create_clock -period 1.000 -name Seletor_alimentacao_display:inst46|divisor_de_frequencia:inst|aux_tff Seletor_alimentacao_display:inst46|divisor_de_frequencia:inst|aux_tff
Info (332143): No user constrained clock uncertainty found in the design. Calling "derive_clock_uncertainty"
Info (332123): Deriving Clock Uncertainty. Please refer to report_sdc in the Timing Analyzer to see clock uncertainties.
Info: Found TIMING_ANALYZER_REPORT_SCRIPT_INCLUDE_DEFAULT_ANALYSIS = ON
Info: Analyzing Slow 1200mV 85C Model
Critical Warning (332148): Timing requirements not met
    Info (11105): For recommendations on closing timing, run Report Timing Closure Recommendations in the Timing Analyzer.
Info (332146): Worst-case setup slack is -4.553
    Info (332119):     Slack       End Point TNS Clock 
    Info (332119): ========= =================== =====================
    Info (332119):    -4.553             -67.737 divisor_de_frequencia:inst5|aux_tff 
    Info (332119):    -3.971            -313.489 clock 
    Info (332119):    -0.770              -4.516 divisor_de_frequencia:inst6|aux_tff 
    Info (332119):    -0.001              -0.001 Seletor_alimentacao_display:inst46|divisor_de_frequencia:inst|aux_tff 
Info (332146): Worst-case hold slack is 0.434
    Info (332119):     Slack       End Point TNS Clock 
    Info (332119): ========= =================== =====================
    Info (332119):     0.434               0.000 clock 
    Info (332119):     0.453               0.000 divisor_de_frequencia:inst5|aux_tff 
    Info (332119):     0.454               0.000 Seletor_alimentacao_display:inst46|divisor_de_frequencia:inst|aux_tff 
    Info (332119):     0.832               0.000 divisor_de_frequencia:inst6|aux_tff 
Info (332140): No Recovery paths to report
Info (332140): No Removal paths to report
Info (332146): Worst-case minimum pulse width slack is -3.000
    Info (332119):     Slack       End Point TNS Clock 
    Info (332119): ========= =================== =====================
    Info (332119):    -3.000            -159.135 clock 
    Info (332119):    -1.487             -25.279 divisor_de_frequencia:inst5|aux_tff 
    Info (332119):    -1.487             -17.844 divisor_de_frequencia:inst6|aux_tff 
    Info (332119):    -1.487              -2.974 Seletor_alimentacao_display:inst46|divisor_de_frequencia:inst|aux_tff 
Info: Analyzing Slow 1200mV 0C Model
Info (334003): Started post-fitting delay annotation
Info (334004): Delay annotation completed successfully
Info (332123): Deriving Clock Uncertainty. Please refer to report_sdc in the Timing Analyzer to see clock uncertainties.
Critical Warning (332148): Timing requirements not met
    Info (11105): For recommendations on closing timing, run Report Timing Closure Recommendations in the Timing Analyzer.
Info (332146): Worst-case setup slack is -4.168
    Info (332119):     Slack       End Point TNS Clock 
    Info (332119): ========= =================== =====================
    Info (332119):    -4.168             -62.084 divisor_de_frequencia:inst5|aux_tff 
    Info (332119):    -3.670            -286.874 clock 
    Info (332119):    -0.619              -3.489 divisor_de_frequencia:inst6|aux_tff 
    Info (332119):     0.092               0.000 Seletor_alimentacao_display:inst46|divisor_de_frequencia:inst|aux_tff 
Info (332146): Worst-case hold slack is 0.383
    Info (332119):     Slack       End Point TNS Clock 
    Info (332119): ========= =================== =====================
    Info (332119):     0.383               0.000 clock 
    Info (332119):     0.402               0.000 Seletor_alimentacao_display:inst46|divisor_de_frequencia:inst|aux_tff 
    Info (332119):     0.402               0.000 divisor_de_frequencia:inst5|aux_tff 
    Info (332119):     0.742               0.000 divisor_de_frequencia:inst6|aux_tff 
Info (332140): No Recovery paths to report
Info (332140): No Removal paths to report
Info (332146): Worst-case minimum pulse width slack is -3.000
    Info (332119):     Slack       End Point TNS Clock 
    Info (332119): ========= =================== =====================
    Info (332119):    -3.000            -159.135 clock 
    Info (332119):    -1.487             -25.279 divisor_de_frequencia:inst5|aux_tff 
    Info (332119):    -1.487             -17.844 divisor_de_frequencia:inst6|aux_tff 
    Info (332119):    -1.487              -2.974 Seletor_alimentacao_display:inst46|divisor_de_frequencia:inst|aux_tff 
Info: Analyzing Fast 1200mV 0C Model
Info (332123): Deriving Clock Uncertainty. Please refer to report_sdc in the Timing Analyzer to see clock uncertainties.
Critical Warning (332148): Timing requirements not met
    Info (11105): For recommendations on closing timing, run Report Timing Closure Recommendations in the Timing Analyzer.
Info (332146): Worst-case setup slack is -1.442
    Info (332119):     Slack       End Point TNS Clock 
    Info (332119): ========= =================== =====================
    Info (332119):    -1.442             -20.021 divisor_de_frequencia:inst5|aux_tff 
    Info (332119):    -1.102             -72.357 clock 
    Info (332119):     0.243               0.000 divisor_de_frequencia:inst6|aux_tff 
    Info (332119):     0.565               0.000 Seletor_alimentacao_display:inst46|divisor_de_frequencia:inst|aux_tff 
Info (332146): Worst-case hold slack is 0.179
    Info (332119):     Slack       End Point TNS Clock 
    Info (332119): ========= =================== =====================
    Info (332119):     0.179               0.000 clock 
    Info (332119):     0.187               0.000 Seletor_alimentacao_display:inst46|divisor_de_frequencia:inst|aux_tff 
    Info (332119):     0.187               0.000 divisor_de_frequencia:inst5|aux_tff 
    Info (332119):     0.339               0.000 divisor_de_frequencia:inst6|aux_tff 
Info (332140): No Recovery paths to report
Info (332140): No Removal paths to report
Info (332146): Worst-case minimum pulse width slack is -3.000
    Info (332119):     Slack       End Point TNS Clock 
    Info (332119): ========= =================== =====================
    Info (332119):    -3.000            -114.916 clock 
    Info (332119):    -1.000             -17.000 divisor_de_frequencia:inst5|aux_tff 
    Info (332119):    -1.000             -12.000 divisor_de_frequencia:inst6|aux_tff 
    Info (332119):    -1.000              -2.000 Seletor_alimentacao_display:inst46|divisor_de_frequencia:inst|aux_tff 
Info (332102): Design is not fully constrained for setup requirements
Info (332102): Design is not fully constrained for hold requirements
Info: Quartus Prime Timing Analyzer was successful. 0 errors, 5 warnings
    Info: Peak virtual memory: 4761 megabytes
    Info: Processing ended: Thu Jul 17 09:55:22 2025
    Info: Elapsed time: 00:00:03
    Info: Total CPU time (on all processors): 00:00:02


