Timing Analyzer report for sirene3
Mon Mar 28 19:48:31 2022
Quartus Prime Version 20.1.1 Build 720 11/11/2020 SJ Lite Edition


---------------------
; Table of Contents ;
---------------------
  1. Legal Notice
  2. Timing Analyzer Summary
  3. Parallel Compilation
  4. Clocks
  5. Slow 1200mV 85C Model Fmax Summary
  6. Timing Closure Recommendations
  7. Slow 1200mV 85C Model Setup Summary
  8. Slow 1200mV 85C Model Hold Summary
  9. Slow 1200mV 85C Model Recovery Summary
 10. Slow 1200mV 85C Model Removal Summary
 11. Slow 1200mV 85C Model Minimum Pulse Width Summary
 12. Slow 1200mV 85C Model Setup: 'clock'
 13. Slow 1200mV 85C Model Hold: 'clock'
 14. Slow 1200mV 85C Model Metastability Summary
 15. Slow 1200mV 0C Model Fmax Summary
 16. Slow 1200mV 0C Model Setup Summary
 17. Slow 1200mV 0C Model Hold Summary
 18. Slow 1200mV 0C Model Recovery Summary
 19. Slow 1200mV 0C Model Removal Summary
 20. Slow 1200mV 0C Model Minimum Pulse Width Summary
 21. Slow 1200mV 0C Model Setup: 'clock'
 22. Slow 1200mV 0C Model Hold: 'clock'
 23. Slow 1200mV 0C Model Metastability Summary
 24. Fast 1200mV 0C Model Setup Summary
 25. Fast 1200mV 0C Model Hold Summary
 26. Fast 1200mV 0C Model Recovery Summary
 27. Fast 1200mV 0C Model Removal Summary
 28. Fast 1200mV 0C Model Minimum Pulse Width Summary
 29. Fast 1200mV 0C Model Setup: 'clock'
 30. Fast 1200mV 0C Model Hold: 'clock'
 31. Fast 1200mV 0C Model Metastability Summary
 32. Multicorner Timing Analysis Summary
 33. Board Trace Model Assignments
 34. Input Transition Times
 35. Signal Integrity Metrics (Slow 1200mv 0c Model)
 36. Signal Integrity Metrics (Slow 1200mv 85c Model)
 37. Signal Integrity Metrics (Fast 1200mv 0c Model)
 38. Setup Transfers
 39. Hold Transfers
 40. Report TCCS
 41. Report RSKM
 42. Unconstrained Paths Summary
 43. Clock Status Summary
 44. Unconstrained Input Ports
 45. Unconstrained Output Ports
 46. Unconstrained Input Ports
 47. Unconstrained Output Ports
 48. Timing Analyzer Messages



----------------
; Legal Notice ;
----------------
Copyright (C) 2020  Intel Corporation. All rights reserved.
Your use of Intel Corporation's design tools, logic functions 
and other software and tools, and any partner logic 
functions, and any output files from any of the foregoing 
(including device programming or simulation files), and any 
associated documentation or information are expressly subject 
to the terms and conditions of the Intel Program License 
Subscription Agreement, the Intel Quartus Prime License Agreement,
the Intel FPGA IP License Agreement, or other applicable license
agreement, including, without limitation, that your use is for
the sole purpose of programming logic devices manufactured by
Intel and sold by Intel or its authorized distributors.  Please
refer to the applicable agreement for further details, at
https://fpgasoftware.intel.com/eula.



+-----------------------------------------------------------------------------+
; Timing Analyzer Summary                                                     ;
+-----------------------+-----------------------------------------------------+
; Quartus Prime Version ; Version 20.1.1 Build 720 11/11/2020 SJ Lite Edition ;
; Timing Analyzer       ; Legacy Timing Analyzer                              ;
; Revision Name         ; sirene3                                             ;
; Device Family         ; Cyclone IV E                                        ;
; Device Name           ; EP4CE6E22C8                                         ;
; Timing Models         ; Final                                               ;
; Delay Model           ; Combined                                            ;
; Rise/Fall Delays      ; Enabled                                             ;
+-----------------------+-----------------------------------------------------+


+------------------------------------------+
; Parallel Compilation                     ;
+----------------------------+-------------+
; Processors                 ; Number      ;
+----------------------------+-------------+
; Number detected on machine ; 4           ;
; Maximum allowed            ; 2           ;
;                            ;             ;
; Average used               ; 1.03        ;
; Maximum used               ; 2           ;
;                            ;             ;
; Usage by Processor         ; % Time Used ;
;     Processor 1            ; 100.0%      ;
;     Processor 2            ;   3.3%      ;
+----------------------------+-------------+


+-----------------------------------------------------------------------------------------------------------------------------------------------------------------------------------+
; Clocks                                                                                                                                                                            ;
+------------+------+--------+------------+-------+-------+------------+-----------+-------------+-------+--------+-----------+------------+----------+--------+--------+-----------+
; Clock Name ; Type ; Period ; Frequency  ; Rise  ; Fall  ; Duty Cycle ; Divide by ; Multiply by ; Phase ; Offset ; Edge List ; Edge Shift ; Inverted ; Master ; Source ; Targets   ;
+------------+------+--------+------------+-------+-------+------------+-----------+-------------+-------+--------+-----------+------------+----------+--------+--------+-----------+
; clock      ; Base ; 1.000  ; 1000.0 MHz ; 0.000 ; 0.500 ;            ;           ;             ;       ;        ;           ;            ;          ;        ;        ; { clock } ;
+------------+------+--------+------------+-------+-------+------------+-----------+-------------+-------+--------+-----------+------------+----------+--------+--------+-----------+


+--------------------------------------------------+
; Slow 1200mV 85C Model Fmax Summary               ;
+------------+-----------------+------------+------+
; Fmax       ; Restricted Fmax ; Clock Name ; Note ;
+------------+-----------------+------------+------+
; 178.25 MHz ; 178.25 MHz      ; clock      ;      ;
+------------+-----------------+------------+------+
This panel reports FMAX for every clock in the design, regardless of the user-specified clock periods.  FMAX is only computed for paths where the source and destination registers or ports are driven by the same clock.  Paths of different clocks, including generated clocks, are ignored.  For paths between a clock and its inversion, FMAX is computed as if the rising and falling edges are scaled along with FMAX, such that the duty cycle (in terms of a percentage) is maintained. Altera recommends that you always use clock constraints and other slack reports for sign-off analysis.


----------------------------------
; Timing Closure Recommendations ;
----------------------------------
HTML report is unavailable in plain text report export.


+-------------------------------------+
; Slow 1200mV 85C Model Setup Summary ;
+-------+--------+--------------------+
; Clock ; Slack  ; End Point TNS      ;
+-------+--------+--------------------+
; clock ; -4.610 ; -272.319           ;
+-------+--------+--------------------+


+------------------------------------+
; Slow 1200mV 85C Model Hold Summary ;
+-------+-------+--------------------+
; Clock ; Slack ; End Point TNS      ;
+-------+-------+--------------------+
; clock ; 0.452 ; 0.000              ;
+-------+-------+--------------------+


------------------------------------------
; Slow 1200mV 85C Model Recovery Summary ;
------------------------------------------
No paths to report.


-----------------------------------------
; Slow 1200mV 85C Model Removal Summary ;
-----------------------------------------
No paths to report.


+---------------------------------------------------+
; Slow 1200mV 85C Model Minimum Pulse Width Summary ;
+-------+--------+----------------------------------+
; Clock ; Slack  ; End Point TNS                    ;
+-------+--------+----------------------------------+
; clock ; -3.000 ; -110.064                         ;
+-------+--------+----------------------------------+


+-----------------------------------------------------------------------------------------------------------------------------------------------------------------------------------------------------+
; Slow 1200mV 85C Model Setup: 'clock'                                                                                                                                                                ;
+--------+---------------------------------------------------------+------------------------------------------------------------+--------------+-------------+--------------+------------+------------+
; Slack  ; From Node                                               ; To Node                                                    ; Launch Clock ; Latch Clock ; Relationship ; Clock Skew ; Data Delay ;
+--------+---------------------------------------------------------+------------------------------------------------------------+--------------+-------------+--------------+------------+------------+
; -4.610 ; sirene_estrutural:inst|temporizador:temp|cnt[2]         ; sirene_estrutural:inst|controlador:control|estado_atual.s2 ; clock        ; clock       ; 1.000        ; -0.082     ; 5.529      ;
; -4.610 ; sirene_estrutural:inst|temporizador:temp|cnt[2]         ; sirene_estrutural:inst|controlador:control|estado_atual.s0 ; clock        ; clock       ; 1.000        ; -0.082     ; 5.529      ;
; -4.599 ; sirene_estrutural:inst|temporizador:temp|cnt[1]         ; sirene_estrutural:inst|controlador:control|estado_atual.s2 ; clock        ; clock       ; 1.000        ; -0.082     ; 5.518      ;
; -4.599 ; sirene_estrutural:inst|temporizador:temp|cnt[1]         ; sirene_estrutural:inst|controlador:control|estado_atual.s0 ; clock        ; clock       ; 1.000        ; -0.082     ; 5.518      ;
; -4.509 ; sirene_estrutural:inst|temporizador:temp|cnt[0]         ; sirene_estrutural:inst|temporizador:temp|cnt[31]           ; clock        ; clock       ; 1.000        ; -0.082     ; 5.428      ;
; -4.398 ; sirene_estrutural:inst|temporizador:temp|cnt[0]         ; sirene_estrutural:inst|controlador:control|estado_atual.s2 ; clock        ; clock       ; 1.000        ; -0.082     ; 5.317      ;
; -4.398 ; sirene_estrutural:inst|temporizador:temp|cnt[0]         ; sirene_estrutural:inst|controlador:control|estado_atual.s0 ; clock        ; clock       ; 1.000        ; -0.082     ; 5.317      ;
; -4.382 ; sirene_estrutural:inst|temporizador:temp|cnt[2]         ; sirene_estrutural:inst|temporizador:temp|cnt[31]           ; clock        ; clock       ; 1.000        ; -0.082     ; 5.301      ;
; -4.328 ; sirene_estrutural:inst|temporizador:temp|cnt[1]         ; sirene_estrutural:inst|temporizador:temp|cnt[28]           ; clock        ; clock       ; 1.000        ; -0.082     ; 5.247      ;
; -4.311 ; sirene_estrutural:inst|temporizador:temp|cnt[1]         ; sirene_estrutural:inst|temporizador:temp|cnt[31]           ; clock        ; clock       ; 1.000        ; -0.082     ; 5.230      ;
; -4.267 ; sirene_estrutural:inst|temporizador:temp|cnt[3]         ; sirene_estrutural:inst|controlador:control|estado_atual.s2 ; clock        ; clock       ; 1.000        ; -0.082     ; 5.186      ;
; -4.267 ; sirene_estrutural:inst|temporizador:temp|cnt[3]         ; sirene_estrutural:inst|controlador:control|estado_atual.s0 ; clock        ; clock       ; 1.000        ; -0.082     ; 5.186      ;
; -4.266 ; sirene_estrutural:inst|temporizador:temp|cnt[0]         ; sirene_estrutural:inst|temporizador:temp|cnt[28]           ; clock        ; clock       ; 1.000        ; -0.082     ; 5.185      ;
; -4.224 ; sirene_estrutural:inst|temporizador:temp|cnt[3]         ; sirene_estrutural:inst|temporizador:temp|cnt[28]           ; clock        ; clock       ; 1.000        ; -0.082     ; 5.143      ;
; -4.223 ; sirene_estrutural:inst|temporizador:temp|cnt[3]         ; sirene_estrutural:inst|temporizador:temp|cnt[31]           ; clock        ; clock       ; 1.000        ; -0.082     ; 5.142      ;
; -4.212 ; sirene_estrutural:inst|controlador:control|Freq_out[14] ; sirene_estrutural:inst|divisor_clock:div_clock|cnt[31]     ; clock        ; clock       ; 1.000        ; -0.083     ; 5.130      ;
; -4.212 ; sirene_estrutural:inst|controlador:control|Freq_out[14] ; sirene_estrutural:inst|divisor_clock:div_clock|cnt[21]     ; clock        ; clock       ; 1.000        ; -0.083     ; 5.130      ;
; -4.212 ; sirene_estrutural:inst|controlador:control|Freq_out[14] ; sirene_estrutural:inst|divisor_clock:div_clock|cnt[16]     ; clock        ; clock       ; 1.000        ; -0.083     ; 5.130      ;
; -4.212 ; sirene_estrutural:inst|controlador:control|Freq_out[14] ; sirene_estrutural:inst|divisor_clock:div_clock|cnt[17]     ; clock        ; clock       ; 1.000        ; -0.083     ; 5.130      ;
; -4.212 ; sirene_estrutural:inst|controlador:control|Freq_out[14] ; sirene_estrutural:inst|divisor_clock:div_clock|cnt[18]     ; clock        ; clock       ; 1.000        ; -0.083     ; 5.130      ;
; -4.212 ; sirene_estrutural:inst|controlador:control|Freq_out[14] ; sirene_estrutural:inst|divisor_clock:div_clock|cnt[19]     ; clock        ; clock       ; 1.000        ; -0.083     ; 5.130      ;
; -4.212 ; sirene_estrutural:inst|controlador:control|Freq_out[14] ; sirene_estrutural:inst|divisor_clock:div_clock|cnt[20]     ; clock        ; clock       ; 1.000        ; -0.083     ; 5.130      ;
; -4.212 ; sirene_estrutural:inst|controlador:control|Freq_out[14] ; sirene_estrutural:inst|divisor_clock:div_clock|cnt[23]     ; clock        ; clock       ; 1.000        ; -0.083     ; 5.130      ;
; -4.212 ; sirene_estrutural:inst|controlador:control|Freq_out[14] ; sirene_estrutural:inst|divisor_clock:div_clock|cnt[22]     ; clock        ; clock       ; 1.000        ; -0.083     ; 5.130      ;
; -4.212 ; sirene_estrutural:inst|controlador:control|Freq_out[14] ; sirene_estrutural:inst|divisor_clock:div_clock|cnt[24]     ; clock        ; clock       ; 1.000        ; -0.083     ; 5.130      ;
; -4.212 ; sirene_estrutural:inst|controlador:control|Freq_out[14] ; sirene_estrutural:inst|divisor_clock:div_clock|cnt[26]     ; clock        ; clock       ; 1.000        ; -0.083     ; 5.130      ;
; -4.212 ; sirene_estrutural:inst|controlador:control|Freq_out[14] ; sirene_estrutural:inst|divisor_clock:div_clock|cnt[25]     ; clock        ; clock       ; 1.000        ; -0.083     ; 5.130      ;
; -4.212 ; sirene_estrutural:inst|controlador:control|Freq_out[14] ; sirene_estrutural:inst|divisor_clock:div_clock|cnt[27]     ; clock        ; clock       ; 1.000        ; -0.083     ; 5.130      ;
; -4.212 ; sirene_estrutural:inst|controlador:control|Freq_out[14] ; sirene_estrutural:inst|divisor_clock:div_clock|cnt[28]     ; clock        ; clock       ; 1.000        ; -0.083     ; 5.130      ;
; -4.212 ; sirene_estrutural:inst|controlador:control|Freq_out[14] ; sirene_estrutural:inst|divisor_clock:div_clock|cnt[29]     ; clock        ; clock       ; 1.000        ; -0.083     ; 5.130      ;
; -4.212 ; sirene_estrutural:inst|controlador:control|Freq_out[14] ; sirene_estrutural:inst|divisor_clock:div_clock|cnt[30]     ; clock        ; clock       ; 1.000        ; -0.083     ; 5.130      ;
; -4.207 ; sirene_estrutural:inst|temporizador:temp|cnt[0]         ; sirene_estrutural:inst|temporizador:temp|cnt[29]           ; clock        ; clock       ; 1.000        ; -0.082     ; 5.126      ;
; -4.198 ; sirene_estrutural:inst|temporizador:temp|cnt[2]         ; sirene_estrutural:inst|temporizador:temp|cnt[8]            ; clock        ; clock       ; 1.000        ; -0.083     ; 5.116      ;
; -4.187 ; sirene_estrutural:inst|temporizador:temp|cnt[1]         ; sirene_estrutural:inst|temporizador:temp|cnt[8]            ; clock        ; clock       ; 1.000        ; -0.083     ; 5.105      ;
; -4.179 ; sirene_estrutural:inst|temporizador:temp|cnt[1]         ; sirene_estrutural:inst|temporizador:temp|cnt[30]           ; clock        ; clock       ; 1.000        ; -0.082     ; 5.098      ;
; -4.152 ; sirene_estrutural:inst|temporizador:temp|cnt[2]         ; sirene_estrutural:inst|temporizador:temp|cnt[7]            ; clock        ; clock       ; 1.000        ; -0.083     ; 5.070      ;
; -4.141 ; sirene_estrutural:inst|temporizador:temp|cnt[1]         ; sirene_estrutural:inst|temporizador:temp|cnt[7]            ; clock        ; clock       ; 1.000        ; -0.083     ; 5.059      ;
; -4.139 ; sirene_estrutural:inst|temporizador:temp|cnt[2]         ; sirene_estrutural:inst|temporizador:temp|cnt[6]            ; clock        ; clock       ; 1.000        ; -0.083     ; 5.057      ;
; -4.135 ; sirene_estrutural:inst|divisor_clock:div_clock|cnt[14]  ; sirene_estrutural:inst|divisor_clock:div_clock|cnt[31]     ; clock        ; clock       ; 1.000        ; -0.082     ; 5.054      ;
; -4.135 ; sirene_estrutural:inst|divisor_clock:div_clock|cnt[14]  ; sirene_estrutural:inst|divisor_clock:div_clock|cnt[21]     ; clock        ; clock       ; 1.000        ; -0.082     ; 5.054      ;
; -4.135 ; sirene_estrutural:inst|divisor_clock:div_clock|cnt[14]  ; sirene_estrutural:inst|divisor_clock:div_clock|cnt[16]     ; clock        ; clock       ; 1.000        ; -0.082     ; 5.054      ;
; -4.135 ; sirene_estrutural:inst|divisor_clock:div_clock|cnt[14]  ; sirene_estrutural:inst|divisor_clock:div_clock|cnt[17]     ; clock        ; clock       ; 1.000        ; -0.082     ; 5.054      ;
; -4.135 ; sirene_estrutural:inst|divisor_clock:div_clock|cnt[14]  ; sirene_estrutural:inst|divisor_clock:div_clock|cnt[18]     ; clock        ; clock       ; 1.000        ; -0.082     ; 5.054      ;
; -4.135 ; sirene_estrutural:inst|divisor_clock:div_clock|cnt[14]  ; sirene_estrutural:inst|divisor_clock:div_clock|cnt[19]     ; clock        ; clock       ; 1.000        ; -0.082     ; 5.054      ;
; -4.135 ; sirene_estrutural:inst|divisor_clock:div_clock|cnt[14]  ; sirene_estrutural:inst|divisor_clock:div_clock|cnt[20]     ; clock        ; clock       ; 1.000        ; -0.082     ; 5.054      ;
; -4.135 ; sirene_estrutural:inst|divisor_clock:div_clock|cnt[14]  ; sirene_estrutural:inst|divisor_clock:div_clock|cnt[23]     ; clock        ; clock       ; 1.000        ; -0.082     ; 5.054      ;
; -4.135 ; sirene_estrutural:inst|divisor_clock:div_clock|cnt[14]  ; sirene_estrutural:inst|divisor_clock:div_clock|cnt[22]     ; clock        ; clock       ; 1.000        ; -0.082     ; 5.054      ;
; -4.135 ; sirene_estrutural:inst|divisor_clock:div_clock|cnt[14]  ; sirene_estrutural:inst|divisor_clock:div_clock|cnt[24]     ; clock        ; clock       ; 1.000        ; -0.082     ; 5.054      ;
; -4.135 ; sirene_estrutural:inst|divisor_clock:div_clock|cnt[14]  ; sirene_estrutural:inst|divisor_clock:div_clock|cnt[26]     ; clock        ; clock       ; 1.000        ; -0.082     ; 5.054      ;
; -4.135 ; sirene_estrutural:inst|divisor_clock:div_clock|cnt[14]  ; sirene_estrutural:inst|divisor_clock:div_clock|cnt[25]     ; clock        ; clock       ; 1.000        ; -0.082     ; 5.054      ;
; -4.135 ; sirene_estrutural:inst|divisor_clock:div_clock|cnt[14]  ; sirene_estrutural:inst|divisor_clock:div_clock|cnt[27]     ; clock        ; clock       ; 1.000        ; -0.082     ; 5.054      ;
; -4.135 ; sirene_estrutural:inst|divisor_clock:div_clock|cnt[14]  ; sirene_estrutural:inst|divisor_clock:div_clock|cnt[28]     ; clock        ; clock       ; 1.000        ; -0.082     ; 5.054      ;
; -4.135 ; sirene_estrutural:inst|divisor_clock:div_clock|cnt[14]  ; sirene_estrutural:inst|divisor_clock:div_clock|cnt[29]     ; clock        ; clock       ; 1.000        ; -0.082     ; 5.054      ;
; -4.135 ; sirene_estrutural:inst|divisor_clock:div_clock|cnt[14]  ; sirene_estrutural:inst|divisor_clock:div_clock|cnt[30]     ; clock        ; clock       ; 1.000        ; -0.082     ; 5.054      ;
; -4.128 ; sirene_estrutural:inst|temporizador:temp|cnt[1]         ; sirene_estrutural:inst|temporizador:temp|cnt[6]            ; clock        ; clock       ; 1.000        ; -0.083     ; 5.046      ;
; -4.123 ; sirene_estrutural:inst|temporizador:temp|cnt[2]         ; sirene_estrutural:inst|temporizador:temp|cnt[28]           ; clock        ; clock       ; 1.000        ; -0.082     ; 5.042      ;
; -4.117 ; sirene_estrutural:inst|temporizador:temp|cnt[0]         ; sirene_estrutural:inst|temporizador:temp|cnt[30]           ; clock        ; clock       ; 1.000        ; -0.082     ; 5.036      ;
; -4.082 ; sirene_estrutural:inst|temporizador:temp|cnt[11]        ; sirene_estrutural:inst|controlador:control|estado_atual.s2 ; clock        ; clock       ; 1.000        ; -0.575     ; 4.508      ;
; -4.082 ; sirene_estrutural:inst|temporizador:temp|cnt[11]        ; sirene_estrutural:inst|controlador:control|estado_atual.s0 ; clock        ; clock       ; 1.000        ; -0.575     ; 4.508      ;
; -4.080 ; sirene_estrutural:inst|temporizador:temp|cnt[2]         ; sirene_estrutural:inst|temporizador:temp|cnt[29]           ; clock        ; clock       ; 1.000        ; -0.082     ; 4.999      ;
; -4.075 ; sirene_estrutural:inst|temporizador:temp|cnt[3]         ; sirene_estrutural:inst|temporizador:temp|cnt[30]           ; clock        ; clock       ; 1.000        ; -0.082     ; 4.994      ;
; -4.060 ; sirene_estrutural:inst|temporizador:temp|cnt[0]         ; sirene_estrutural:inst|temporizador:temp|cnt[27]           ; clock        ; clock       ; 1.000        ; -0.082     ; 4.979      ;
; -4.040 ; sirene_estrutural:inst|divisor_clock:div_clock|cnt[27]  ; sirene_estrutural:inst|divisor_clock:div_clock|cnt[31]     ; clock        ; clock       ; 1.000        ; -0.081     ; 4.960      ;
; -4.040 ; sirene_estrutural:inst|divisor_clock:div_clock|cnt[27]  ; sirene_estrutural:inst|divisor_clock:div_clock|cnt[21]     ; clock        ; clock       ; 1.000        ; -0.081     ; 4.960      ;
; -4.040 ; sirene_estrutural:inst|divisor_clock:div_clock|cnt[27]  ; sirene_estrutural:inst|divisor_clock:div_clock|cnt[16]     ; clock        ; clock       ; 1.000        ; -0.081     ; 4.960      ;
; -4.040 ; sirene_estrutural:inst|divisor_clock:div_clock|cnt[27]  ; sirene_estrutural:inst|divisor_clock:div_clock|cnt[17]     ; clock        ; clock       ; 1.000        ; -0.081     ; 4.960      ;
; -4.040 ; sirene_estrutural:inst|divisor_clock:div_clock|cnt[27]  ; sirene_estrutural:inst|divisor_clock:div_clock|cnt[18]     ; clock        ; clock       ; 1.000        ; -0.081     ; 4.960      ;
; -4.040 ; sirene_estrutural:inst|divisor_clock:div_clock|cnt[27]  ; sirene_estrutural:inst|divisor_clock:div_clock|cnt[19]     ; clock        ; clock       ; 1.000        ; -0.081     ; 4.960      ;
; -4.040 ; sirene_estrutural:inst|divisor_clock:div_clock|cnt[27]  ; sirene_estrutural:inst|divisor_clock:div_clock|cnt[20]     ; clock        ; clock       ; 1.000        ; -0.081     ; 4.960      ;
; -4.040 ; sirene_estrutural:inst|divisor_clock:div_clock|cnt[27]  ; sirene_estrutural:inst|divisor_clock:div_clock|cnt[23]     ; clock        ; clock       ; 1.000        ; -0.081     ; 4.960      ;
; -4.040 ; sirene_estrutural:inst|divisor_clock:div_clock|cnt[27]  ; sirene_estrutural:inst|divisor_clock:div_clock|cnt[22]     ; clock        ; clock       ; 1.000        ; -0.081     ; 4.960      ;
; -4.040 ; sirene_estrutural:inst|divisor_clock:div_clock|cnt[27]  ; sirene_estrutural:inst|divisor_clock:div_clock|cnt[24]     ; clock        ; clock       ; 1.000        ; -0.081     ; 4.960      ;
; -4.040 ; sirene_estrutural:inst|divisor_clock:div_clock|cnt[27]  ; sirene_estrutural:inst|divisor_clock:div_clock|cnt[26]     ; clock        ; clock       ; 1.000        ; -0.081     ; 4.960      ;
; -4.040 ; sirene_estrutural:inst|divisor_clock:div_clock|cnt[27]  ; sirene_estrutural:inst|divisor_clock:div_clock|cnt[25]     ; clock        ; clock       ; 1.000        ; -0.081     ; 4.960      ;
; -4.040 ; sirene_estrutural:inst|divisor_clock:div_clock|cnt[27]  ; sirene_estrutural:inst|divisor_clock:div_clock|cnt[27]     ; clock        ; clock       ; 1.000        ; -0.081     ; 4.960      ;
; -4.040 ; sirene_estrutural:inst|divisor_clock:div_clock|cnt[27]  ; sirene_estrutural:inst|divisor_clock:div_clock|cnt[28]     ; clock        ; clock       ; 1.000        ; -0.081     ; 4.960      ;
; -4.040 ; sirene_estrutural:inst|divisor_clock:div_clock|cnt[27]  ; sirene_estrutural:inst|divisor_clock:div_clock|cnt[29]     ; clock        ; clock       ; 1.000        ; -0.081     ; 4.960      ;
; -4.040 ; sirene_estrutural:inst|divisor_clock:div_clock|cnt[27]  ; sirene_estrutural:inst|divisor_clock:div_clock|cnt[30]     ; clock        ; clock       ; 1.000        ; -0.081     ; 4.960      ;
; -4.009 ; sirene_estrutural:inst|temporizador:temp|cnt[1]         ; sirene_estrutural:inst|temporizador:temp|cnt[29]           ; clock        ; clock       ; 1.000        ; -0.082     ; 4.928      ;
; -3.998 ; sirene_estrutural:inst|temporizador:temp|cnt[2]         ; sirene_estrutural:inst|temporizador:temp|cnt[27]           ; clock        ; clock       ; 1.000        ; -0.082     ; 4.917      ;
; -3.997 ; sirene_estrutural:inst|temporizador:temp|cnt[2]         ; sirene_estrutural:inst|temporizador:temp|cnt[30]           ; clock        ; clock       ; 1.000        ; -0.082     ; 4.916      ;
; -3.987 ; sirene_estrutural:inst|temporizador:temp|cnt[1]         ; sirene_estrutural:inst|temporizador:temp|cnt[27]           ; clock        ; clock       ; 1.000        ; -0.082     ; 4.906      ;
; -3.986 ; sirene_estrutural:inst|temporizador:temp|cnt[0]         ; sirene_estrutural:inst|temporizador:temp|cnt[8]            ; clock        ; clock       ; 1.000        ; -0.083     ; 4.904      ;
; -3.985 ; sirene_estrutural:inst|divisor_clock:div_clock|cnt[15]  ; sirene_estrutural:inst|divisor_clock:div_clock|cnt[31]     ; clock        ; clock       ; 1.000        ; -0.082     ; 4.904      ;
; -3.985 ; sirene_estrutural:inst|divisor_clock:div_clock|cnt[15]  ; sirene_estrutural:inst|divisor_clock:div_clock|cnt[21]     ; clock        ; clock       ; 1.000        ; -0.082     ; 4.904      ;
; -3.985 ; sirene_estrutural:inst|divisor_clock:div_clock|cnt[15]  ; sirene_estrutural:inst|divisor_clock:div_clock|cnt[16]     ; clock        ; clock       ; 1.000        ; -0.082     ; 4.904      ;
; -3.985 ; sirene_estrutural:inst|divisor_clock:div_clock|cnt[15]  ; sirene_estrutural:inst|divisor_clock:div_clock|cnt[17]     ; clock        ; clock       ; 1.000        ; -0.082     ; 4.904      ;
; -3.985 ; sirene_estrutural:inst|divisor_clock:div_clock|cnt[15]  ; sirene_estrutural:inst|divisor_clock:div_clock|cnt[18]     ; clock        ; clock       ; 1.000        ; -0.082     ; 4.904      ;
; -3.985 ; sirene_estrutural:inst|divisor_clock:div_clock|cnt[15]  ; sirene_estrutural:inst|divisor_clock:div_clock|cnt[19]     ; clock        ; clock       ; 1.000        ; -0.082     ; 4.904      ;
; -3.985 ; sirene_estrutural:inst|divisor_clock:div_clock|cnt[15]  ; sirene_estrutural:inst|divisor_clock:div_clock|cnt[20]     ; clock        ; clock       ; 1.000        ; -0.082     ; 4.904      ;
; -3.985 ; sirene_estrutural:inst|divisor_clock:div_clock|cnt[15]  ; sirene_estrutural:inst|divisor_clock:div_clock|cnt[23]     ; clock        ; clock       ; 1.000        ; -0.082     ; 4.904      ;
; -3.985 ; sirene_estrutural:inst|divisor_clock:div_clock|cnt[15]  ; sirene_estrutural:inst|divisor_clock:div_clock|cnt[22]     ; clock        ; clock       ; 1.000        ; -0.082     ; 4.904      ;
; -3.985 ; sirene_estrutural:inst|divisor_clock:div_clock|cnt[15]  ; sirene_estrutural:inst|divisor_clock:div_clock|cnt[24]     ; clock        ; clock       ; 1.000        ; -0.082     ; 4.904      ;
; -3.985 ; sirene_estrutural:inst|divisor_clock:div_clock|cnt[15]  ; sirene_estrutural:inst|divisor_clock:div_clock|cnt[26]     ; clock        ; clock       ; 1.000        ; -0.082     ; 4.904      ;
; -3.985 ; sirene_estrutural:inst|divisor_clock:div_clock|cnt[15]  ; sirene_estrutural:inst|divisor_clock:div_clock|cnt[25]     ; clock        ; clock       ; 1.000        ; -0.082     ; 4.904      ;
; -3.985 ; sirene_estrutural:inst|divisor_clock:div_clock|cnt[15]  ; sirene_estrutural:inst|divisor_clock:div_clock|cnt[27]     ; clock        ; clock       ; 1.000        ; -0.082     ; 4.904      ;
; -3.985 ; sirene_estrutural:inst|divisor_clock:div_clock|cnt[15]  ; sirene_estrutural:inst|divisor_clock:div_clock|cnt[28]     ; clock        ; clock       ; 1.000        ; -0.082     ; 4.904      ;
; -3.985 ; sirene_estrutural:inst|divisor_clock:div_clock|cnt[15]  ; sirene_estrutural:inst|divisor_clock:div_clock|cnt[29]     ; clock        ; clock       ; 1.000        ; -0.082     ; 4.904      ;
; -3.985 ; sirene_estrutural:inst|divisor_clock:div_clock|cnt[15]  ; sirene_estrutural:inst|divisor_clock:div_clock|cnt[30]     ; clock        ; clock       ; 1.000        ; -0.082     ; 4.904      ;
; -3.969 ; sirene_estrutural:inst|temporizador:temp|cnt[2]         ; sirene_estrutural:inst|temporizador:temp|cnt[12]           ; clock        ; clock       ; 1.000        ; -0.083     ; 4.887      ;
+--------+---------------------------------------------------------+------------------------------------------------------------+--------------+-------------+--------------+------------+------------+


+-------------------------------------------------------------------------------------------------------------------------------------------------------------------------------------------------------+
; Slow 1200mV 85C Model Hold: 'clock'                                                                                                                                                                   ;
+-------+------------------------------------------------------------+------------------------------------------------------------+--------------+-------------+--------------+------------+------------+
; Slack ; From Node                                                  ; To Node                                                    ; Launch Clock ; Latch Clock ; Relationship ; Clock Skew ; Data Delay ;
+-------+------------------------------------------------------------+------------------------------------------------------------+--------------+-------------+--------------+------------+------------+
; 0.452 ; sirene_estrutural:inst|controlador:control|estado_atual.s1 ; sirene_estrutural:inst|controlador:control|estado_atual.s1 ; clock        ; clock       ; 0.000        ; 0.082      ; 0.746      ;
; 0.453 ; sirene_estrutural:inst|divisor_clock:div_clock|toggle      ; sirene_estrutural:inst|divisor_clock:div_clock|toggle      ; clock        ; clock       ; 0.000        ; 0.081      ; 0.746      ;
; 0.760 ; sirene_estrutural:inst|divisor_clock:div_clock|cnt[3]      ; sirene_estrutural:inst|divisor_clock:div_clock|cnt[3]      ; clock        ; clock       ; 0.000        ; 0.081      ; 1.053      ;
; 0.760 ; sirene_estrutural:inst|divisor_clock:div_clock|cnt[15]     ; sirene_estrutural:inst|divisor_clock:div_clock|cnt[15]     ; clock        ; clock       ; 0.000        ; 0.081      ; 1.053      ;
; 0.761 ; sirene_estrutural:inst|divisor_clock:div_clock|cnt[1]      ; sirene_estrutural:inst|divisor_clock:div_clock|cnt[1]      ; clock        ; clock       ; 0.000        ; 0.081      ; 1.054      ;
; 0.761 ; sirene_estrutural:inst|divisor_clock:div_clock|cnt[5]      ; sirene_estrutural:inst|divisor_clock:div_clock|cnt[5]      ; clock        ; clock       ; 0.000        ; 0.081      ; 1.054      ;
; 0.761 ; sirene_estrutural:inst|divisor_clock:div_clock|cnt[13]     ; sirene_estrutural:inst|divisor_clock:div_clock|cnt[13]     ; clock        ; clock       ; 0.000        ; 0.081      ; 1.054      ;
; 0.761 ; sirene_estrutural:inst|divisor_clock:div_clock|cnt[11]     ; sirene_estrutural:inst|divisor_clock:div_clock|cnt[11]     ; clock        ; clock       ; 0.000        ; 0.081      ; 1.054      ;
; 0.761 ; sirene_estrutural:inst|divisor_clock:div_clock|cnt[19]     ; sirene_estrutural:inst|divisor_clock:div_clock|cnt[19]     ; clock        ; clock       ; 0.000        ; 0.081      ; 1.054      ;
; 0.762 ; sirene_estrutural:inst|divisor_clock:div_clock|cnt[21]     ; sirene_estrutural:inst|divisor_clock:div_clock|cnt[21]     ; clock        ; clock       ; 0.000        ; 0.081      ; 1.055      ;
; 0.762 ; sirene_estrutural:inst|divisor_clock:div_clock|cnt[17]     ; sirene_estrutural:inst|divisor_clock:div_clock|cnt[17]     ; clock        ; clock       ; 0.000        ; 0.081      ; 1.055      ;
; 0.762 ; sirene_estrutural:inst|divisor_clock:div_clock|cnt[27]     ; sirene_estrutural:inst|divisor_clock:div_clock|cnt[27]     ; clock        ; clock       ; 0.000        ; 0.081      ; 1.055      ;
; 0.762 ; sirene_estrutural:inst|divisor_clock:div_clock|cnt[29]     ; sirene_estrutural:inst|divisor_clock:div_clock|cnt[29]     ; clock        ; clock       ; 0.000        ; 0.081      ; 1.055      ;
; 0.763 ; sirene_estrutural:inst|divisor_clock:div_clock|cnt[31]     ; sirene_estrutural:inst|divisor_clock:div_clock|cnt[31]     ; clock        ; clock       ; 0.000        ; 0.081      ; 1.056      ;
; 0.763 ; sirene_estrutural:inst|divisor_clock:div_clock|cnt[2]      ; sirene_estrutural:inst|divisor_clock:div_clock|cnt[2]      ; clock        ; clock       ; 0.000        ; 0.081      ; 1.056      ;
; 0.763 ; sirene_estrutural:inst|divisor_clock:div_clock|cnt[6]      ; sirene_estrutural:inst|divisor_clock:div_clock|cnt[6]      ; clock        ; clock       ; 0.000        ; 0.081      ; 1.056      ;
; 0.763 ; sirene_estrutural:inst|divisor_clock:div_clock|cnt[7]      ; sirene_estrutural:inst|divisor_clock:div_clock|cnt[7]      ; clock        ; clock       ; 0.000        ; 0.081      ; 1.056      ;
; 0.763 ; sirene_estrutural:inst|divisor_clock:div_clock|cnt[9]      ; sirene_estrutural:inst|divisor_clock:div_clock|cnt[9]      ; clock        ; clock       ; 0.000        ; 0.081      ; 1.056      ;
; 0.763 ; sirene_estrutural:inst|divisor_clock:div_clock|cnt[16]     ; sirene_estrutural:inst|divisor_clock:div_clock|cnt[16]     ; clock        ; clock       ; 0.000        ; 0.081      ; 1.056      ;
; 0.764 ; sirene_estrutural:inst|divisor_clock:div_clock|cnt[4]      ; sirene_estrutural:inst|divisor_clock:div_clock|cnt[4]      ; clock        ; clock       ; 0.000        ; 0.081      ; 1.057      ;
; 0.764 ; sirene_estrutural:inst|divisor_clock:div_clock|cnt[12]     ; sirene_estrutural:inst|divisor_clock:div_clock|cnt[12]     ; clock        ; clock       ; 0.000        ; 0.081      ; 1.057      ;
; 0.764 ; sirene_estrutural:inst|divisor_clock:div_clock|cnt[14]     ; sirene_estrutural:inst|divisor_clock:div_clock|cnt[14]     ; clock        ; clock       ; 0.000        ; 0.081      ; 1.057      ;
; 0.764 ; sirene_estrutural:inst|divisor_clock:div_clock|cnt[18]     ; sirene_estrutural:inst|divisor_clock:div_clock|cnt[18]     ; clock        ; clock       ; 0.000        ; 0.081      ; 1.057      ;
; 0.764 ; sirene_estrutural:inst|divisor_clock:div_clock|cnt[23]     ; sirene_estrutural:inst|divisor_clock:div_clock|cnt[23]     ; clock        ; clock       ; 0.000        ; 0.081      ; 1.057      ;
; 0.764 ; sirene_estrutural:inst|divisor_clock:div_clock|cnt[22]     ; sirene_estrutural:inst|divisor_clock:div_clock|cnt[22]     ; clock        ; clock       ; 0.000        ; 0.081      ; 1.057      ;
; 0.764 ; sirene_estrutural:inst|divisor_clock:div_clock|cnt[25]     ; sirene_estrutural:inst|divisor_clock:div_clock|cnt[25]     ; clock        ; clock       ; 0.000        ; 0.081      ; 1.057      ;
; 0.765 ; sirene_estrutural:inst|divisor_clock:div_clock|cnt[8]      ; sirene_estrutural:inst|divisor_clock:div_clock|cnt[8]      ; clock        ; clock       ; 0.000        ; 0.081      ; 1.058      ;
; 0.765 ; sirene_estrutural:inst|divisor_clock:div_clock|cnt[10]     ; sirene_estrutural:inst|divisor_clock:div_clock|cnt[10]     ; clock        ; clock       ; 0.000        ; 0.081      ; 1.058      ;
; 0.765 ; sirene_estrutural:inst|divisor_clock:div_clock|cnt[20]     ; sirene_estrutural:inst|divisor_clock:div_clock|cnt[20]     ; clock        ; clock       ; 0.000        ; 0.081      ; 1.058      ;
; 0.765 ; sirene_estrutural:inst|divisor_clock:div_clock|cnt[30]     ; sirene_estrutural:inst|divisor_clock:div_clock|cnt[30]     ; clock        ; clock       ; 0.000        ; 0.081      ; 1.058      ;
; 0.765 ; sirene_estrutural:inst|controlador:control|estado_atual.s1 ; sirene_estrutural:inst|controlador:control|estado_atual.s2 ; clock        ; clock       ; 0.000        ; 0.082      ; 1.059      ;
; 0.766 ; sirene_estrutural:inst|divisor_clock:div_clock|cnt[24]     ; sirene_estrutural:inst|divisor_clock:div_clock|cnt[24]     ; clock        ; clock       ; 0.000        ; 0.081      ; 1.059      ;
; 0.766 ; sirene_estrutural:inst|divisor_clock:div_clock|cnt[26]     ; sirene_estrutural:inst|divisor_clock:div_clock|cnt[26]     ; clock        ; clock       ; 0.000        ; 0.081      ; 1.059      ;
; 0.766 ; sirene_estrutural:inst|divisor_clock:div_clock|cnt[28]     ; sirene_estrutural:inst|divisor_clock:div_clock|cnt[28]     ; clock        ; clock       ; 0.000        ; 0.081      ; 1.059      ;
; 0.786 ; sirene_estrutural:inst|divisor_clock:div_clock|cnt[0]      ; sirene_estrutural:inst|divisor_clock:div_clock|cnt[0]      ; clock        ; clock       ; 0.000        ; 0.081      ; 1.079      ;
; 0.835 ; sirene_estrutural:inst|controlador:control|Disparo         ; sirene_estrutural:inst|temporizador:temp|cnt[15]           ; clock        ; clock       ; 0.000        ; 0.575      ; 1.622      ;
; 0.840 ; sirene_estrutural:inst|controlador:control|Disparo         ; sirene_estrutural:inst|temporizador:temp|cnt[13]           ; clock        ; clock       ; 0.000        ; 0.575      ; 1.627      ;
; 0.842 ; sirene_estrutural:inst|controlador:control|Disparo         ; sirene_estrutural:inst|temporizador:temp|cnt[11]           ; clock        ; clock       ; 0.000        ; 0.575      ; 1.629      ;
; 0.916 ; sirene_estrutural:inst|controlador:control|Disparo         ; sirene_estrutural:inst|temporizador:temp|cnt[25]           ; clock        ; clock       ; 0.000        ; 0.575      ; 1.703      ;
; 1.107 ; sirene_estrutural:inst|controlador:control|Freq_out[14]    ; sirene_estrutural:inst|temporizador:temp|cnt[15]           ; clock        ; clock       ; 0.000        ; 0.591      ; 1.910      ;
; 1.115 ; sirene_estrutural:inst|divisor_clock:div_clock|cnt[1]      ; sirene_estrutural:inst|divisor_clock:div_clock|cnt[2]      ; clock        ; clock       ; 0.000        ; 0.081      ; 1.408      ;
; 1.115 ; sirene_estrutural:inst|divisor_clock:div_clock|cnt[3]      ; sirene_estrutural:inst|divisor_clock:div_clock|cnt[4]      ; clock        ; clock       ; 0.000        ; 0.081      ; 1.408      ;
; 1.116 ; sirene_estrutural:inst|divisor_clock:div_clock|cnt[5]      ; sirene_estrutural:inst|divisor_clock:div_clock|cnt[6]      ; clock        ; clock       ; 0.000        ; 0.081      ; 1.409      ;
; 1.116 ; sirene_estrutural:inst|divisor_clock:div_clock|cnt[15]     ; sirene_estrutural:inst|divisor_clock:div_clock|cnt[16]     ; clock        ; clock       ; 0.000        ; 0.080      ; 1.408      ;
; 1.116 ; sirene_estrutural:inst|divisor_clock:div_clock|cnt[11]     ; sirene_estrutural:inst|divisor_clock:div_clock|cnt[12]     ; clock        ; clock       ; 0.000        ; 0.081      ; 1.409      ;
; 1.116 ; sirene_estrutural:inst|divisor_clock:div_clock|cnt[13]     ; sirene_estrutural:inst|divisor_clock:div_clock|cnt[14]     ; clock        ; clock       ; 0.000        ; 0.081      ; 1.409      ;
; 1.116 ; sirene_estrutural:inst|divisor_clock:div_clock|cnt[17]     ; sirene_estrutural:inst|divisor_clock:div_clock|cnt[18]     ; clock        ; clock       ; 0.000        ; 0.081      ; 1.409      ;
; 1.116 ; sirene_estrutural:inst|divisor_clock:div_clock|cnt[19]     ; sirene_estrutural:inst|divisor_clock:div_clock|cnt[20]     ; clock        ; clock       ; 0.000        ; 0.081      ; 1.409      ;
; 1.117 ; sirene_estrutural:inst|divisor_clock:div_clock|cnt[21]     ; sirene_estrutural:inst|divisor_clock:div_clock|cnt[22]     ; clock        ; clock       ; 0.000        ; 0.081      ; 1.410      ;
; 1.117 ; sirene_estrutural:inst|divisor_clock:div_clock|cnt[7]      ; sirene_estrutural:inst|divisor_clock:div_clock|cnt[8]      ; clock        ; clock       ; 0.000        ; 0.081      ; 1.410      ;
; 1.117 ; sirene_estrutural:inst|divisor_clock:div_clock|cnt[9]      ; sirene_estrutural:inst|divisor_clock:div_clock|cnt[10]     ; clock        ; clock       ; 0.000        ; 0.081      ; 1.410      ;
; 1.117 ; sirene_estrutural:inst|divisor_clock:div_clock|cnt[29]     ; sirene_estrutural:inst|divisor_clock:div_clock|cnt[30]     ; clock        ; clock       ; 0.000        ; 0.081      ; 1.410      ;
; 1.117 ; sirene_estrutural:inst|divisor_clock:div_clock|cnt[27]     ; sirene_estrutural:inst|divisor_clock:div_clock|cnt[28]     ; clock        ; clock       ; 0.000        ; 0.081      ; 1.410      ;
; 1.118 ; sirene_estrutural:inst|divisor_clock:div_clock|cnt[23]     ; sirene_estrutural:inst|divisor_clock:div_clock|cnt[24]     ; clock        ; clock       ; 0.000        ; 0.081      ; 1.411      ;
; 1.118 ; sirene_estrutural:inst|divisor_clock:div_clock|cnt[25]     ; sirene_estrutural:inst|divisor_clock:div_clock|cnt[26]     ; clock        ; clock       ; 0.000        ; 0.081      ; 1.411      ;
; 1.123 ; sirene_estrutural:inst|controlador:control|Freq_out[14]    ; sirene_estrutural:inst|temporizador:temp|cnt[11]           ; clock        ; clock       ; 0.000        ; 0.591      ; 1.926      ;
; 1.124 ; sirene_estrutural:inst|divisor_clock:div_clock|cnt[2]      ; sirene_estrutural:inst|divisor_clock:div_clock|cnt[3]      ; clock        ; clock       ; 0.000        ; 0.081      ; 1.417      ;
; 1.124 ; sirene_estrutural:inst|divisor_clock:div_clock|cnt[0]      ; sirene_estrutural:inst|divisor_clock:div_clock|cnt[1]      ; clock        ; clock       ; 0.000        ; 0.081      ; 1.417      ;
; 1.124 ; sirene_estrutural:inst|divisor_clock:div_clock|cnt[16]     ; sirene_estrutural:inst|divisor_clock:div_clock|cnt[17]     ; clock        ; clock       ; 0.000        ; 0.081      ; 1.417      ;
; 1.124 ; sirene_estrutural:inst|divisor_clock:div_clock|cnt[6]      ; sirene_estrutural:inst|divisor_clock:div_clock|cnt[7]      ; clock        ; clock       ; 0.000        ; 0.081      ; 1.417      ;
; 1.125 ; sirene_estrutural:inst|divisor_clock:div_clock|cnt[14]     ; sirene_estrutural:inst|divisor_clock:div_clock|cnt[15]     ; clock        ; clock       ; 0.000        ; 0.081      ; 1.418      ;
; 1.125 ; sirene_estrutural:inst|divisor_clock:div_clock|cnt[4]      ; sirene_estrutural:inst|divisor_clock:div_clock|cnt[5]      ; clock        ; clock       ; 0.000        ; 0.081      ; 1.418      ;
; 1.125 ; sirene_estrutural:inst|divisor_clock:div_clock|cnt[12]     ; sirene_estrutural:inst|divisor_clock:div_clock|cnt[13]     ; clock        ; clock       ; 0.000        ; 0.081      ; 1.418      ;
; 1.125 ; sirene_estrutural:inst|divisor_clock:div_clock|cnt[18]     ; sirene_estrutural:inst|divisor_clock:div_clock|cnt[19]     ; clock        ; clock       ; 0.000        ; 0.081      ; 1.418      ;
; 1.125 ; sirene_estrutural:inst|divisor_clock:div_clock|cnt[22]     ; sirene_estrutural:inst|divisor_clock:div_clock|cnt[23]     ; clock        ; clock       ; 0.000        ; 0.081      ; 1.418      ;
; 1.126 ; sirene_estrutural:inst|divisor_clock:div_clock|cnt[10]     ; sirene_estrutural:inst|divisor_clock:div_clock|cnt[11]     ; clock        ; clock       ; 0.000        ; 0.081      ; 1.419      ;
; 1.126 ; sirene_estrutural:inst|divisor_clock:div_clock|cnt[20]     ; sirene_estrutural:inst|divisor_clock:div_clock|cnt[21]     ; clock        ; clock       ; 0.000        ; 0.081      ; 1.419      ;
; 1.126 ; sirene_estrutural:inst|divisor_clock:div_clock|cnt[30]     ; sirene_estrutural:inst|divisor_clock:div_clock|cnt[31]     ; clock        ; clock       ; 0.000        ; 0.081      ; 1.419      ;
; 1.126 ; sirene_estrutural:inst|divisor_clock:div_clock|cnt[8]      ; sirene_estrutural:inst|divisor_clock:div_clock|cnt[9]      ; clock        ; clock       ; 0.000        ; 0.081      ; 1.419      ;
; 1.127 ; sirene_estrutural:inst|divisor_clock:div_clock|cnt[26]     ; sirene_estrutural:inst|divisor_clock:div_clock|cnt[27]     ; clock        ; clock       ; 0.000        ; 0.081      ; 1.420      ;
; 1.127 ; sirene_estrutural:inst|divisor_clock:div_clock|cnt[28]     ; sirene_estrutural:inst|divisor_clock:div_clock|cnt[29]     ; clock        ; clock       ; 0.000        ; 0.081      ; 1.420      ;
; 1.127 ; sirene_estrutural:inst|divisor_clock:div_clock|cnt[24]     ; sirene_estrutural:inst|divisor_clock:div_clock|cnt[25]     ; clock        ; clock       ; 0.000        ; 0.081      ; 1.420      ;
; 1.132 ; sirene_estrutural:inst|controlador:control|Disparo         ; sirene_estrutural:inst|temporizador:temp|cnt[16]           ; clock        ; clock       ; 0.000        ; 0.081      ; 1.425      ;
; 1.133 ; sirene_estrutural:inst|divisor_clock:div_clock|cnt[0]      ; sirene_estrutural:inst|divisor_clock:div_clock|cnt[2]      ; clock        ; clock       ; 0.000        ; 0.081      ; 1.426      ;
; 1.133 ; sirene_estrutural:inst|divisor_clock:div_clock|cnt[2]      ; sirene_estrutural:inst|divisor_clock:div_clock|cnt[4]      ; clock        ; clock       ; 0.000        ; 0.081      ; 1.426      ;
; 1.133 ; sirene_estrutural:inst|divisor_clock:div_clock|cnt[16]     ; sirene_estrutural:inst|divisor_clock:div_clock|cnt[18]     ; clock        ; clock       ; 0.000        ; 0.081      ; 1.426      ;
; 1.133 ; sirene_estrutural:inst|divisor_clock:div_clock|cnt[6]      ; sirene_estrutural:inst|divisor_clock:div_clock|cnt[8]      ; clock        ; clock       ; 0.000        ; 0.081      ; 1.426      ;
; 1.134 ; sirene_estrutural:inst|divisor_clock:div_clock|cnt[4]      ; sirene_estrutural:inst|divisor_clock:div_clock|cnt[6]      ; clock        ; clock       ; 0.000        ; 0.081      ; 1.427      ;
; 1.134 ; sirene_estrutural:inst|divisor_clock:div_clock|cnt[12]     ; sirene_estrutural:inst|divisor_clock:div_clock|cnt[14]     ; clock        ; clock       ; 0.000        ; 0.081      ; 1.427      ;
; 1.134 ; sirene_estrutural:inst|divisor_clock:div_clock|cnt[18]     ; sirene_estrutural:inst|divisor_clock:div_clock|cnt[20]     ; clock        ; clock       ; 0.000        ; 0.081      ; 1.427      ;
; 1.134 ; sirene_estrutural:inst|divisor_clock:div_clock|cnt[22]     ; sirene_estrutural:inst|divisor_clock:div_clock|cnt[24]     ; clock        ; clock       ; 0.000        ; 0.081      ; 1.427      ;
; 1.135 ; sirene_estrutural:inst|divisor_clock:div_clock|cnt[14]     ; sirene_estrutural:inst|divisor_clock:div_clock|cnt[16]     ; clock        ; clock       ; 0.000        ; 0.080      ; 1.427      ;
; 1.135 ; sirene_estrutural:inst|divisor_clock:div_clock|cnt[10]     ; sirene_estrutural:inst|divisor_clock:div_clock|cnt[12]     ; clock        ; clock       ; 0.000        ; 0.081      ; 1.428      ;
; 1.135 ; sirene_estrutural:inst|divisor_clock:div_clock|cnt[20]     ; sirene_estrutural:inst|divisor_clock:div_clock|cnt[22]     ; clock        ; clock       ; 0.000        ; 0.081      ; 1.428      ;
; 1.135 ; sirene_estrutural:inst|divisor_clock:div_clock|cnt[8]      ; sirene_estrutural:inst|divisor_clock:div_clock|cnt[10]     ; clock        ; clock       ; 0.000        ; 0.081      ; 1.428      ;
; 1.136 ; sirene_estrutural:inst|divisor_clock:div_clock|cnt[28]     ; sirene_estrutural:inst|divisor_clock:div_clock|cnt[30]     ; clock        ; clock       ; 0.000        ; 0.081      ; 1.429      ;
; 1.136 ; sirene_estrutural:inst|divisor_clock:div_clock|cnt[26]     ; sirene_estrutural:inst|divisor_clock:div_clock|cnt[28]     ; clock        ; clock       ; 0.000        ; 0.081      ; 1.429      ;
; 1.136 ; sirene_estrutural:inst|divisor_clock:div_clock|cnt[24]     ; sirene_estrutural:inst|divisor_clock:div_clock|cnt[26]     ; clock        ; clock       ; 0.000        ; 0.081      ; 1.429      ;
; 1.136 ; sirene_estrutural:inst|controlador:control|Disparo         ; sirene_estrutural:inst|temporizador:temp|cnt[19]           ; clock        ; clock       ; 0.000        ; 0.081      ; 1.429      ;
; 1.137 ; sirene_estrutural:inst|controlador:control|Disparo         ; sirene_estrutural:inst|temporizador:temp|cnt[18]           ; clock        ; clock       ; 0.000        ; 0.081      ; 1.430      ;
; 1.140 ; sirene_estrutural:inst|controlador:control|Disparo         ; sirene_estrutural:inst|temporizador:temp|cnt[24]           ; clock        ; clock       ; 0.000        ; 0.081      ; 1.433      ;
; 1.211 ; sirene_estrutural:inst|temporizador:temp|cnt[24]           ; sirene_estrutural:inst|temporizador:temp|cnt[25]           ; clock        ; clock       ; 0.000        ; 0.576      ; 1.999      ;
; 1.217 ; sirene_estrutural:inst|temporizador:temp|cnt[24]           ; sirene_estrutural:inst|temporizador:temp|cnt[26]           ; clock        ; clock       ; 0.000        ; 0.576      ; 2.005      ;
; 1.246 ; sirene_estrutural:inst|divisor_clock:div_clock|cnt[1]      ; sirene_estrutural:inst|divisor_clock:div_clock|cnt[3]      ; clock        ; clock       ; 0.000        ; 0.081      ; 1.539      ;
; 1.246 ; sirene_estrutural:inst|divisor_clock:div_clock|cnt[3]      ; sirene_estrutural:inst|divisor_clock:div_clock|cnt[5]      ; clock        ; clock       ; 0.000        ; 0.081      ; 1.539      ;
; 1.247 ; sirene_estrutural:inst|divisor_clock:div_clock|cnt[15]     ; sirene_estrutural:inst|divisor_clock:div_clock|cnt[17]     ; clock        ; clock       ; 0.000        ; 0.080      ; 1.539      ;
; 1.247 ; sirene_estrutural:inst|divisor_clock:div_clock|cnt[5]      ; sirene_estrutural:inst|divisor_clock:div_clock|cnt[7]      ; clock        ; clock       ; 0.000        ; 0.081      ; 1.540      ;
; 1.247 ; sirene_estrutural:inst|divisor_clock:div_clock|cnt[13]     ; sirene_estrutural:inst|divisor_clock:div_clock|cnt[15]     ; clock        ; clock       ; 0.000        ; 0.081      ; 1.540      ;
; 1.247 ; sirene_estrutural:inst|divisor_clock:div_clock|cnt[11]     ; sirene_estrutural:inst|divisor_clock:div_clock|cnt[13]     ; clock        ; clock       ; 0.000        ; 0.081      ; 1.540      ;
; 1.247 ; sirene_estrutural:inst|divisor_clock:div_clock|cnt[17]     ; sirene_estrutural:inst|divisor_clock:div_clock|cnt[19]     ; clock        ; clock       ; 0.000        ; 0.081      ; 1.540      ;
+-------+------------------------------------------------------------+------------------------------------------------------------+--------------+-------------+--------------+------------+------------+


-----------------------------------------------
; Slow 1200mV 85C Model Metastability Summary ;
-----------------------------------------------
Design MTBF is not calculated because the design doesn't meet its timing requirements.



+--------------------------------------------------+
; Slow 1200mV 0C Model Fmax Summary                ;
+------------+-----------------+------------+------+
; Fmax       ; Restricted Fmax ; Clock Name ; Note ;
+------------+-----------------+------------+------+
; 188.75 MHz ; 188.75 MHz      ; clock      ;      ;
+------------+-----------------+------------+------+
This panel reports FMAX for every clock in the design, regardless of the user-specified clock periods.  FMAX is only computed for paths where the source and destination registers or ports are driven by the same clock.  Paths of different clocks, including generated clocks, are ignored.  For paths between a clock and its inversion, FMAX is computed as if the rising and falling edges are scaled along with FMAX, such that the duty cycle (in terms of a percentage) is maintained. Altera recommends that you always use clock constraints and other slack reports for sign-off analysis.


+------------------------------------+
; Slow 1200mV 0C Model Setup Summary ;
+-------+--------+-------------------+
; Clock ; Slack  ; End Point TNS     ;
+-------+--------+-------------------+
; clock ; -4.298 ; -250.747          ;
+-------+--------+-------------------+


+-----------------------------------+
; Slow 1200mV 0C Model Hold Summary ;
+-------+-------+-------------------+
; Clock ; Slack ; End Point TNS     ;
+-------+-------+-------------------+
; clock ; 0.401 ; 0.000             ;
+-------+-------+-------------------+


-----------------------------------------
; Slow 1200mV 0C Model Recovery Summary ;
-----------------------------------------
No paths to report.


----------------------------------------
; Slow 1200mV 0C Model Removal Summary ;
----------------------------------------
No paths to report.


+--------------------------------------------------+
; Slow 1200mV 0C Model Minimum Pulse Width Summary ;
+-------+--------+---------------------------------+
; Clock ; Slack  ; End Point TNS                   ;
+-------+--------+---------------------------------+
; clock ; -3.000 ; -110.064                        ;
+-------+--------+---------------------------------+


+-----------------------------------------------------------------------------------------------------------------------------------------------------------------------------------------------------+
; Slow 1200mV 0C Model Setup: 'clock'                                                                                                                                                                 ;
+--------+---------------------------------------------------------+------------------------------------------------------------+--------------+-------------+--------------+------------+------------+
; Slack  ; From Node                                               ; To Node                                                    ; Launch Clock ; Latch Clock ; Relationship ; Clock Skew ; Data Delay ;
+--------+---------------------------------------------------------+------------------------------------------------------------+--------------+-------------+--------------+------------+------------+
; -4.298 ; sirene_estrutural:inst|temporizador:temp|cnt[2]         ; sirene_estrutural:inst|controlador:control|estado_atual.s2 ; clock        ; clock       ; 1.000        ; -0.073     ; 5.227      ;
; -4.298 ; sirene_estrutural:inst|temporizador:temp|cnt[2]         ; sirene_estrutural:inst|controlador:control|estado_atual.s0 ; clock        ; clock       ; 1.000        ; -0.073     ; 5.227      ;
; -4.290 ; sirene_estrutural:inst|temporizador:temp|cnt[1]         ; sirene_estrutural:inst|controlador:control|estado_atual.s2 ; clock        ; clock       ; 1.000        ; -0.073     ; 5.219      ;
; -4.290 ; sirene_estrutural:inst|temporizador:temp|cnt[1]         ; sirene_estrutural:inst|controlador:control|estado_atual.s0 ; clock        ; clock       ; 1.000        ; -0.073     ; 5.219      ;
; -4.120 ; sirene_estrutural:inst|temporizador:temp|cnt[0]         ; sirene_estrutural:inst|controlador:control|estado_atual.s2 ; clock        ; clock       ; 1.000        ; -0.073     ; 5.049      ;
; -4.120 ; sirene_estrutural:inst|temporizador:temp|cnt[0]         ; sirene_estrutural:inst|controlador:control|estado_atual.s0 ; clock        ; clock       ; 1.000        ; -0.073     ; 5.049      ;
; -3.998 ; sirene_estrutural:inst|temporizador:temp|cnt[0]         ; sirene_estrutural:inst|temporizador:temp|cnt[31]           ; clock        ; clock       ; 1.000        ; -0.073     ; 4.927      ;
; -3.997 ; sirene_estrutural:inst|temporizador:temp|cnt[3]         ; sirene_estrutural:inst|controlador:control|estado_atual.s2 ; clock        ; clock       ; 1.000        ; -0.073     ; 4.926      ;
; -3.997 ; sirene_estrutural:inst|temporizador:temp|cnt[3]         ; sirene_estrutural:inst|controlador:control|estado_atual.s0 ; clock        ; clock       ; 1.000        ; -0.073     ; 4.926      ;
; -3.923 ; sirene_estrutural:inst|controlador:control|Freq_out[14] ; sirene_estrutural:inst|divisor_clock:div_clock|cnt[31]     ; clock        ; clock       ; 1.000        ; -0.074     ; 4.851      ;
; -3.923 ; sirene_estrutural:inst|controlador:control|Freq_out[14] ; sirene_estrutural:inst|divisor_clock:div_clock|cnt[21]     ; clock        ; clock       ; 1.000        ; -0.074     ; 4.851      ;
; -3.923 ; sirene_estrutural:inst|controlador:control|Freq_out[14] ; sirene_estrutural:inst|divisor_clock:div_clock|cnt[16]     ; clock        ; clock       ; 1.000        ; -0.074     ; 4.851      ;
; -3.923 ; sirene_estrutural:inst|controlador:control|Freq_out[14] ; sirene_estrutural:inst|divisor_clock:div_clock|cnt[17]     ; clock        ; clock       ; 1.000        ; -0.074     ; 4.851      ;
; -3.923 ; sirene_estrutural:inst|controlador:control|Freq_out[14] ; sirene_estrutural:inst|divisor_clock:div_clock|cnt[18]     ; clock        ; clock       ; 1.000        ; -0.074     ; 4.851      ;
; -3.923 ; sirene_estrutural:inst|controlador:control|Freq_out[14] ; sirene_estrutural:inst|divisor_clock:div_clock|cnt[19]     ; clock        ; clock       ; 1.000        ; -0.074     ; 4.851      ;
; -3.923 ; sirene_estrutural:inst|controlador:control|Freq_out[14] ; sirene_estrutural:inst|divisor_clock:div_clock|cnt[20]     ; clock        ; clock       ; 1.000        ; -0.074     ; 4.851      ;
; -3.923 ; sirene_estrutural:inst|controlador:control|Freq_out[14] ; sirene_estrutural:inst|divisor_clock:div_clock|cnt[23]     ; clock        ; clock       ; 1.000        ; -0.074     ; 4.851      ;
; -3.923 ; sirene_estrutural:inst|controlador:control|Freq_out[14] ; sirene_estrutural:inst|divisor_clock:div_clock|cnt[22]     ; clock        ; clock       ; 1.000        ; -0.074     ; 4.851      ;
; -3.923 ; sirene_estrutural:inst|controlador:control|Freq_out[14] ; sirene_estrutural:inst|divisor_clock:div_clock|cnt[24]     ; clock        ; clock       ; 1.000        ; -0.074     ; 4.851      ;
; -3.923 ; sirene_estrutural:inst|controlador:control|Freq_out[14] ; sirene_estrutural:inst|divisor_clock:div_clock|cnt[26]     ; clock        ; clock       ; 1.000        ; -0.074     ; 4.851      ;
; -3.923 ; sirene_estrutural:inst|controlador:control|Freq_out[14] ; sirene_estrutural:inst|divisor_clock:div_clock|cnt[25]     ; clock        ; clock       ; 1.000        ; -0.074     ; 4.851      ;
; -3.923 ; sirene_estrutural:inst|controlador:control|Freq_out[14] ; sirene_estrutural:inst|divisor_clock:div_clock|cnt[27]     ; clock        ; clock       ; 1.000        ; -0.074     ; 4.851      ;
; -3.923 ; sirene_estrutural:inst|controlador:control|Freq_out[14] ; sirene_estrutural:inst|divisor_clock:div_clock|cnt[28]     ; clock        ; clock       ; 1.000        ; -0.074     ; 4.851      ;
; -3.923 ; sirene_estrutural:inst|controlador:control|Freq_out[14] ; sirene_estrutural:inst|divisor_clock:div_clock|cnt[29]     ; clock        ; clock       ; 1.000        ; -0.074     ; 4.851      ;
; -3.923 ; sirene_estrutural:inst|controlador:control|Freq_out[14] ; sirene_estrutural:inst|divisor_clock:div_clock|cnt[30]     ; clock        ; clock       ; 1.000        ; -0.074     ; 4.851      ;
; -3.902 ; sirene_estrutural:inst|temporizador:temp|cnt[2]         ; sirene_estrutural:inst|temporizador:temp|cnt[8]            ; clock        ; clock       ; 1.000        ; -0.075     ; 4.829      ;
; -3.894 ; sirene_estrutural:inst|temporizador:temp|cnt[2]         ; sirene_estrutural:inst|temporizador:temp|cnt[31]           ; clock        ; clock       ; 1.000        ; -0.073     ; 4.823      ;
; -3.894 ; sirene_estrutural:inst|temporizador:temp|cnt[1]         ; sirene_estrutural:inst|temporizador:temp|cnt[8]            ; clock        ; clock       ; 1.000        ; -0.075     ; 4.821      ;
; -3.858 ; sirene_estrutural:inst|temporizador:temp|cnt[2]         ; sirene_estrutural:inst|temporizador:temp|cnt[7]            ; clock        ; clock       ; 1.000        ; -0.075     ; 4.785      ;
; -3.850 ; sirene_estrutural:inst|temporizador:temp|cnt[1]         ; sirene_estrutural:inst|temporizador:temp|cnt[7]            ; clock        ; clock       ; 1.000        ; -0.075     ; 4.777      ;
; -3.844 ; sirene_estrutural:inst|temporizador:temp|cnt[2]         ; sirene_estrutural:inst|temporizador:temp|cnt[6]            ; clock        ; clock       ; 1.000        ; -0.075     ; 4.771      ;
; -3.836 ; sirene_estrutural:inst|temporizador:temp|cnt[1]         ; sirene_estrutural:inst|temporizador:temp|cnt[6]            ; clock        ; clock       ; 1.000        ; -0.075     ; 4.763      ;
; -3.825 ; sirene_estrutural:inst|temporizador:temp|cnt[1]         ; sirene_estrutural:inst|temporizador:temp|cnt[31]           ; clock        ; clock       ; 1.000        ; -0.073     ; 4.754      ;
; -3.794 ; sirene_estrutural:inst|temporizador:temp|cnt[11]        ; sirene_estrutural:inst|controlador:control|estado_atual.s2 ; clock        ; clock       ; 1.000        ; -0.536     ; 4.260      ;
; -3.794 ; sirene_estrutural:inst|temporizador:temp|cnt[11]        ; sirene_estrutural:inst|controlador:control|estado_atual.s0 ; clock        ; clock       ; 1.000        ; -0.536     ; 4.260      ;
; -3.793 ; sirene_estrutural:inst|temporizador:temp|cnt[1]         ; sirene_estrutural:inst|temporizador:temp|cnt[28]           ; clock        ; clock       ; 1.000        ; -0.073     ; 4.722      ;
; -3.791 ; sirene_estrutural:inst|temporizador:temp|cnt[0]         ; sirene_estrutural:inst|temporizador:temp|cnt[28]           ; clock        ; clock       ; 1.000        ; -0.073     ; 4.720      ;
; -3.779 ; sirene_estrutural:inst|divisor_clock:div_clock|cnt[14]  ; sirene_estrutural:inst|divisor_clock:div_clock|cnt[31]     ; clock        ; clock       ; 1.000        ; -0.073     ; 4.708      ;
; -3.779 ; sirene_estrutural:inst|divisor_clock:div_clock|cnt[14]  ; sirene_estrutural:inst|divisor_clock:div_clock|cnt[21]     ; clock        ; clock       ; 1.000        ; -0.073     ; 4.708      ;
; -3.779 ; sirene_estrutural:inst|divisor_clock:div_clock|cnt[14]  ; sirene_estrutural:inst|divisor_clock:div_clock|cnt[16]     ; clock        ; clock       ; 1.000        ; -0.073     ; 4.708      ;
; -3.779 ; sirene_estrutural:inst|divisor_clock:div_clock|cnt[14]  ; sirene_estrutural:inst|divisor_clock:div_clock|cnt[17]     ; clock        ; clock       ; 1.000        ; -0.073     ; 4.708      ;
; -3.779 ; sirene_estrutural:inst|divisor_clock:div_clock|cnt[14]  ; sirene_estrutural:inst|divisor_clock:div_clock|cnt[18]     ; clock        ; clock       ; 1.000        ; -0.073     ; 4.708      ;
; -3.779 ; sirene_estrutural:inst|divisor_clock:div_clock|cnt[14]  ; sirene_estrutural:inst|divisor_clock:div_clock|cnt[19]     ; clock        ; clock       ; 1.000        ; -0.073     ; 4.708      ;
; -3.779 ; sirene_estrutural:inst|divisor_clock:div_clock|cnt[14]  ; sirene_estrutural:inst|divisor_clock:div_clock|cnt[20]     ; clock        ; clock       ; 1.000        ; -0.073     ; 4.708      ;
; -3.779 ; sirene_estrutural:inst|divisor_clock:div_clock|cnt[14]  ; sirene_estrutural:inst|divisor_clock:div_clock|cnt[23]     ; clock        ; clock       ; 1.000        ; -0.073     ; 4.708      ;
; -3.779 ; sirene_estrutural:inst|divisor_clock:div_clock|cnt[14]  ; sirene_estrutural:inst|divisor_clock:div_clock|cnt[22]     ; clock        ; clock       ; 1.000        ; -0.073     ; 4.708      ;
; -3.779 ; sirene_estrutural:inst|divisor_clock:div_clock|cnt[14]  ; sirene_estrutural:inst|divisor_clock:div_clock|cnt[24]     ; clock        ; clock       ; 1.000        ; -0.073     ; 4.708      ;
; -3.779 ; sirene_estrutural:inst|divisor_clock:div_clock|cnt[14]  ; sirene_estrutural:inst|divisor_clock:div_clock|cnt[26]     ; clock        ; clock       ; 1.000        ; -0.073     ; 4.708      ;
; -3.779 ; sirene_estrutural:inst|divisor_clock:div_clock|cnt[14]  ; sirene_estrutural:inst|divisor_clock:div_clock|cnt[25]     ; clock        ; clock       ; 1.000        ; -0.073     ; 4.708      ;
; -3.779 ; sirene_estrutural:inst|divisor_clock:div_clock|cnt[14]  ; sirene_estrutural:inst|divisor_clock:div_clock|cnt[27]     ; clock        ; clock       ; 1.000        ; -0.073     ; 4.708      ;
; -3.779 ; sirene_estrutural:inst|divisor_clock:div_clock|cnt[14]  ; sirene_estrutural:inst|divisor_clock:div_clock|cnt[28]     ; clock        ; clock       ; 1.000        ; -0.073     ; 4.708      ;
; -3.779 ; sirene_estrutural:inst|divisor_clock:div_clock|cnt[14]  ; sirene_estrutural:inst|divisor_clock:div_clock|cnt[29]     ; clock        ; clock       ; 1.000        ; -0.073     ; 4.708      ;
; -3.779 ; sirene_estrutural:inst|divisor_clock:div_clock|cnt[14]  ; sirene_estrutural:inst|divisor_clock:div_clock|cnt[30]     ; clock        ; clock       ; 1.000        ; -0.073     ; 4.708      ;
; -3.757 ; sirene_estrutural:inst|temporizador:temp|cnt[3]         ; sirene_estrutural:inst|temporizador:temp|cnt[31]           ; clock        ; clock       ; 1.000        ; -0.073     ; 4.686      ;
; -3.727 ; sirene_estrutural:inst|temporizador:temp|cnt[0]         ; sirene_estrutural:inst|temporizador:temp|cnt[29]           ; clock        ; clock       ; 1.000        ; -0.073     ; 4.656      ;
; -3.724 ; sirene_estrutural:inst|temporizador:temp|cnt[0]         ; sirene_estrutural:inst|temporizador:temp|cnt[8]            ; clock        ; clock       ; 1.000        ; -0.075     ; 4.651      ;
; -3.718 ; sirene_estrutural:inst|temporizador:temp|cnt[2]         ; sirene_estrutural:inst|temporizador:temp|cnt[29]           ; clock        ; clock       ; 1.000        ; -0.073     ; 4.647      ;
; -3.717 ; sirene_estrutural:inst|temporizador:temp|cnt[2]         ; sirene_estrutural:inst|temporizador:temp|cnt[28]           ; clock        ; clock       ; 1.000        ; -0.073     ; 4.646      ;
; -3.716 ; sirene_estrutural:inst|temporizador:temp|cnt[2]         ; sirene_estrutural:inst|temporizador:temp|cnt[27]           ; clock        ; clock       ; 1.000        ; -0.073     ; 4.645      ;
; -3.715 ; sirene_estrutural:inst|temporizador:temp|cnt[2]         ; sirene_estrutural:inst|temporizador:temp|cnt[30]           ; clock        ; clock       ; 1.000        ; -0.073     ; 4.644      ;
; -3.710 ; sirene_estrutural:inst|temporizador:temp|cnt[1]         ; sirene_estrutural:inst|temporizador:temp|cnt[29]           ; clock        ; clock       ; 1.000        ; -0.073     ; 4.639      ;
; -3.708 ; sirene_estrutural:inst|temporizador:temp|cnt[1]         ; sirene_estrutural:inst|temporizador:temp|cnt[27]           ; clock        ; clock       ; 1.000        ; -0.073     ; 4.637      ;
; -3.707 ; sirene_estrutural:inst|temporizador:temp|cnt[1]         ; sirene_estrutural:inst|temporizador:temp|cnt[30]           ; clock        ; clock       ; 1.000        ; -0.073     ; 4.636      ;
; -3.704 ; sirene_estrutural:inst|divisor_clock:div_clock|cnt[27]  ; sirene_estrutural:inst|divisor_clock:div_clock|cnt[31]     ; clock        ; clock       ; 1.000        ; -0.073     ; 4.633      ;
; -3.704 ; sirene_estrutural:inst|divisor_clock:div_clock|cnt[27]  ; sirene_estrutural:inst|divisor_clock:div_clock|cnt[21]     ; clock        ; clock       ; 1.000        ; -0.073     ; 4.633      ;
; -3.704 ; sirene_estrutural:inst|divisor_clock:div_clock|cnt[27]  ; sirene_estrutural:inst|divisor_clock:div_clock|cnt[16]     ; clock        ; clock       ; 1.000        ; -0.073     ; 4.633      ;
; -3.704 ; sirene_estrutural:inst|divisor_clock:div_clock|cnt[27]  ; sirene_estrutural:inst|divisor_clock:div_clock|cnt[17]     ; clock        ; clock       ; 1.000        ; -0.073     ; 4.633      ;
; -3.704 ; sirene_estrutural:inst|divisor_clock:div_clock|cnt[27]  ; sirene_estrutural:inst|divisor_clock:div_clock|cnt[18]     ; clock        ; clock       ; 1.000        ; -0.073     ; 4.633      ;
; -3.704 ; sirene_estrutural:inst|divisor_clock:div_clock|cnt[27]  ; sirene_estrutural:inst|divisor_clock:div_clock|cnt[19]     ; clock        ; clock       ; 1.000        ; -0.073     ; 4.633      ;
; -3.704 ; sirene_estrutural:inst|divisor_clock:div_clock|cnt[27]  ; sirene_estrutural:inst|divisor_clock:div_clock|cnt[20]     ; clock        ; clock       ; 1.000        ; -0.073     ; 4.633      ;
; -3.704 ; sirene_estrutural:inst|divisor_clock:div_clock|cnt[27]  ; sirene_estrutural:inst|divisor_clock:div_clock|cnt[23]     ; clock        ; clock       ; 1.000        ; -0.073     ; 4.633      ;
; -3.704 ; sirene_estrutural:inst|divisor_clock:div_clock|cnt[27]  ; sirene_estrutural:inst|divisor_clock:div_clock|cnt[22]     ; clock        ; clock       ; 1.000        ; -0.073     ; 4.633      ;
; -3.704 ; sirene_estrutural:inst|divisor_clock:div_clock|cnt[27]  ; sirene_estrutural:inst|divisor_clock:div_clock|cnt[24]     ; clock        ; clock       ; 1.000        ; -0.073     ; 4.633      ;
; -3.704 ; sirene_estrutural:inst|divisor_clock:div_clock|cnt[27]  ; sirene_estrutural:inst|divisor_clock:div_clock|cnt[26]     ; clock        ; clock       ; 1.000        ; -0.073     ; 4.633      ;
; -3.704 ; sirene_estrutural:inst|divisor_clock:div_clock|cnt[27]  ; sirene_estrutural:inst|divisor_clock:div_clock|cnt[25]     ; clock        ; clock       ; 1.000        ; -0.073     ; 4.633      ;
; -3.704 ; sirene_estrutural:inst|divisor_clock:div_clock|cnt[27]  ; sirene_estrutural:inst|divisor_clock:div_clock|cnt[27]     ; clock        ; clock       ; 1.000        ; -0.073     ; 4.633      ;
; -3.704 ; sirene_estrutural:inst|divisor_clock:div_clock|cnt[27]  ; sirene_estrutural:inst|divisor_clock:div_clock|cnt[28]     ; clock        ; clock       ; 1.000        ; -0.073     ; 4.633      ;
; -3.704 ; sirene_estrutural:inst|divisor_clock:div_clock|cnt[27]  ; sirene_estrutural:inst|divisor_clock:div_clock|cnt[29]     ; clock        ; clock       ; 1.000        ; -0.073     ; 4.633      ;
; -3.704 ; sirene_estrutural:inst|divisor_clock:div_clock|cnt[27]  ; sirene_estrutural:inst|divisor_clock:div_clock|cnt[30]     ; clock        ; clock       ; 1.000        ; -0.073     ; 4.633      ;
; -3.701 ; sirene_estrutural:inst|temporizador:temp|cnt[3]         ; sirene_estrutural:inst|temporizador:temp|cnt[28]           ; clock        ; clock       ; 1.000        ; -0.073     ; 4.630      ;
; -3.693 ; sirene_estrutural:inst|temporizador:temp|cnt[2]         ; sirene_estrutural:inst|temporizador:temp|cnt[12]           ; clock        ; clock       ; 1.000        ; -0.075     ; 4.620      ;
; -3.689 ; sirene_estrutural:inst|temporizador:temp|cnt[2]         ; sirene_estrutural:inst|temporizador:temp|cnt[14]           ; clock        ; clock       ; 1.000        ; -0.075     ; 4.616      ;
; -3.687 ; sirene_estrutural:inst|divisor_clock:div_clock|cnt[15]  ; sirene_estrutural:inst|divisor_clock:div_clock|cnt[31]     ; clock        ; clock       ; 1.000        ; -0.073     ; 4.616      ;
; -3.687 ; sirene_estrutural:inst|divisor_clock:div_clock|cnt[15]  ; sirene_estrutural:inst|divisor_clock:div_clock|cnt[21]     ; clock        ; clock       ; 1.000        ; -0.073     ; 4.616      ;
; -3.687 ; sirene_estrutural:inst|divisor_clock:div_clock|cnt[15]  ; sirene_estrutural:inst|divisor_clock:div_clock|cnt[16]     ; clock        ; clock       ; 1.000        ; -0.073     ; 4.616      ;
; -3.687 ; sirene_estrutural:inst|divisor_clock:div_clock|cnt[15]  ; sirene_estrutural:inst|divisor_clock:div_clock|cnt[17]     ; clock        ; clock       ; 1.000        ; -0.073     ; 4.616      ;
; -3.687 ; sirene_estrutural:inst|divisor_clock:div_clock|cnt[15]  ; sirene_estrutural:inst|divisor_clock:div_clock|cnt[18]     ; clock        ; clock       ; 1.000        ; -0.073     ; 4.616      ;
; -3.687 ; sirene_estrutural:inst|divisor_clock:div_clock|cnt[15]  ; sirene_estrutural:inst|divisor_clock:div_clock|cnt[19]     ; clock        ; clock       ; 1.000        ; -0.073     ; 4.616      ;
; -3.687 ; sirene_estrutural:inst|divisor_clock:div_clock|cnt[15]  ; sirene_estrutural:inst|divisor_clock:div_clock|cnt[20]     ; clock        ; clock       ; 1.000        ; -0.073     ; 4.616      ;
; -3.687 ; sirene_estrutural:inst|divisor_clock:div_clock|cnt[15]  ; sirene_estrutural:inst|divisor_clock:div_clock|cnt[23]     ; clock        ; clock       ; 1.000        ; -0.073     ; 4.616      ;
; -3.687 ; sirene_estrutural:inst|divisor_clock:div_clock|cnt[15]  ; sirene_estrutural:inst|divisor_clock:div_clock|cnt[22]     ; clock        ; clock       ; 1.000        ; -0.073     ; 4.616      ;
; -3.687 ; sirene_estrutural:inst|divisor_clock:div_clock|cnt[15]  ; sirene_estrutural:inst|divisor_clock:div_clock|cnt[24]     ; clock        ; clock       ; 1.000        ; -0.073     ; 4.616      ;
; -3.687 ; sirene_estrutural:inst|divisor_clock:div_clock|cnt[15]  ; sirene_estrutural:inst|divisor_clock:div_clock|cnt[26]     ; clock        ; clock       ; 1.000        ; -0.073     ; 4.616      ;
; -3.687 ; sirene_estrutural:inst|divisor_clock:div_clock|cnt[15]  ; sirene_estrutural:inst|divisor_clock:div_clock|cnt[25]     ; clock        ; clock       ; 1.000        ; -0.073     ; 4.616      ;
; -3.687 ; sirene_estrutural:inst|divisor_clock:div_clock|cnt[15]  ; sirene_estrutural:inst|divisor_clock:div_clock|cnt[27]     ; clock        ; clock       ; 1.000        ; -0.073     ; 4.616      ;
; -3.687 ; sirene_estrutural:inst|divisor_clock:div_clock|cnt[15]  ; sirene_estrutural:inst|divisor_clock:div_clock|cnt[28]     ; clock        ; clock       ; 1.000        ; -0.073     ; 4.616      ;
; -3.687 ; sirene_estrutural:inst|divisor_clock:div_clock|cnt[15]  ; sirene_estrutural:inst|divisor_clock:div_clock|cnt[29]     ; clock        ; clock       ; 1.000        ; -0.073     ; 4.616      ;
; -3.687 ; sirene_estrutural:inst|divisor_clock:div_clock|cnt[15]  ; sirene_estrutural:inst|divisor_clock:div_clock|cnt[30]     ; clock        ; clock       ; 1.000        ; -0.073     ; 4.616      ;
; -3.685 ; sirene_estrutural:inst|temporizador:temp|cnt[1]         ; sirene_estrutural:inst|temporizador:temp|cnt[12]           ; clock        ; clock       ; 1.000        ; -0.075     ; 4.612      ;
; -3.682 ; sirene_estrutural:inst|temporizador:temp|cnt[2]         ; sirene_estrutural:inst|temporizador:temp|cnt[4]            ; clock        ; clock       ; 1.000        ; -0.075     ; 4.609      ;
+--------+---------------------------------------------------------+------------------------------------------------------------+--------------+-------------+--------------+------------+------------+


+-------------------------------------------------------------------------------------------------------------------------------------------------------------------------------------------------------+
; Slow 1200mV 0C Model Hold: 'clock'                                                                                                                                                                    ;
+-------+------------------------------------------------------------+------------------------------------------------------------+--------------+-------------+--------------+------------+------------+
; Slack ; From Node                                                  ; To Node                                                    ; Launch Clock ; Latch Clock ; Relationship ; Clock Skew ; Data Delay ;
+-------+------------------------------------------------------------+------------------------------------------------------------+--------------+-------------+--------------+------------+------------+
; 0.401 ; sirene_estrutural:inst|controlador:control|estado_atual.s1 ; sirene_estrutural:inst|controlador:control|estado_atual.s1 ; clock        ; clock       ; 0.000        ; 0.073      ; 0.669      ;
; 0.402 ; sirene_estrutural:inst|divisor_clock:div_clock|toggle      ; sirene_estrutural:inst|divisor_clock:div_clock|toggle      ; clock        ; clock       ; 0.000        ; 0.072      ; 0.669      ;
; 0.705 ; sirene_estrutural:inst|divisor_clock:div_clock|cnt[3]      ; sirene_estrutural:inst|divisor_clock:div_clock|cnt[3]      ; clock        ; clock       ; 0.000        ; 0.072      ; 0.972      ;
; 0.705 ; sirene_estrutural:inst|divisor_clock:div_clock|cnt[5]      ; sirene_estrutural:inst|divisor_clock:div_clock|cnt[5]      ; clock        ; clock       ; 0.000        ; 0.072      ; 0.972      ;
; 0.705 ; sirene_estrutural:inst|divisor_clock:div_clock|cnt[13]     ; sirene_estrutural:inst|divisor_clock:div_clock|cnt[13]     ; clock        ; clock       ; 0.000        ; 0.072      ; 0.972      ;
; 0.705 ; sirene_estrutural:inst|divisor_clock:div_clock|cnt[15]     ; sirene_estrutural:inst|divisor_clock:div_clock|cnt[15]     ; clock        ; clock       ; 0.000        ; 0.072      ; 0.972      ;
; 0.705 ; sirene_estrutural:inst|divisor_clock:div_clock|cnt[21]     ; sirene_estrutural:inst|divisor_clock:div_clock|cnt[21]     ; clock        ; clock       ; 0.000        ; 0.073      ; 0.973      ;
; 0.705 ; sirene_estrutural:inst|divisor_clock:div_clock|cnt[19]     ; sirene_estrutural:inst|divisor_clock:div_clock|cnt[19]     ; clock        ; clock       ; 0.000        ; 0.073      ; 0.973      ;
; 0.705 ; sirene_estrutural:inst|divisor_clock:div_clock|cnt[29]     ; sirene_estrutural:inst|divisor_clock:div_clock|cnt[29]     ; clock        ; clock       ; 0.000        ; 0.073      ; 0.973      ;
; 0.706 ; sirene_estrutural:inst|divisor_clock:div_clock|cnt[11]     ; sirene_estrutural:inst|divisor_clock:div_clock|cnt[11]     ; clock        ; clock       ; 0.000        ; 0.072      ; 0.973      ;
; 0.706 ; sirene_estrutural:inst|divisor_clock:div_clock|cnt[17]     ; sirene_estrutural:inst|divisor_clock:div_clock|cnt[17]     ; clock        ; clock       ; 0.000        ; 0.073      ; 0.974      ;
; 0.706 ; sirene_estrutural:inst|divisor_clock:div_clock|cnt[27]     ; sirene_estrutural:inst|divisor_clock:div_clock|cnt[27]     ; clock        ; clock       ; 0.000        ; 0.073      ; 0.974      ;
; 0.707 ; sirene_estrutural:inst|divisor_clock:div_clock|cnt[31]     ; sirene_estrutural:inst|divisor_clock:div_clock|cnt[31]     ; clock        ; clock       ; 0.000        ; 0.073      ; 0.975      ;
; 0.707 ; sirene_estrutural:inst|divisor_clock:div_clock|cnt[1]      ; sirene_estrutural:inst|divisor_clock:div_clock|cnt[1]      ; clock        ; clock       ; 0.000        ; 0.072      ; 0.974      ;
; 0.707 ; sirene_estrutural:inst|divisor_clock:div_clock|cnt[22]     ; sirene_estrutural:inst|divisor_clock:div_clock|cnt[22]     ; clock        ; clock       ; 0.000        ; 0.073      ; 0.975      ;
; 0.708 ; sirene_estrutural:inst|divisor_clock:div_clock|cnt[6]      ; sirene_estrutural:inst|divisor_clock:div_clock|cnt[6]      ; clock        ; clock       ; 0.000        ; 0.072      ; 0.975      ;
; 0.708 ; sirene_estrutural:inst|divisor_clock:div_clock|cnt[9]      ; sirene_estrutural:inst|divisor_clock:div_clock|cnt[9]      ; clock        ; clock       ; 0.000        ; 0.072      ; 0.975      ;
; 0.708 ; sirene_estrutural:inst|divisor_clock:div_clock|cnt[23]     ; sirene_estrutural:inst|divisor_clock:div_clock|cnt[23]     ; clock        ; clock       ; 0.000        ; 0.073      ; 0.976      ;
; 0.708 ; sirene_estrutural:inst|divisor_clock:div_clock|cnt[25]     ; sirene_estrutural:inst|divisor_clock:div_clock|cnt[25]     ; clock        ; clock       ; 0.000        ; 0.073      ; 0.976      ;
; 0.709 ; sirene_estrutural:inst|controlador:control|estado_atual.s1 ; sirene_estrutural:inst|controlador:control|estado_atual.s2 ; clock        ; clock       ; 0.000        ; 0.073      ; 0.977      ;
; 0.709 ; sirene_estrutural:inst|divisor_clock:div_clock|cnt[7]      ; sirene_estrutural:inst|divisor_clock:div_clock|cnt[7]      ; clock        ; clock       ; 0.000        ; 0.072      ; 0.976      ;
; 0.709 ; sirene_estrutural:inst|divisor_clock:div_clock|cnt[16]     ; sirene_estrutural:inst|divisor_clock:div_clock|cnt[16]     ; clock        ; clock       ; 0.000        ; 0.073      ; 0.977      ;
; 0.710 ; sirene_estrutural:inst|divisor_clock:div_clock|cnt[2]      ; sirene_estrutural:inst|divisor_clock:div_clock|cnt[2]      ; clock        ; clock       ; 0.000        ; 0.072      ; 0.977      ;
; 0.710 ; sirene_estrutural:inst|divisor_clock:div_clock|cnt[14]     ; sirene_estrutural:inst|divisor_clock:div_clock|cnt[14]     ; clock        ; clock       ; 0.000        ; 0.072      ; 0.977      ;
; 0.710 ; sirene_estrutural:inst|divisor_clock:div_clock|cnt[18]     ; sirene_estrutural:inst|divisor_clock:div_clock|cnt[18]     ; clock        ; clock       ; 0.000        ; 0.073      ; 0.978      ;
; 0.711 ; sirene_estrutural:inst|divisor_clock:div_clock|cnt[4]      ; sirene_estrutural:inst|divisor_clock:div_clock|cnt[4]      ; clock        ; clock       ; 0.000        ; 0.072      ; 0.978      ;
; 0.711 ; sirene_estrutural:inst|divisor_clock:div_clock|cnt[10]     ; sirene_estrutural:inst|divisor_clock:div_clock|cnt[10]     ; clock        ; clock       ; 0.000        ; 0.072      ; 0.978      ;
; 0.711 ; sirene_estrutural:inst|divisor_clock:div_clock|cnt[12]     ; sirene_estrutural:inst|divisor_clock:div_clock|cnt[12]     ; clock        ; clock       ; 0.000        ; 0.072      ; 0.978      ;
; 0.711 ; sirene_estrutural:inst|divisor_clock:div_clock|cnt[20]     ; sirene_estrutural:inst|divisor_clock:div_clock|cnt[20]     ; clock        ; clock       ; 0.000        ; 0.073      ; 0.979      ;
; 0.711 ; sirene_estrutural:inst|divisor_clock:div_clock|cnt[26]     ; sirene_estrutural:inst|divisor_clock:div_clock|cnt[26]     ; clock        ; clock       ; 0.000        ; 0.073      ; 0.979      ;
; 0.711 ; sirene_estrutural:inst|divisor_clock:div_clock|cnt[28]     ; sirene_estrutural:inst|divisor_clock:div_clock|cnt[28]     ; clock        ; clock       ; 0.000        ; 0.073      ; 0.979      ;
; 0.711 ; sirene_estrutural:inst|divisor_clock:div_clock|cnt[30]     ; sirene_estrutural:inst|divisor_clock:div_clock|cnt[30]     ; clock        ; clock       ; 0.000        ; 0.073      ; 0.979      ;
; 0.712 ; sirene_estrutural:inst|divisor_clock:div_clock|cnt[8]      ; sirene_estrutural:inst|divisor_clock:div_clock|cnt[8]      ; clock        ; clock       ; 0.000        ; 0.072      ; 0.979      ;
; 0.712 ; sirene_estrutural:inst|divisor_clock:div_clock|cnt[24]     ; sirene_estrutural:inst|divisor_clock:div_clock|cnt[24]     ; clock        ; clock       ; 0.000        ; 0.073      ; 0.980      ;
; 0.733 ; sirene_estrutural:inst|divisor_clock:div_clock|cnt[0]      ; sirene_estrutural:inst|divisor_clock:div_clock|cnt[0]      ; clock        ; clock       ; 0.000        ; 0.072      ; 1.000      ;
; 0.752 ; sirene_estrutural:inst|controlador:control|Disparo         ; sirene_estrutural:inst|temporizador:temp|cnt[15]           ; clock        ; clock       ; 0.000        ; 0.536      ; 1.483      ;
; 0.758 ; sirene_estrutural:inst|controlador:control|Disparo         ; sirene_estrutural:inst|temporizador:temp|cnt[11]           ; clock        ; clock       ; 0.000        ; 0.536      ; 1.489      ;
; 0.758 ; sirene_estrutural:inst|controlador:control|Disparo         ; sirene_estrutural:inst|temporizador:temp|cnt[13]           ; clock        ; clock       ; 0.000        ; 0.536      ; 1.489      ;
; 0.789 ; sirene_estrutural:inst|controlador:control|Disparo         ; sirene_estrutural:inst|temporizador:temp|cnt[25]           ; clock        ; clock       ; 0.000        ; 0.536      ; 1.520      ;
; 0.982 ; sirene_estrutural:inst|controlador:control|Freq_out[14]    ; sirene_estrutural:inst|temporizador:temp|cnt[15]           ; clock        ; clock       ; 0.000        ; 0.552      ; 1.729      ;
; 0.990 ; sirene_estrutural:inst|controlador:control|Freq_out[14]    ; sirene_estrutural:inst|temporizador:temp|cnt[11]           ; clock        ; clock       ; 0.000        ; 0.552      ; 1.737      ;
; 1.008 ; sirene_estrutural:inst|controlador:control|Disparo         ; sirene_estrutural:inst|temporizador:temp|cnt[16]           ; clock        ; clock       ; 0.000        ; 0.071      ; 1.274      ;
; 1.012 ; sirene_estrutural:inst|controlador:control|Disparo         ; sirene_estrutural:inst|temporizador:temp|cnt[19]           ; clock        ; clock       ; 0.000        ; 0.071      ; 1.278      ;
; 1.014 ; sirene_estrutural:inst|controlador:control|Disparo         ; sirene_estrutural:inst|temporizador:temp|cnt[18]           ; clock        ; clock       ; 0.000        ; 0.071      ; 1.280      ;
; 1.018 ; sirene_estrutural:inst|controlador:control|Disparo         ; sirene_estrutural:inst|temporizador:temp|cnt[24]           ; clock        ; clock       ; 0.000        ; 0.071      ; 1.284      ;
; 1.026 ; sirene_estrutural:inst|divisor_clock:div_clock|cnt[22]     ; sirene_estrutural:inst|divisor_clock:div_clock|cnt[23]     ; clock        ; clock       ; 0.000        ; 0.073      ; 1.294      ;
; 1.027 ; sirene_estrutural:inst|divisor_clock:div_clock|cnt[16]     ; sirene_estrutural:inst|divisor_clock:div_clock|cnt[17]     ; clock        ; clock       ; 0.000        ; 0.073      ; 1.295      ;
; 1.027 ; sirene_estrutural:inst|divisor_clock:div_clock|cnt[0]      ; sirene_estrutural:inst|divisor_clock:div_clock|cnt[1]      ; clock        ; clock       ; 0.000        ; 0.072      ; 1.294      ;
; 1.027 ; sirene_estrutural:inst|divisor_clock:div_clock|cnt[21]     ; sirene_estrutural:inst|divisor_clock:div_clock|cnt[22]     ; clock        ; clock       ; 0.000        ; 0.073      ; 1.295      ;
; 1.027 ; sirene_estrutural:inst|divisor_clock:div_clock|cnt[5]      ; sirene_estrutural:inst|divisor_clock:div_clock|cnt[6]      ; clock        ; clock       ; 0.000        ; 0.072      ; 1.294      ;
; 1.027 ; sirene_estrutural:inst|divisor_clock:div_clock|cnt[15]     ; sirene_estrutural:inst|divisor_clock:div_clock|cnt[16]     ; clock        ; clock       ; 0.000        ; 0.072      ; 1.294      ;
; 1.027 ; sirene_estrutural:inst|divisor_clock:div_clock|cnt[13]     ; sirene_estrutural:inst|divisor_clock:div_clock|cnt[14]     ; clock        ; clock       ; 0.000        ; 0.072      ; 1.294      ;
; 1.027 ; sirene_estrutural:inst|divisor_clock:div_clock|cnt[3]      ; sirene_estrutural:inst|divisor_clock:div_clock|cnt[4]      ; clock        ; clock       ; 0.000        ; 0.072      ; 1.294      ;
; 1.027 ; sirene_estrutural:inst|divisor_clock:div_clock|cnt[19]     ; sirene_estrutural:inst|divisor_clock:div_clock|cnt[20]     ; clock        ; clock       ; 0.000        ; 0.073      ; 1.295      ;
; 1.027 ; sirene_estrutural:inst|divisor_clock:div_clock|cnt[29]     ; sirene_estrutural:inst|divisor_clock:div_clock|cnt[30]     ; clock        ; clock       ; 0.000        ; 0.073      ; 1.295      ;
; 1.027 ; sirene_estrutural:inst|divisor_clock:div_clock|cnt[6]      ; sirene_estrutural:inst|divisor_clock:div_clock|cnt[7]      ; clock        ; clock       ; 0.000        ; 0.072      ; 1.294      ;
; 1.028 ; sirene_estrutural:inst|divisor_clock:div_clock|cnt[2]      ; sirene_estrutural:inst|divisor_clock:div_clock|cnt[3]      ; clock        ; clock       ; 0.000        ; 0.072      ; 1.295      ;
; 1.028 ; sirene_estrutural:inst|divisor_clock:div_clock|cnt[14]     ; sirene_estrutural:inst|divisor_clock:div_clock|cnt[15]     ; clock        ; clock       ; 0.000        ; 0.072      ; 1.295      ;
; 1.028 ; sirene_estrutural:inst|divisor_clock:div_clock|cnt[20]     ; sirene_estrutural:inst|divisor_clock:div_clock|cnt[21]     ; clock        ; clock       ; 0.000        ; 0.073      ; 1.296      ;
; 1.028 ; sirene_estrutural:inst|divisor_clock:div_clock|cnt[18]     ; sirene_estrutural:inst|divisor_clock:div_clock|cnt[19]     ; clock        ; clock       ; 0.000        ; 0.073      ; 1.296      ;
; 1.028 ; sirene_estrutural:inst|divisor_clock:div_clock|cnt[11]     ; sirene_estrutural:inst|divisor_clock:div_clock|cnt[12]     ; clock        ; clock       ; 0.000        ; 0.072      ; 1.295      ;
; 1.028 ; sirene_estrutural:inst|divisor_clock:div_clock|cnt[27]     ; sirene_estrutural:inst|divisor_clock:div_clock|cnt[28]     ; clock        ; clock       ; 0.000        ; 0.073      ; 1.296      ;
; 1.029 ; sirene_estrutural:inst|divisor_clock:div_clock|cnt[4]      ; sirene_estrutural:inst|divisor_clock:div_clock|cnt[5]      ; clock        ; clock       ; 0.000        ; 0.072      ; 1.296      ;
; 1.029 ; sirene_estrutural:inst|divisor_clock:div_clock|cnt[12]     ; sirene_estrutural:inst|divisor_clock:div_clock|cnt[13]     ; clock        ; clock       ; 0.000        ; 0.072      ; 1.296      ;
; 1.029 ; sirene_estrutural:inst|divisor_clock:div_clock|cnt[28]     ; sirene_estrutural:inst|divisor_clock:div_clock|cnt[29]     ; clock        ; clock       ; 0.000        ; 0.073      ; 1.297      ;
; 1.029 ; sirene_estrutural:inst|divisor_clock:div_clock|cnt[10]     ; sirene_estrutural:inst|divisor_clock:div_clock|cnt[11]     ; clock        ; clock       ; 0.000        ; 0.072      ; 1.296      ;
; 1.029 ; sirene_estrutural:inst|divisor_clock:div_clock|cnt[26]     ; sirene_estrutural:inst|divisor_clock:div_clock|cnt[27]     ; clock        ; clock       ; 0.000        ; 0.073      ; 1.297      ;
; 1.029 ; sirene_estrutural:inst|divisor_clock:div_clock|cnt[30]     ; sirene_estrutural:inst|divisor_clock:div_clock|cnt[31]     ; clock        ; clock       ; 0.000        ; 0.073      ; 1.297      ;
; 1.030 ; sirene_estrutural:inst|divisor_clock:div_clock|cnt[8]      ; sirene_estrutural:inst|divisor_clock:div_clock|cnt[9]      ; clock        ; clock       ; 0.000        ; 0.072      ; 1.297      ;
; 1.030 ; sirene_estrutural:inst|divisor_clock:div_clock|cnt[24]     ; sirene_estrutural:inst|divisor_clock:div_clock|cnt[25]     ; clock        ; clock       ; 0.000        ; 0.073      ; 1.298      ;
; 1.030 ; sirene_estrutural:inst|divisor_clock:div_clock|cnt[17]     ; sirene_estrutural:inst|divisor_clock:div_clock|cnt[18]     ; clock        ; clock       ; 0.000        ; 0.073      ; 1.298      ;
; 1.031 ; sirene_estrutural:inst|divisor_clock:div_clock|cnt[1]      ; sirene_estrutural:inst|divisor_clock:div_clock|cnt[2]      ; clock        ; clock       ; 0.000        ; 0.072      ; 1.298      ;
; 1.032 ; sirene_estrutural:inst|divisor_clock:div_clock|cnt[9]      ; sirene_estrutural:inst|divisor_clock:div_clock|cnt[10]     ; clock        ; clock       ; 0.000        ; 0.072      ; 1.299      ;
; 1.032 ; sirene_estrutural:inst|divisor_clock:div_clock|cnt[25]     ; sirene_estrutural:inst|divisor_clock:div_clock|cnt[26]     ; clock        ; clock       ; 0.000        ; 0.073      ; 1.300      ;
; 1.032 ; sirene_estrutural:inst|divisor_clock:div_clock|cnt[23]     ; sirene_estrutural:inst|divisor_clock:div_clock|cnt[24]     ; clock        ; clock       ; 0.000        ; 0.073      ; 1.300      ;
; 1.033 ; sirene_estrutural:inst|divisor_clock:div_clock|cnt[7]      ; sirene_estrutural:inst|divisor_clock:div_clock|cnt[8]      ; clock        ; clock       ; 0.000        ; 0.072      ; 1.300      ;
; 1.041 ; sirene_estrutural:inst|divisor_clock:div_clock|cnt[22]     ; sirene_estrutural:inst|divisor_clock:div_clock|cnt[24]     ; clock        ; clock       ; 0.000        ; 0.073      ; 1.309      ;
; 1.042 ; sirene_estrutural:inst|divisor_clock:div_clock|cnt[6]      ; sirene_estrutural:inst|divisor_clock:div_clock|cnt[8]      ; clock        ; clock       ; 0.000        ; 0.072      ; 1.309      ;
; 1.043 ; sirene_estrutural:inst|divisor_clock:div_clock|cnt[16]     ; sirene_estrutural:inst|divisor_clock:div_clock|cnt[18]     ; clock        ; clock       ; 0.000        ; 0.073      ; 1.311      ;
; 1.043 ; sirene_estrutural:inst|divisor_clock:div_clock|cnt[0]      ; sirene_estrutural:inst|divisor_clock:div_clock|cnt[2]      ; clock        ; clock       ; 0.000        ; 0.072      ; 1.310      ;
; 1.044 ; sirene_estrutural:inst|divisor_clock:div_clock|cnt[14]     ; sirene_estrutural:inst|divisor_clock:div_clock|cnt[16]     ; clock        ; clock       ; 0.000        ; 0.072      ; 1.311      ;
; 1.044 ; sirene_estrutural:inst|divisor_clock:div_clock|cnt[2]      ; sirene_estrutural:inst|divisor_clock:div_clock|cnt[4]      ; clock        ; clock       ; 0.000        ; 0.072      ; 1.311      ;
; 1.044 ; sirene_estrutural:inst|divisor_clock:div_clock|cnt[18]     ; sirene_estrutural:inst|divisor_clock:div_clock|cnt[20]     ; clock        ; clock       ; 0.000        ; 0.073      ; 1.312      ;
; 1.045 ; sirene_estrutural:inst|divisor_clock:div_clock|cnt[20]     ; sirene_estrutural:inst|divisor_clock:div_clock|cnt[22]     ; clock        ; clock       ; 0.000        ; 0.073      ; 1.313      ;
; 1.045 ; sirene_estrutural:inst|divisor_clock:div_clock|cnt[4]      ; sirene_estrutural:inst|divisor_clock:div_clock|cnt[6]      ; clock        ; clock       ; 0.000        ; 0.072      ; 1.312      ;
; 1.045 ; sirene_estrutural:inst|divisor_clock:div_clock|cnt[12]     ; sirene_estrutural:inst|divisor_clock:div_clock|cnt[14]     ; clock        ; clock       ; 0.000        ; 0.072      ; 1.312      ;
; 1.045 ; sirene_estrutural:inst|divisor_clock:div_clock|cnt[28]     ; sirene_estrutural:inst|divisor_clock:div_clock|cnt[30]     ; clock        ; clock       ; 0.000        ; 0.073      ; 1.313      ;
; 1.045 ; sirene_estrutural:inst|divisor_clock:div_clock|cnt[10]     ; sirene_estrutural:inst|divisor_clock:div_clock|cnt[12]     ; clock        ; clock       ; 0.000        ; 0.072      ; 1.312      ;
; 1.045 ; sirene_estrutural:inst|divisor_clock:div_clock|cnt[26]     ; sirene_estrutural:inst|divisor_clock:div_clock|cnt[28]     ; clock        ; clock       ; 0.000        ; 0.073      ; 1.313      ;
; 1.046 ; sirene_estrutural:inst|divisor_clock:div_clock|cnt[8]      ; sirene_estrutural:inst|divisor_clock:div_clock|cnt[10]     ; clock        ; clock       ; 0.000        ; 0.072      ; 1.313      ;
; 1.046 ; sirene_estrutural:inst|divisor_clock:div_clock|cnt[24]     ; sirene_estrutural:inst|divisor_clock:div_clock|cnt[26]     ; clock        ; clock       ; 0.000        ; 0.073      ; 1.314      ;
; 1.093 ; sirene_estrutural:inst|temporizador:temp|cnt[24]           ; sirene_estrutural:inst|temporizador:temp|cnt[25]           ; clock        ; clock       ; 0.000        ; 0.538      ; 1.826      ;
; 1.098 ; sirene_estrutural:inst|temporizador:temp|cnt[24]           ; sirene_estrutural:inst|temporizador:temp|cnt[26]           ; clock        ; clock       ; 0.000        ; 0.538      ; 1.831      ;
; 1.120 ; sirene_estrutural:inst|divisor_clock:div_clock|cnt[15]     ; sirene_estrutural:inst|divisor_clock:div_clock|cnt[17]     ; clock        ; clock       ; 0.000        ; 0.072      ; 1.387      ;
; 1.120 ; sirene_estrutural:inst|divisor_clock:div_clock|cnt[13]     ; sirene_estrutural:inst|divisor_clock:div_clock|cnt[15]     ; clock        ; clock       ; 0.000        ; 0.072      ; 1.387      ;
; 1.120 ; sirene_estrutural:inst|divisor_clock:div_clock|cnt[19]     ; sirene_estrutural:inst|divisor_clock:div_clock|cnt[21]     ; clock        ; clock       ; 0.000        ; 0.073      ; 1.388      ;
; 1.120 ; sirene_estrutural:inst|divisor_clock:div_clock|cnt[3]      ; sirene_estrutural:inst|divisor_clock:div_clock|cnt[5]      ; clock        ; clock       ; 0.000        ; 0.072      ; 1.387      ;
; 1.121 ; sirene_estrutural:inst|divisor_clock:div_clock|cnt[11]     ; sirene_estrutural:inst|divisor_clock:div_clock|cnt[13]     ; clock        ; clock       ; 0.000        ; 0.072      ; 1.388      ;
; 1.121 ; sirene_estrutural:inst|divisor_clock:div_clock|cnt[27]     ; sirene_estrutural:inst|divisor_clock:div_clock|cnt[29]     ; clock        ; clock       ; 0.000        ; 0.073      ; 1.389      ;
; 1.121 ; sirene_estrutural:inst|divisor_clock:div_clock|cnt[29]     ; sirene_estrutural:inst|divisor_clock:div_clock|cnt[31]     ; clock        ; clock       ; 0.000        ; 0.073      ; 1.389      ;
+-------+------------------------------------------------------------+------------------------------------------------------------+--------------+-------------+--------------+------------+------------+


----------------------------------------------
; Slow 1200mV 0C Model Metastability Summary ;
----------------------------------------------
Design MTBF is not calculated because the design doesn't meet its timing requirements.



+------------------------------------+
; Fast 1200mV 0C Model Setup Summary ;
+-------+--------+-------------------+
; Clock ; Slack  ; End Point TNS     ;
+-------+--------+-------------------+
; clock ; -1.413 ; -75.600           ;
+-------+--------+-------------------+


+-----------------------------------+
; Fast 1200mV 0C Model Hold Summary ;
+-------+-------+-------------------+
; Clock ; Slack ; End Point TNS     ;
+-------+-------+-------------------+
; clock ; 0.187 ; 0.000             ;
+-------+-------+-------------------+


-----------------------------------------
; Fast 1200mV 0C Model Recovery Summary ;
-----------------------------------------
No paths to report.


----------------------------------------
; Fast 1200mV 0C Model Removal Summary ;
----------------------------------------
No paths to report.


+--------------------------------------------------+
; Fast 1200mV 0C Model Minimum Pulse Width Summary ;
+-------+--------+---------------------------------+
; Clock ; Slack  ; End Point TNS                   ;
+-------+--------+---------------------------------+
; clock ; -3.000 ; -79.790                         ;
+-------+--------+---------------------------------+


+-----------------------------------------------------------------------------------------------------------------------------------------------------------------------------------------------------+
; Fast 1200mV 0C Model Setup: 'clock'                                                                                                                                                                 ;
+--------+---------------------------------------------------------+------------------------------------------------------------+--------------+-------------+--------------+------------+------------+
; Slack  ; From Node                                               ; To Node                                                    ; Launch Clock ; Latch Clock ; Relationship ; Clock Skew ; Data Delay ;
+--------+---------------------------------------------------------+------------------------------------------------------------+--------------+-------------+--------------+------------+------------+
; -1.413 ; sirene_estrutural:inst|temporizador:temp|cnt[1]         ; sirene_estrutural:inst|temporizador:temp|cnt[31]           ; clock        ; clock       ; 1.000        ; -0.036     ; 2.364      ;
; -1.382 ; sirene_estrutural:inst|temporizador:temp|cnt[0]         ; sirene_estrutural:inst|temporizador:temp|cnt[31]           ; clock        ; clock       ; 1.000        ; -0.036     ; 2.333      ;
; -1.376 ; sirene_estrutural:inst|temporizador:temp|cnt[1]         ; sirene_estrutural:inst|temporizador:temp|cnt[28]           ; clock        ; clock       ; 1.000        ; -0.036     ; 2.327      ;
; -1.361 ; sirene_estrutural:inst|temporizador:temp|cnt[3]         ; sirene_estrutural:inst|temporizador:temp|cnt[31]           ; clock        ; clock       ; 1.000        ; -0.036     ; 2.312      ;
; -1.356 ; sirene_estrutural:inst|temporizador:temp|cnt[2]         ; sirene_estrutural:inst|controlador:control|estado_atual.s2 ; clock        ; clock       ; 1.000        ; -0.036     ; 2.307      ;
; -1.356 ; sirene_estrutural:inst|temporizador:temp|cnt[2]         ; sirene_estrutural:inst|controlador:control|estado_atual.s0 ; clock        ; clock       ; 1.000        ; -0.036     ; 2.307      ;
; -1.354 ; sirene_estrutural:inst|temporizador:temp|cnt[1]         ; sirene_estrutural:inst|controlador:control|estado_atual.s2 ; clock        ; clock       ; 1.000        ; -0.036     ; 2.305      ;
; -1.354 ; sirene_estrutural:inst|temporizador:temp|cnt[1]         ; sirene_estrutural:inst|controlador:control|estado_atual.s0 ; clock        ; clock       ; 1.000        ; -0.036     ; 2.305      ;
; -1.341 ; sirene_estrutural:inst|temporizador:temp|cnt[0]         ; sirene_estrutural:inst|temporizador:temp|cnt[28]           ; clock        ; clock       ; 1.000        ; -0.036     ; 2.292      ;
; -1.324 ; sirene_estrutural:inst|temporizador:temp|cnt[3]         ; sirene_estrutural:inst|temporizador:temp|cnt[28]           ; clock        ; clock       ; 1.000        ; -0.036     ; 2.275      ;
; -1.322 ; sirene_estrutural:inst|temporizador:temp|cnt[1]         ; sirene_estrutural:inst|temporizador:temp|cnt[30]           ; clock        ; clock       ; 1.000        ; -0.036     ; 2.273      ;
; -1.322 ; sirene_estrutural:inst|temporizador:temp|cnt[2]         ; sirene_estrutural:inst|temporizador:temp|cnt[31]           ; clock        ; clock       ; 1.000        ; -0.036     ; 2.273      ;
; -1.287 ; sirene_estrutural:inst|temporizador:temp|cnt[0]         ; sirene_estrutural:inst|temporizador:temp|cnt[30]           ; clock        ; clock       ; 1.000        ; -0.036     ; 2.238      ;
; -1.275 ; sirene_estrutural:inst|temporizador:temp|cnt[2]         ; sirene_estrutural:inst|temporizador:temp|cnt[28]           ; clock        ; clock       ; 1.000        ; -0.036     ; 2.226      ;
; -1.272 ; sirene_estrutural:inst|temporizador:temp|cnt[1]         ; sirene_estrutural:inst|temporizador:temp|cnt[29]           ; clock        ; clock       ; 1.000        ; -0.036     ; 2.223      ;
; -1.270 ; sirene_estrutural:inst|temporizador:temp|cnt[3]         ; sirene_estrutural:inst|temporizador:temp|cnt[30]           ; clock        ; clock       ; 1.000        ; -0.036     ; 2.221      ;
; -1.267 ; sirene_estrutural:inst|temporizador:temp|cnt[0]         ; sirene_estrutural:inst|controlador:control|estado_atual.s2 ; clock        ; clock       ; 1.000        ; -0.036     ; 2.218      ;
; -1.267 ; sirene_estrutural:inst|temporizador:temp|cnt[0]         ; sirene_estrutural:inst|controlador:control|estado_atual.s0 ; clock        ; clock       ; 1.000        ; -0.036     ; 2.218      ;
; -1.241 ; sirene_estrutural:inst|temporizador:temp|cnt[0]         ; sirene_estrutural:inst|temporizador:temp|cnt[29]           ; clock        ; clock       ; 1.000        ; -0.036     ; 2.192      ;
; -1.235 ; sirene_estrutural:inst|temporizador:temp|cnt[2]         ; sirene_estrutural:inst|temporizador:temp|cnt[7]            ; clock        ; clock       ; 1.000        ; -0.038     ; 2.184      ;
; -1.233 ; sirene_estrutural:inst|temporizador:temp|cnt[1]         ; sirene_estrutural:inst|temporizador:temp|cnt[7]            ; clock        ; clock       ; 1.000        ; -0.038     ; 2.182      ;
; -1.222 ; sirene_estrutural:inst|temporizador:temp|cnt[2]         ; sirene_estrutural:inst|temporizador:temp|cnt[6]            ; clock        ; clock       ; 1.000        ; -0.038     ; 2.171      ;
; -1.222 ; sirene_estrutural:inst|temporizador:temp|cnt[2]         ; sirene_estrutural:inst|temporizador:temp|cnt[8]            ; clock        ; clock       ; 1.000        ; -0.038     ; 2.171      ;
; -1.221 ; sirene_estrutural:inst|temporizador:temp|cnt[2]         ; sirene_estrutural:inst|temporizador:temp|cnt[30]           ; clock        ; clock       ; 1.000        ; -0.036     ; 2.172      ;
; -1.220 ; sirene_estrutural:inst|temporizador:temp|cnt[3]         ; sirene_estrutural:inst|temporizador:temp|cnt[29]           ; clock        ; clock       ; 1.000        ; -0.036     ; 2.171      ;
; -1.220 ; sirene_estrutural:inst|temporizador:temp|cnt[1]         ; sirene_estrutural:inst|temporizador:temp|cnt[6]            ; clock        ; clock       ; 1.000        ; -0.038     ; 2.169      ;
; -1.220 ; sirene_estrutural:inst|temporizador:temp|cnt[1]         ; sirene_estrutural:inst|temporizador:temp|cnt[8]            ; clock        ; clock       ; 1.000        ; -0.038     ; 2.169      ;
; -1.212 ; sirene_estrutural:inst|temporizador:temp|cnt[3]         ; sirene_estrutural:inst|controlador:control|estado_atual.s2 ; clock        ; clock       ; 1.000        ; -0.036     ; 2.163      ;
; -1.212 ; sirene_estrutural:inst|temporizador:temp|cnt[3]         ; sirene_estrutural:inst|controlador:control|estado_atual.s0 ; clock        ; clock       ; 1.000        ; -0.036     ; 2.163      ;
; -1.203 ; sirene_estrutural:inst|temporizador:temp|cnt[1]         ; sirene_estrutural:inst|temporizador:temp|cnt[27]           ; clock        ; clock       ; 1.000        ; -0.036     ; 2.154      ;
; -1.192 ; sirene_estrutural:inst|controlador:control|Freq_out[14] ; sirene_estrutural:inst|divisor_clock:div_clock|cnt[31]     ; clock        ; clock       ; 1.000        ; -0.039     ; 2.140      ;
; -1.192 ; sirene_estrutural:inst|controlador:control|Freq_out[14] ; sirene_estrutural:inst|divisor_clock:div_clock|cnt[21]     ; clock        ; clock       ; 1.000        ; -0.039     ; 2.140      ;
; -1.192 ; sirene_estrutural:inst|controlador:control|Freq_out[14] ; sirene_estrutural:inst|divisor_clock:div_clock|cnt[16]     ; clock        ; clock       ; 1.000        ; -0.039     ; 2.140      ;
; -1.192 ; sirene_estrutural:inst|controlador:control|Freq_out[14] ; sirene_estrutural:inst|divisor_clock:div_clock|cnt[17]     ; clock        ; clock       ; 1.000        ; -0.039     ; 2.140      ;
; -1.192 ; sirene_estrutural:inst|controlador:control|Freq_out[14] ; sirene_estrutural:inst|divisor_clock:div_clock|cnt[18]     ; clock        ; clock       ; 1.000        ; -0.039     ; 2.140      ;
; -1.192 ; sirene_estrutural:inst|controlador:control|Freq_out[14] ; sirene_estrutural:inst|divisor_clock:div_clock|cnt[19]     ; clock        ; clock       ; 1.000        ; -0.039     ; 2.140      ;
; -1.192 ; sirene_estrutural:inst|controlador:control|Freq_out[14] ; sirene_estrutural:inst|divisor_clock:div_clock|cnt[20]     ; clock        ; clock       ; 1.000        ; -0.039     ; 2.140      ;
; -1.192 ; sirene_estrutural:inst|controlador:control|Freq_out[14] ; sirene_estrutural:inst|divisor_clock:div_clock|cnt[23]     ; clock        ; clock       ; 1.000        ; -0.039     ; 2.140      ;
; -1.192 ; sirene_estrutural:inst|controlador:control|Freq_out[14] ; sirene_estrutural:inst|divisor_clock:div_clock|cnt[22]     ; clock        ; clock       ; 1.000        ; -0.039     ; 2.140      ;
; -1.192 ; sirene_estrutural:inst|controlador:control|Freq_out[14] ; sirene_estrutural:inst|divisor_clock:div_clock|cnt[24]     ; clock        ; clock       ; 1.000        ; -0.039     ; 2.140      ;
; -1.192 ; sirene_estrutural:inst|controlador:control|Freq_out[14] ; sirene_estrutural:inst|divisor_clock:div_clock|cnt[26]     ; clock        ; clock       ; 1.000        ; -0.039     ; 2.140      ;
; -1.192 ; sirene_estrutural:inst|controlador:control|Freq_out[14] ; sirene_estrutural:inst|divisor_clock:div_clock|cnt[25]     ; clock        ; clock       ; 1.000        ; -0.039     ; 2.140      ;
; -1.192 ; sirene_estrutural:inst|controlador:control|Freq_out[14] ; sirene_estrutural:inst|divisor_clock:div_clock|cnt[27]     ; clock        ; clock       ; 1.000        ; -0.039     ; 2.140      ;
; -1.192 ; sirene_estrutural:inst|controlador:control|Freq_out[14] ; sirene_estrutural:inst|divisor_clock:div_clock|cnt[28]     ; clock        ; clock       ; 1.000        ; -0.039     ; 2.140      ;
; -1.192 ; sirene_estrutural:inst|controlador:control|Freq_out[14] ; sirene_estrutural:inst|divisor_clock:div_clock|cnt[29]     ; clock        ; clock       ; 1.000        ; -0.039     ; 2.140      ;
; -1.192 ; sirene_estrutural:inst|controlador:control|Freq_out[14] ; sirene_estrutural:inst|divisor_clock:div_clock|cnt[30]     ; clock        ; clock       ; 1.000        ; -0.039     ; 2.140      ;
; -1.189 ; sirene_estrutural:inst|temporizador:temp|cnt[1]         ; sirene_estrutural:inst|temporizador:temp|cnt[24]           ; clock        ; clock       ; 1.000        ; -0.038     ; 2.138      ;
; -1.181 ; sirene_estrutural:inst|temporizador:temp|cnt[2]         ; sirene_estrutural:inst|temporizador:temp|cnt[29]           ; clock        ; clock       ; 1.000        ; -0.036     ; 2.132      ;
; -1.172 ; sirene_estrutural:inst|temporizador:temp|cnt[0]         ; sirene_estrutural:inst|temporizador:temp|cnt[27]           ; clock        ; clock       ; 1.000        ; -0.036     ; 2.123      ;
; -1.154 ; sirene_estrutural:inst|temporizador:temp|cnt[0]         ; sirene_estrutural:inst|temporizador:temp|cnt[24]           ; clock        ; clock       ; 1.000        ; -0.038     ; 2.103      ;
; -1.152 ; sirene_estrutural:inst|divisor_clock:div_clock|cnt[14]  ; sirene_estrutural:inst|divisor_clock:div_clock|cnt[31]     ; clock        ; clock       ; 1.000        ; -0.037     ; 2.102      ;
; -1.152 ; sirene_estrutural:inst|divisor_clock:div_clock|cnt[14]  ; sirene_estrutural:inst|divisor_clock:div_clock|cnt[21]     ; clock        ; clock       ; 1.000        ; -0.037     ; 2.102      ;
; -1.152 ; sirene_estrutural:inst|divisor_clock:div_clock|cnt[14]  ; sirene_estrutural:inst|divisor_clock:div_clock|cnt[16]     ; clock        ; clock       ; 1.000        ; -0.037     ; 2.102      ;
; -1.152 ; sirene_estrutural:inst|divisor_clock:div_clock|cnt[14]  ; sirene_estrutural:inst|divisor_clock:div_clock|cnt[17]     ; clock        ; clock       ; 1.000        ; -0.037     ; 2.102      ;
; -1.152 ; sirene_estrutural:inst|divisor_clock:div_clock|cnt[14]  ; sirene_estrutural:inst|divisor_clock:div_clock|cnt[18]     ; clock        ; clock       ; 1.000        ; -0.037     ; 2.102      ;
; -1.152 ; sirene_estrutural:inst|divisor_clock:div_clock|cnt[14]  ; sirene_estrutural:inst|divisor_clock:div_clock|cnt[19]     ; clock        ; clock       ; 1.000        ; -0.037     ; 2.102      ;
; -1.152 ; sirene_estrutural:inst|divisor_clock:div_clock|cnt[14]  ; sirene_estrutural:inst|divisor_clock:div_clock|cnt[20]     ; clock        ; clock       ; 1.000        ; -0.037     ; 2.102      ;
; -1.152 ; sirene_estrutural:inst|divisor_clock:div_clock|cnt[14]  ; sirene_estrutural:inst|divisor_clock:div_clock|cnt[23]     ; clock        ; clock       ; 1.000        ; -0.037     ; 2.102      ;
; -1.152 ; sirene_estrutural:inst|divisor_clock:div_clock|cnt[14]  ; sirene_estrutural:inst|divisor_clock:div_clock|cnt[22]     ; clock        ; clock       ; 1.000        ; -0.037     ; 2.102      ;
; -1.152 ; sirene_estrutural:inst|divisor_clock:div_clock|cnt[14]  ; sirene_estrutural:inst|divisor_clock:div_clock|cnt[24]     ; clock        ; clock       ; 1.000        ; -0.037     ; 2.102      ;
; -1.152 ; sirene_estrutural:inst|divisor_clock:div_clock|cnt[14]  ; sirene_estrutural:inst|divisor_clock:div_clock|cnt[26]     ; clock        ; clock       ; 1.000        ; -0.037     ; 2.102      ;
; -1.152 ; sirene_estrutural:inst|divisor_clock:div_clock|cnt[14]  ; sirene_estrutural:inst|divisor_clock:div_clock|cnt[25]     ; clock        ; clock       ; 1.000        ; -0.037     ; 2.102      ;
; -1.152 ; sirene_estrutural:inst|divisor_clock:div_clock|cnt[14]  ; sirene_estrutural:inst|divisor_clock:div_clock|cnt[27]     ; clock        ; clock       ; 1.000        ; -0.037     ; 2.102      ;
; -1.152 ; sirene_estrutural:inst|divisor_clock:div_clock|cnt[14]  ; sirene_estrutural:inst|divisor_clock:div_clock|cnt[28]     ; clock        ; clock       ; 1.000        ; -0.037     ; 2.102      ;
; -1.152 ; sirene_estrutural:inst|divisor_clock:div_clock|cnt[14]  ; sirene_estrutural:inst|divisor_clock:div_clock|cnt[29]     ; clock        ; clock       ; 1.000        ; -0.037     ; 2.102      ;
; -1.152 ; sirene_estrutural:inst|divisor_clock:div_clock|cnt[14]  ; sirene_estrutural:inst|divisor_clock:div_clock|cnt[30]     ; clock        ; clock       ; 1.000        ; -0.037     ; 2.102      ;
; -1.151 ; sirene_estrutural:inst|temporizador:temp|cnt[3]         ; sirene_estrutural:inst|temporizador:temp|cnt[27]           ; clock        ; clock       ; 1.000        ; -0.036     ; 2.102      ;
; -1.146 ; sirene_estrutural:inst|temporizador:temp|cnt[11]        ; sirene_estrutural:inst|controlador:control|estado_atual.s2 ; clock        ; clock       ; 1.000        ; -0.235     ; 1.898      ;
; -1.146 ; sirene_estrutural:inst|temporizador:temp|cnt[11]        ; sirene_estrutural:inst|controlador:control|estado_atual.s0 ; clock        ; clock       ; 1.000        ; -0.235     ; 1.898      ;
; -1.146 ; sirene_estrutural:inst|temporizador:temp|cnt[0]         ; sirene_estrutural:inst|temporizador:temp|cnt[7]            ; clock        ; clock       ; 1.000        ; -0.038     ; 2.095      ;
; -1.138 ; sirene_estrutural:inst|temporizador:temp|cnt[2]         ; sirene_estrutural:inst|temporizador:temp|cnt[12]           ; clock        ; clock       ; 1.000        ; -0.038     ; 2.087      ;
; -1.137 ; sirene_estrutural:inst|temporizador:temp|cnt[3]         ; sirene_estrutural:inst|temporizador:temp|cnt[24]           ; clock        ; clock       ; 1.000        ; -0.038     ; 2.086      ;
; -1.136 ; sirene_estrutural:inst|temporizador:temp|cnt[1]         ; sirene_estrutural:inst|temporizador:temp|cnt[12]           ; clock        ; clock       ; 1.000        ; -0.038     ; 2.085      ;
; -1.133 ; sirene_estrutural:inst|temporizador:temp|cnt[2]         ; sirene_estrutural:inst|temporizador:temp|cnt[14]           ; clock        ; clock       ; 1.000        ; -0.038     ; 2.082      ;
; -1.133 ; sirene_estrutural:inst|temporizador:temp|cnt[11]        ; sirene_estrutural:inst|temporizador:temp|cnt[31]           ; clock        ; clock       ; 1.000        ; -0.235     ; 1.885      ;
; -1.133 ; sirene_estrutural:inst|temporizador:temp|cnt[0]         ; sirene_estrutural:inst|temporizador:temp|cnt[6]            ; clock        ; clock       ; 1.000        ; -0.038     ; 2.082      ;
; -1.133 ; sirene_estrutural:inst|temporizador:temp|cnt[0]         ; sirene_estrutural:inst|temporizador:temp|cnt[8]            ; clock        ; clock       ; 1.000        ; -0.038     ; 2.082      ;
; -1.131 ; sirene_estrutural:inst|temporizador:temp|cnt[1]         ; sirene_estrutural:inst|temporizador:temp|cnt[14]           ; clock        ; clock       ; 1.000        ; -0.038     ; 2.080      ;
; -1.120 ; sirene_estrutural:inst|temporizador:temp|cnt[5]         ; sirene_estrutural:inst|temporizador:temp|cnt[31]           ; clock        ; clock       ; 1.000        ; -0.035     ; 2.072      ;
; -1.118 ; sirene_estrutural:inst|divisor_clock:div_clock|cnt[19]  ; sirene_estrutural:inst|divisor_clock:div_clock|cnt[31]     ; clock        ; clock       ; 1.000        ; -0.036     ; 2.069      ;
; -1.118 ; sirene_estrutural:inst|divisor_clock:div_clock|cnt[19]  ; sirene_estrutural:inst|divisor_clock:div_clock|cnt[21]     ; clock        ; clock       ; 1.000        ; -0.036     ; 2.069      ;
; -1.118 ; sirene_estrutural:inst|divisor_clock:div_clock|cnt[19]  ; sirene_estrutural:inst|divisor_clock:div_clock|cnt[16]     ; clock        ; clock       ; 1.000        ; -0.036     ; 2.069      ;
; -1.118 ; sirene_estrutural:inst|divisor_clock:div_clock|cnt[19]  ; sirene_estrutural:inst|divisor_clock:div_clock|cnt[17]     ; clock        ; clock       ; 1.000        ; -0.036     ; 2.069      ;
; -1.118 ; sirene_estrutural:inst|divisor_clock:div_clock|cnt[19]  ; sirene_estrutural:inst|divisor_clock:div_clock|cnt[18]     ; clock        ; clock       ; 1.000        ; -0.036     ; 2.069      ;
; -1.118 ; sirene_estrutural:inst|divisor_clock:div_clock|cnt[19]  ; sirene_estrutural:inst|divisor_clock:div_clock|cnt[19]     ; clock        ; clock       ; 1.000        ; -0.036     ; 2.069      ;
; -1.118 ; sirene_estrutural:inst|divisor_clock:div_clock|cnt[19]  ; sirene_estrutural:inst|divisor_clock:div_clock|cnt[20]     ; clock        ; clock       ; 1.000        ; -0.036     ; 2.069      ;
; -1.118 ; sirene_estrutural:inst|divisor_clock:div_clock|cnt[19]  ; sirene_estrutural:inst|divisor_clock:div_clock|cnt[23]     ; clock        ; clock       ; 1.000        ; -0.036     ; 2.069      ;
; -1.118 ; sirene_estrutural:inst|divisor_clock:div_clock|cnt[19]  ; sirene_estrutural:inst|divisor_clock:div_clock|cnt[22]     ; clock        ; clock       ; 1.000        ; -0.036     ; 2.069      ;
; -1.118 ; sirene_estrutural:inst|divisor_clock:div_clock|cnt[19]  ; sirene_estrutural:inst|divisor_clock:div_clock|cnt[24]     ; clock        ; clock       ; 1.000        ; -0.036     ; 2.069      ;
; -1.118 ; sirene_estrutural:inst|divisor_clock:div_clock|cnt[19]  ; sirene_estrutural:inst|divisor_clock:div_clock|cnt[26]     ; clock        ; clock       ; 1.000        ; -0.036     ; 2.069      ;
; -1.118 ; sirene_estrutural:inst|divisor_clock:div_clock|cnt[19]  ; sirene_estrutural:inst|divisor_clock:div_clock|cnt[25]     ; clock        ; clock       ; 1.000        ; -0.036     ; 2.069      ;
; -1.118 ; sirene_estrutural:inst|divisor_clock:div_clock|cnt[19]  ; sirene_estrutural:inst|divisor_clock:div_clock|cnt[27]     ; clock        ; clock       ; 1.000        ; -0.036     ; 2.069      ;
; -1.118 ; sirene_estrutural:inst|divisor_clock:div_clock|cnt[19]  ; sirene_estrutural:inst|divisor_clock:div_clock|cnt[28]     ; clock        ; clock       ; 1.000        ; -0.036     ; 2.069      ;
; -1.118 ; sirene_estrutural:inst|divisor_clock:div_clock|cnt[19]  ; sirene_estrutural:inst|divisor_clock:div_clock|cnt[29]     ; clock        ; clock       ; 1.000        ; -0.036     ; 2.069      ;
; -1.118 ; sirene_estrutural:inst|divisor_clock:div_clock|cnt[19]  ; sirene_estrutural:inst|divisor_clock:div_clock|cnt[30]     ; clock        ; clock       ; 1.000        ; -0.036     ; 2.069      ;
; -1.112 ; sirene_estrutural:inst|temporizador:temp|cnt[2]         ; sirene_estrutural:inst|temporizador:temp|cnt[4]            ; clock        ; clock       ; 1.000        ; -0.038     ; 2.061      ;
; -1.112 ; sirene_estrutural:inst|temporizador:temp|cnt[2]         ; sirene_estrutural:inst|temporizador:temp|cnt[27]           ; clock        ; clock       ; 1.000        ; -0.036     ; 2.063      ;
; -1.110 ; sirene_estrutural:inst|temporizador:temp|cnt[2]         ; sirene_estrutural:inst|temporizador:temp|cnt[10]           ; clock        ; clock       ; 1.000        ; -0.038     ; 2.059      ;
; -1.110 ; sirene_estrutural:inst|temporizador:temp|cnt[1]         ; sirene_estrutural:inst|temporizador:temp|cnt[4]            ; clock        ; clock       ; 1.000        ; -0.038     ; 2.059      ;
; -1.108 ; sirene_estrutural:inst|temporizador:temp|cnt[2]         ; sirene_estrutural:inst|temporizador:temp|cnt[5]            ; clock        ; clock       ; 1.000        ; -0.038     ; 2.057      ;
+--------+---------------------------------------------------------+------------------------------------------------------------+--------------+-------------+--------------+------------+------------+


+-------------------------------------------------------------------------------------------------------------------------------------------------------------------------------------------------------+
; Fast 1200mV 0C Model Hold: 'clock'                                                                                                                                                                    ;
+-------+------------------------------------------------------------+------------------------------------------------------------+--------------+-------------+--------------+------------+------------+
; Slack ; From Node                                                  ; To Node                                                    ; Launch Clock ; Latch Clock ; Relationship ; Clock Skew ; Data Delay ;
+-------+------------------------------------------------------------+------------------------------------------------------------+--------------+-------------+--------------+------------+------------+
; 0.187 ; sirene_estrutural:inst|divisor_clock:div_clock|toggle      ; sirene_estrutural:inst|divisor_clock:div_clock|toggle      ; clock        ; clock       ; 0.000        ; 0.036      ; 0.307      ;
; 0.187 ; sirene_estrutural:inst|controlador:control|estado_atual.s1 ; sirene_estrutural:inst|controlador:control|estado_atual.s1 ; clock        ; clock       ; 0.000        ; 0.036      ; 0.307      ;
; 0.303 ; sirene_estrutural:inst|divisor_clock:div_clock|cnt[15]     ; sirene_estrutural:inst|divisor_clock:div_clock|cnt[15]     ; clock        ; clock       ; 0.000        ; 0.036      ; 0.423      ;
; 0.304 ; sirene_estrutural:inst|divisor_clock:div_clock|cnt[31]     ; sirene_estrutural:inst|divisor_clock:div_clock|cnt[31]     ; clock        ; clock       ; 0.000        ; 0.036      ; 0.424      ;
; 0.304 ; sirene_estrutural:inst|divisor_clock:div_clock|cnt[3]      ; sirene_estrutural:inst|divisor_clock:div_clock|cnt[3]      ; clock        ; clock       ; 0.000        ; 0.036      ; 0.424      ;
; 0.304 ; sirene_estrutural:inst|divisor_clock:div_clock|cnt[5]      ; sirene_estrutural:inst|divisor_clock:div_clock|cnt[5]      ; clock        ; clock       ; 0.000        ; 0.036      ; 0.424      ;
; 0.304 ; sirene_estrutural:inst|divisor_clock:div_clock|cnt[13]     ; sirene_estrutural:inst|divisor_clock:div_clock|cnt[13]     ; clock        ; clock       ; 0.000        ; 0.036      ; 0.424      ;
; 0.305 ; sirene_estrutural:inst|divisor_clock:div_clock|cnt[1]      ; sirene_estrutural:inst|divisor_clock:div_clock|cnt[1]      ; clock        ; clock       ; 0.000        ; 0.036      ; 0.425      ;
; 0.305 ; sirene_estrutural:inst|divisor_clock:div_clock|cnt[6]      ; sirene_estrutural:inst|divisor_clock:div_clock|cnt[6]      ; clock        ; clock       ; 0.000        ; 0.036      ; 0.425      ;
; 0.305 ; sirene_estrutural:inst|divisor_clock:div_clock|cnt[7]      ; sirene_estrutural:inst|divisor_clock:div_clock|cnt[7]      ; clock        ; clock       ; 0.000        ; 0.036      ; 0.425      ;
; 0.305 ; sirene_estrutural:inst|divisor_clock:div_clock|cnt[11]     ; sirene_estrutural:inst|divisor_clock:div_clock|cnt[11]     ; clock        ; clock       ; 0.000        ; 0.036      ; 0.425      ;
; 0.305 ; sirene_estrutural:inst|divisor_clock:div_clock|cnt[21]     ; sirene_estrutural:inst|divisor_clock:div_clock|cnt[21]     ; clock        ; clock       ; 0.000        ; 0.036      ; 0.425      ;
; 0.305 ; sirene_estrutural:inst|divisor_clock:div_clock|cnt[17]     ; sirene_estrutural:inst|divisor_clock:div_clock|cnt[17]     ; clock        ; clock       ; 0.000        ; 0.036      ; 0.425      ;
; 0.305 ; sirene_estrutural:inst|divisor_clock:div_clock|cnt[19]     ; sirene_estrutural:inst|divisor_clock:div_clock|cnt[19]     ; clock        ; clock       ; 0.000        ; 0.036      ; 0.425      ;
; 0.305 ; sirene_estrutural:inst|divisor_clock:div_clock|cnt[27]     ; sirene_estrutural:inst|divisor_clock:div_clock|cnt[27]     ; clock        ; clock       ; 0.000        ; 0.036      ; 0.425      ;
; 0.305 ; sirene_estrutural:inst|divisor_clock:div_clock|cnt[29]     ; sirene_estrutural:inst|divisor_clock:div_clock|cnt[29]     ; clock        ; clock       ; 0.000        ; 0.036      ; 0.425      ;
; 0.306 ; sirene_estrutural:inst|divisor_clock:div_clock|cnt[2]      ; sirene_estrutural:inst|divisor_clock:div_clock|cnt[2]      ; clock        ; clock       ; 0.000        ; 0.036      ; 0.426      ;
; 0.306 ; sirene_estrutural:inst|divisor_clock:div_clock|cnt[8]      ; sirene_estrutural:inst|divisor_clock:div_clock|cnt[8]      ; clock        ; clock       ; 0.000        ; 0.036      ; 0.426      ;
; 0.306 ; sirene_estrutural:inst|divisor_clock:div_clock|cnt[9]      ; sirene_estrutural:inst|divisor_clock:div_clock|cnt[9]      ; clock        ; clock       ; 0.000        ; 0.036      ; 0.426      ;
; 0.306 ; sirene_estrutural:inst|divisor_clock:div_clock|cnt[14]     ; sirene_estrutural:inst|divisor_clock:div_clock|cnt[14]     ; clock        ; clock       ; 0.000        ; 0.036      ; 0.426      ;
; 0.306 ; sirene_estrutural:inst|divisor_clock:div_clock|cnt[16]     ; sirene_estrutural:inst|divisor_clock:div_clock|cnt[16]     ; clock        ; clock       ; 0.000        ; 0.036      ; 0.426      ;
; 0.306 ; sirene_estrutural:inst|divisor_clock:div_clock|cnt[23]     ; sirene_estrutural:inst|divisor_clock:div_clock|cnt[23]     ; clock        ; clock       ; 0.000        ; 0.036      ; 0.426      ;
; 0.306 ; sirene_estrutural:inst|divisor_clock:div_clock|cnt[22]     ; sirene_estrutural:inst|divisor_clock:div_clock|cnt[22]     ; clock        ; clock       ; 0.000        ; 0.036      ; 0.426      ;
; 0.306 ; sirene_estrutural:inst|divisor_clock:div_clock|cnt[25]     ; sirene_estrutural:inst|divisor_clock:div_clock|cnt[25]     ; clock        ; clock       ; 0.000        ; 0.036      ; 0.426      ;
; 0.306 ; sirene_estrutural:inst|controlador:control|estado_atual.s1 ; sirene_estrutural:inst|controlador:control|estado_atual.s2 ; clock        ; clock       ; 0.000        ; 0.036      ; 0.426      ;
; 0.307 ; sirene_estrutural:inst|divisor_clock:div_clock|cnt[4]      ; sirene_estrutural:inst|divisor_clock:div_clock|cnt[4]      ; clock        ; clock       ; 0.000        ; 0.036      ; 0.427      ;
; 0.307 ; sirene_estrutural:inst|divisor_clock:div_clock|cnt[10]     ; sirene_estrutural:inst|divisor_clock:div_clock|cnt[10]     ; clock        ; clock       ; 0.000        ; 0.036      ; 0.427      ;
; 0.307 ; sirene_estrutural:inst|divisor_clock:div_clock|cnt[12]     ; sirene_estrutural:inst|divisor_clock:div_clock|cnt[12]     ; clock        ; clock       ; 0.000        ; 0.036      ; 0.427      ;
; 0.307 ; sirene_estrutural:inst|divisor_clock:div_clock|cnt[18]     ; sirene_estrutural:inst|divisor_clock:div_clock|cnt[18]     ; clock        ; clock       ; 0.000        ; 0.036      ; 0.427      ;
; 0.307 ; sirene_estrutural:inst|divisor_clock:div_clock|cnt[20]     ; sirene_estrutural:inst|divisor_clock:div_clock|cnt[20]     ; clock        ; clock       ; 0.000        ; 0.036      ; 0.427      ;
; 0.307 ; sirene_estrutural:inst|divisor_clock:div_clock|cnt[24]     ; sirene_estrutural:inst|divisor_clock:div_clock|cnt[24]     ; clock        ; clock       ; 0.000        ; 0.036      ; 0.427      ;
; 0.307 ; sirene_estrutural:inst|divisor_clock:div_clock|cnt[30]     ; sirene_estrutural:inst|divisor_clock:div_clock|cnt[30]     ; clock        ; clock       ; 0.000        ; 0.036      ; 0.427      ;
; 0.308 ; sirene_estrutural:inst|divisor_clock:div_clock|cnt[26]     ; sirene_estrutural:inst|divisor_clock:div_clock|cnt[26]     ; clock        ; clock       ; 0.000        ; 0.036      ; 0.428      ;
; 0.308 ; sirene_estrutural:inst|divisor_clock:div_clock|cnt[28]     ; sirene_estrutural:inst|divisor_clock:div_clock|cnt[28]     ; clock        ; clock       ; 0.000        ; 0.036      ; 0.428      ;
; 0.316 ; sirene_estrutural:inst|divisor_clock:div_clock|cnt[0]      ; sirene_estrutural:inst|divisor_clock:div_clock|cnt[0]      ; clock        ; clock       ; 0.000        ; 0.036      ; 0.436      ;
; 0.329 ; sirene_estrutural:inst|controlador:control|Disparo         ; sirene_estrutural:inst|temporizador:temp|cnt[15]           ; clock        ; clock       ; 0.000        ; 0.235      ; 0.648      ;
; 0.335 ; sirene_estrutural:inst|controlador:control|Disparo         ; sirene_estrutural:inst|temporizador:temp|cnt[13]           ; clock        ; clock       ; 0.000        ; 0.235      ; 0.654      ;
; 0.336 ; sirene_estrutural:inst|controlador:control|Disparo         ; sirene_estrutural:inst|temporizador:temp|cnt[11]           ; clock        ; clock       ; 0.000        ; 0.235      ; 0.655      ;
; 0.364 ; sirene_estrutural:inst|controlador:control|Disparo         ; sirene_estrutural:inst|temporizador:temp|cnt[25]           ; clock        ; clock       ; 0.000        ; 0.235      ; 0.683      ;
; 0.440 ; sirene_estrutural:inst|controlador:control|Disparo         ; sirene_estrutural:inst|temporizador:temp|cnt[16]           ; clock        ; clock       ; 0.000        ; 0.035      ; 0.559      ;
; 0.443 ; sirene_estrutural:inst|controlador:control|Disparo         ; sirene_estrutural:inst|temporizador:temp|cnt[19]           ; clock        ; clock       ; 0.000        ; 0.035      ; 0.562      ;
; 0.445 ; sirene_estrutural:inst|controlador:control|Disparo         ; sirene_estrutural:inst|temporizador:temp|cnt[18]           ; clock        ; clock       ; 0.000        ; 0.035      ; 0.564      ;
; 0.448 ; sirene_estrutural:inst|controlador:control|Disparo         ; sirene_estrutural:inst|temporizador:temp|cnt[24]           ; clock        ; clock       ; 0.000        ; 0.035      ; 0.567      ;
; 0.453 ; sirene_estrutural:inst|divisor_clock:div_clock|cnt[5]      ; sirene_estrutural:inst|divisor_clock:div_clock|cnt[6]      ; clock        ; clock       ; 0.000        ; 0.036      ; 0.573      ;
; 0.453 ; sirene_estrutural:inst|divisor_clock:div_clock|cnt[13]     ; sirene_estrutural:inst|divisor_clock:div_clock|cnt[14]     ; clock        ; clock       ; 0.000        ; 0.036      ; 0.573      ;
; 0.453 ; sirene_estrutural:inst|divisor_clock:div_clock|cnt[15]     ; sirene_estrutural:inst|divisor_clock:div_clock|cnt[16]     ; clock        ; clock       ; 0.000        ; 0.035      ; 0.572      ;
; 0.453 ; sirene_estrutural:inst|divisor_clock:div_clock|cnt[3]      ; sirene_estrutural:inst|divisor_clock:div_clock|cnt[4]      ; clock        ; clock       ; 0.000        ; 0.036      ; 0.573      ;
; 0.454 ; sirene_estrutural:inst|divisor_clock:div_clock|cnt[1]      ; sirene_estrutural:inst|divisor_clock:div_clock|cnt[2]      ; clock        ; clock       ; 0.000        ; 0.036      ; 0.574      ;
; 0.454 ; sirene_estrutural:inst|divisor_clock:div_clock|cnt[7]      ; sirene_estrutural:inst|divisor_clock:div_clock|cnt[8]      ; clock        ; clock       ; 0.000        ; 0.036      ; 0.574      ;
; 0.454 ; sirene_estrutural:inst|divisor_clock:div_clock|cnt[21]     ; sirene_estrutural:inst|divisor_clock:div_clock|cnt[22]     ; clock        ; clock       ; 0.000        ; 0.036      ; 0.574      ;
; 0.454 ; sirene_estrutural:inst|divisor_clock:div_clock|cnt[11]     ; sirene_estrutural:inst|divisor_clock:div_clock|cnt[12]     ; clock        ; clock       ; 0.000        ; 0.036      ; 0.574      ;
; 0.454 ; sirene_estrutural:inst|divisor_clock:div_clock|cnt[17]     ; sirene_estrutural:inst|divisor_clock:div_clock|cnt[18]     ; clock        ; clock       ; 0.000        ; 0.036      ; 0.574      ;
; 0.454 ; sirene_estrutural:inst|divisor_clock:div_clock|cnt[19]     ; sirene_estrutural:inst|divisor_clock:div_clock|cnt[20]     ; clock        ; clock       ; 0.000        ; 0.036      ; 0.574      ;
; 0.454 ; sirene_estrutural:inst|divisor_clock:div_clock|cnt[29]     ; sirene_estrutural:inst|divisor_clock:div_clock|cnt[30]     ; clock        ; clock       ; 0.000        ; 0.036      ; 0.574      ;
; 0.454 ; sirene_estrutural:inst|divisor_clock:div_clock|cnt[27]     ; sirene_estrutural:inst|divisor_clock:div_clock|cnt[28]     ; clock        ; clock       ; 0.000        ; 0.036      ; 0.574      ;
; 0.455 ; sirene_estrutural:inst|divisor_clock:div_clock|cnt[9]      ; sirene_estrutural:inst|divisor_clock:div_clock|cnt[10]     ; clock        ; clock       ; 0.000        ; 0.036      ; 0.575      ;
; 0.455 ; sirene_estrutural:inst|divisor_clock:div_clock|cnt[23]     ; sirene_estrutural:inst|divisor_clock:div_clock|cnt[24]     ; clock        ; clock       ; 0.000        ; 0.036      ; 0.575      ;
; 0.455 ; sirene_estrutural:inst|divisor_clock:div_clock|cnt[25]     ; sirene_estrutural:inst|divisor_clock:div_clock|cnt[26]     ; clock        ; clock       ; 0.000        ; 0.036      ; 0.575      ;
; 0.463 ; sirene_estrutural:inst|controlador:control|Freq_out[14]    ; sirene_estrutural:inst|temporizador:temp|cnt[11]           ; clock        ; clock       ; 0.000        ; 0.248      ; 0.795      ;
; 0.463 ; sirene_estrutural:inst|divisor_clock:div_clock|cnt[0]      ; sirene_estrutural:inst|divisor_clock:div_clock|cnt[1]      ; clock        ; clock       ; 0.000        ; 0.036      ; 0.583      ;
; 0.463 ; sirene_estrutural:inst|divisor_clock:div_clock|cnt[6]      ; sirene_estrutural:inst|divisor_clock:div_clock|cnt[7]      ; clock        ; clock       ; 0.000        ; 0.036      ; 0.583      ;
; 0.464 ; sirene_estrutural:inst|divisor_clock:div_clock|cnt[14]     ; sirene_estrutural:inst|divisor_clock:div_clock|cnt[15]     ; clock        ; clock       ; 0.000        ; 0.036      ; 0.584      ;
; 0.464 ; sirene_estrutural:inst|divisor_clock:div_clock|cnt[2]      ; sirene_estrutural:inst|divisor_clock:div_clock|cnt[3]      ; clock        ; clock       ; 0.000        ; 0.036      ; 0.584      ;
; 0.464 ; sirene_estrutural:inst|divisor_clock:div_clock|cnt[16]     ; sirene_estrutural:inst|divisor_clock:div_clock|cnt[17]     ; clock        ; clock       ; 0.000        ; 0.036      ; 0.584      ;
; 0.464 ; sirene_estrutural:inst|divisor_clock:div_clock|cnt[8]      ; sirene_estrutural:inst|divisor_clock:div_clock|cnt[9]      ; clock        ; clock       ; 0.000        ; 0.036      ; 0.584      ;
; 0.464 ; sirene_estrutural:inst|divisor_clock:div_clock|cnt[22]     ; sirene_estrutural:inst|divisor_clock:div_clock|cnt[23]     ; clock        ; clock       ; 0.000        ; 0.036      ; 0.584      ;
; 0.465 ; sirene_estrutural:inst|divisor_clock:div_clock|cnt[30]     ; sirene_estrutural:inst|divisor_clock:div_clock|cnt[31]     ; clock        ; clock       ; 0.000        ; 0.036      ; 0.585      ;
; 0.465 ; sirene_estrutural:inst|divisor_clock:div_clock|cnt[4]      ; sirene_estrutural:inst|divisor_clock:div_clock|cnt[5]      ; clock        ; clock       ; 0.000        ; 0.036      ; 0.585      ;
; 0.465 ; sirene_estrutural:inst|divisor_clock:div_clock|cnt[12]     ; sirene_estrutural:inst|divisor_clock:div_clock|cnt[13]     ; clock        ; clock       ; 0.000        ; 0.036      ; 0.585      ;
; 0.465 ; sirene_estrutural:inst|divisor_clock:div_clock|cnt[10]     ; sirene_estrutural:inst|divisor_clock:div_clock|cnt[11]     ; clock        ; clock       ; 0.000        ; 0.036      ; 0.585      ;
; 0.465 ; sirene_estrutural:inst|divisor_clock:div_clock|cnt[20]     ; sirene_estrutural:inst|divisor_clock:div_clock|cnt[21]     ; clock        ; clock       ; 0.000        ; 0.036      ; 0.585      ;
; 0.465 ; sirene_estrutural:inst|divisor_clock:div_clock|cnt[18]     ; sirene_estrutural:inst|divisor_clock:div_clock|cnt[19]     ; clock        ; clock       ; 0.000        ; 0.036      ; 0.585      ;
; 0.465 ; sirene_estrutural:inst|divisor_clock:div_clock|cnt[24]     ; sirene_estrutural:inst|divisor_clock:div_clock|cnt[25]     ; clock        ; clock       ; 0.000        ; 0.036      ; 0.585      ;
; 0.466 ; sirene_estrutural:inst|divisor_clock:div_clock|cnt[26]     ; sirene_estrutural:inst|divisor_clock:div_clock|cnt[27]     ; clock        ; clock       ; 0.000        ; 0.036      ; 0.586      ;
; 0.466 ; sirene_estrutural:inst|divisor_clock:div_clock|cnt[28]     ; sirene_estrutural:inst|divisor_clock:div_clock|cnt[29]     ; clock        ; clock       ; 0.000        ; 0.036      ; 0.586      ;
; 0.466 ; sirene_estrutural:inst|divisor_clock:div_clock|cnt[0]      ; sirene_estrutural:inst|divisor_clock:div_clock|cnt[2]      ; clock        ; clock       ; 0.000        ; 0.036      ; 0.586      ;
; 0.466 ; sirene_estrutural:inst|divisor_clock:div_clock|cnt[6]      ; sirene_estrutural:inst|divisor_clock:div_clock|cnt[8]      ; clock        ; clock       ; 0.000        ; 0.036      ; 0.586      ;
; 0.467 ; sirene_estrutural:inst|divisor_clock:div_clock|cnt[2]      ; sirene_estrutural:inst|divisor_clock:div_clock|cnt[4]      ; clock        ; clock       ; 0.000        ; 0.036      ; 0.587      ;
; 0.467 ; sirene_estrutural:inst|divisor_clock:div_clock|cnt[16]     ; sirene_estrutural:inst|divisor_clock:div_clock|cnt[18]     ; clock        ; clock       ; 0.000        ; 0.036      ; 0.587      ;
; 0.467 ; sirene_estrutural:inst|divisor_clock:div_clock|cnt[8]      ; sirene_estrutural:inst|divisor_clock:div_clock|cnt[10]     ; clock        ; clock       ; 0.000        ; 0.036      ; 0.587      ;
; 0.467 ; sirene_estrutural:inst|divisor_clock:div_clock|cnt[22]     ; sirene_estrutural:inst|divisor_clock:div_clock|cnt[24]     ; clock        ; clock       ; 0.000        ; 0.036      ; 0.587      ;
; 0.468 ; sirene_estrutural:inst|divisor_clock:div_clock|cnt[4]      ; sirene_estrutural:inst|divisor_clock:div_clock|cnt[6]      ; clock        ; clock       ; 0.000        ; 0.036      ; 0.588      ;
; 0.468 ; sirene_estrutural:inst|divisor_clock:div_clock|cnt[12]     ; sirene_estrutural:inst|divisor_clock:div_clock|cnt[14]     ; clock        ; clock       ; 0.000        ; 0.036      ; 0.588      ;
; 0.468 ; sirene_estrutural:inst|divisor_clock:div_clock|cnt[14]     ; sirene_estrutural:inst|divisor_clock:div_clock|cnt[16]     ; clock        ; clock       ; 0.000        ; 0.035      ; 0.587      ;
; 0.468 ; sirene_estrutural:inst|divisor_clock:div_clock|cnt[20]     ; sirene_estrutural:inst|divisor_clock:div_clock|cnt[22]     ; clock        ; clock       ; 0.000        ; 0.036      ; 0.588      ;
; 0.468 ; sirene_estrutural:inst|divisor_clock:div_clock|cnt[10]     ; sirene_estrutural:inst|divisor_clock:div_clock|cnt[12]     ; clock        ; clock       ; 0.000        ; 0.036      ; 0.588      ;
; 0.468 ; sirene_estrutural:inst|divisor_clock:div_clock|cnt[18]     ; sirene_estrutural:inst|divisor_clock:div_clock|cnt[20]     ; clock        ; clock       ; 0.000        ; 0.036      ; 0.588      ;
; 0.468 ; sirene_estrutural:inst|divisor_clock:div_clock|cnt[24]     ; sirene_estrutural:inst|divisor_clock:div_clock|cnt[26]     ; clock        ; clock       ; 0.000        ; 0.036      ; 0.588      ;
; 0.469 ; sirene_estrutural:inst|controlador:control|Freq_out[14]    ; sirene_estrutural:inst|temporizador:temp|cnt[15]           ; clock        ; clock       ; 0.000        ; 0.248      ; 0.801      ;
; 0.469 ; sirene_estrutural:inst|divisor_clock:div_clock|cnt[28]     ; sirene_estrutural:inst|divisor_clock:div_clock|cnt[30]     ; clock        ; clock       ; 0.000        ; 0.036      ; 0.589      ;
; 0.469 ; sirene_estrutural:inst|divisor_clock:div_clock|cnt[26]     ; sirene_estrutural:inst|divisor_clock:div_clock|cnt[28]     ; clock        ; clock       ; 0.000        ; 0.036      ; 0.589      ;
; 0.511 ; sirene_estrutural:inst|temporizador:temp|cnt[24]           ; sirene_estrutural:inst|temporizador:temp|cnt[25]           ; clock        ; clock       ; 0.000        ; 0.237      ; 0.832      ;
; 0.515 ; sirene_estrutural:inst|temporizador:temp|cnt[24]           ; sirene_estrutural:inst|temporizador:temp|cnt[26]           ; clock        ; clock       ; 0.000        ; 0.237      ; 0.836      ;
; 0.516 ; sirene_estrutural:inst|divisor_clock:div_clock|cnt[5]      ; sirene_estrutural:inst|divisor_clock:div_clock|cnt[7]      ; clock        ; clock       ; 0.000        ; 0.036      ; 0.636      ;
; 0.516 ; sirene_estrutural:inst|divisor_clock:div_clock|cnt[13]     ; sirene_estrutural:inst|divisor_clock:div_clock|cnt[15]     ; clock        ; clock       ; 0.000        ; 0.036      ; 0.636      ;
; 0.516 ; sirene_estrutural:inst|divisor_clock:div_clock|cnt[15]     ; sirene_estrutural:inst|divisor_clock:div_clock|cnt[17]     ; clock        ; clock       ; 0.000        ; 0.035      ; 0.635      ;
; 0.516 ; sirene_estrutural:inst|divisor_clock:div_clock|cnt[3]      ; sirene_estrutural:inst|divisor_clock:div_clock|cnt[5]      ; clock        ; clock       ; 0.000        ; 0.036      ; 0.636      ;
; 0.517 ; sirene_estrutural:inst|divisor_clock:div_clock|cnt[1]      ; sirene_estrutural:inst|divisor_clock:div_clock|cnt[3]      ; clock        ; clock       ; 0.000        ; 0.036      ; 0.637      ;
; 0.517 ; sirene_estrutural:inst|divisor_clock:div_clock|cnt[7]      ; sirene_estrutural:inst|divisor_clock:div_clock|cnt[9]      ; clock        ; clock       ; 0.000        ; 0.036      ; 0.637      ;
; 0.517 ; sirene_estrutural:inst|divisor_clock:div_clock|cnt[21]     ; sirene_estrutural:inst|divisor_clock:div_clock|cnt[23]     ; clock        ; clock       ; 0.000        ; 0.036      ; 0.637      ;
+-------+------------------------------------------------------------+------------------------------------------------------------+--------------+-------------+--------------+------------+------------+


----------------------------------------------
; Fast 1200mV 0C Model Metastability Summary ;
----------------------------------------------
Design MTBF is not calculated because the design doesn't meet its timing requirements.



+--------------------------------------------------------------------------------+
; Multicorner Timing Analysis Summary                                            ;
+------------------+----------+-------+----------+---------+---------------------+
; Clock            ; Setup    ; Hold  ; Recovery ; Removal ; Minimum Pulse Width ;
+------------------+----------+-------+----------+---------+---------------------+
; Worst-case Slack ; -4.610   ; 0.187 ; N/A      ; N/A     ; -3.000              ;
;  clock           ; -4.610   ; 0.187 ; N/A      ; N/A     ; -3.000              ;
; Design-wide TNS  ; -272.319 ; 0.0   ; 0.0      ; 0.0     ; -110.064            ;
;  clock           ; -272.319 ; 0.000 ; N/A      ; N/A     ; -110.064            ;
+------------------+----------+-------+----------+---------+---------------------+


+------------------------------------------------------------------------------------------------------------------------------------------------------------------------------------------------------------------------------------------------------------------------------------------------------------------------------------------------------------------------------------------------------------------+
; Board Trace Model Assignments                                                                                                                                                                                                                                                                                                                                                                                    ;
+---------------+--------------+-------------------+-------------------------+-------------------------+---------------+---------------------+----------------+------------------+--------+------------------+------------------------+------------------------+--------------+---------------+-----------------+-------+---------------------+--------------------+---------------+-----------------+-------------+
; Pin           ; I/O Standard ; Near Tline Length ; Near Tline L per Length ; Near Tline C per Length ; Near Series R ; Near Differential R ; Near Pull-up R ; Near Pull-down R ; Near C ; Far Tline Length ; Far Tline L per Length ; Far Tline C per Length ; Far Series R ; Far Pull-up R ; Far Pull-down R ; Far C ; Termination Voltage ; Far Differential R ; EBD File Name ; EBD Signal Name ; EBD Far-end ;
+---------------+--------------+-------------------+-------------------------+-------------------------+---------------+---------------------+----------------+------------------+--------+------------------+------------------------+------------------------+--------------+---------------+-----------------+-------+---------------------+--------------------+---------------+-----------------+-------------+
; buzzer        ; 2.5 V        ; 0 in              ; 0 H/in                  ; 0 F/in                  ; short         ; -                   ; open           ; open             ; open   ; 0 in             ; 0 H/in                 ; 0 F/in                 ; short        ; open          ; open            ; open  ; 0 V                 ; -                  ; n/a           ; n/a             ; n/a         ;
; ~ALTERA_DCLK~ ; 2.5 V        ; 0 in              ; 0 H/in                  ; 0 F/in                  ; short         ; -                   ; open           ; open             ; open   ; 0 in             ; 0 H/in                 ; 0 F/in                 ; short        ; open          ; open            ; open  ; 0 V                 ; -                  ; n/a           ; n/a             ; n/a         ;
; ~ALTERA_nCEO~ ; 2.5 V        ; 0 in              ; 0 H/in                  ; 0 F/in                  ; short         ; -                   ; open           ; open             ; open   ; 0 in             ; 0 H/in                 ; 0 F/in                 ; short        ; open          ; open            ; open  ; 0 V                 ; -                  ; n/a           ; n/a             ; n/a         ;
+---------------+--------------+-------------------+-------------------------+-------------------------+---------------+---------------------+----------------+------------------+--------+------------------+------------------------+------------------------+--------------+---------------+-----------------+-------+---------------------+--------------------+---------------+-----------------+-------------+


+----------------------------------------------------------------------------+
; Input Transition Times                                                     ;
+-------------------------+--------------+-----------------+-----------------+
; Pin                     ; I/O Standard ; 10-90 Rise Time ; 90-10 Fall Time ;
+-------------------------+--------------+-----------------+-----------------+
; clock                   ; 2.5 V        ; 2000 ps         ; 2000 ps         ;
; key[1]                  ; 2.5 V        ; 2000 ps         ; 2000 ps         ;
; key[2]                  ; 2.5 V        ; 2000 ps         ; 2000 ps         ;
; ~ALTERA_ASDO_DATA1~     ; 2.5 V        ; 2000 ps         ; 2000 ps         ;
; ~ALTERA_FLASH_nCE_nCSO~ ; 2.5 V        ; 2000 ps         ; 2000 ps         ;
; ~ALTERA_DATA0~          ; 2.5 V        ; 2000 ps         ; 2000 ps         ;
+-------------------------+--------------+-----------------+-----------------+


+--------------------------------------------------------------------------------------------------------------------------------------------------------------------------------------------------------------------------------------------------------------------------------------------------------------------------------------------------------------------------------------------------------------------------------------------------------------------------------------------------------------------------------------------------------------------------------------------------------------------------------------------------------------------------------------------+
; Signal Integrity Metrics (Slow 1200mv 0c Model)                                                                                                                                                                                                                                                                                                                                                                                                                                                                                                                                                                                                                                            ;
+---------------+--------------+---------------------+---------------------+------------------------------+------------------------------+---------------------+---------------------+--------------------------------------+--------------------------------------+-----------------------------+-----------------------------+----------------------------+----------------------------+-----------------------------+-----------------------------+--------------------+--------------------+-------------------------------------+-------------------------------------+----------------------------+----------------------------+---------------------------+---------------------------+
; Pin           ; I/O Standard ; Board Delay on Rise ; Board Delay on Fall ; Steady State Voh at FPGA Pin ; Steady State Vol at FPGA Pin ; Voh Max at FPGA Pin ; Vol Min at FPGA Pin ; Ringback Voltage on Rise at FPGA Pin ; Ringback Voltage on Fall at FPGA Pin ; 10-90 Rise Time at FPGA Pin ; 90-10 Fall Time at FPGA Pin ; Monotonic Rise at FPGA Pin ; Monotonic Fall at FPGA Pin ; Steady State Voh at Far-end ; Steady State Vol at Far-end ; Voh Max at Far-end ; Vol Min at Far-end ; Ringback Voltage on Rise at Far-end ; Ringback Voltage on Fall at Far-end ; 10-90 Rise Time at Far-end ; 90-10 Fall Time at Far-end ; Monotonic Rise at Far-end ; Monotonic Fall at Far-end ;
+---------------+--------------+---------------------+---------------------+------------------------------+------------------------------+---------------------+---------------------+--------------------------------------+--------------------------------------+-----------------------------+-----------------------------+----------------------------+----------------------------+-----------------------------+-----------------------------+--------------------+--------------------+-------------------------------------+-------------------------------------+----------------------------+----------------------------+---------------------------+---------------------------+
; buzzer        ; 2.5 V        ; 0 s                 ; 0 s                 ; 2.32 V                       ; 2.8e-09 V                    ; 2.37 V              ; -0.00373 V          ; 0.104 V                              ; 0.011 V                              ; 4.34e-10 s                  ; 3.82e-10 s                  ; Yes                        ; Yes                        ; 2.32 V                      ; 2.8e-09 V                   ; 2.37 V             ; -0.00373 V         ; 0.104 V                             ; 0.011 V                             ; 4.34e-10 s                 ; 3.82e-10 s                 ; Yes                       ; Yes                       ;
; ~ALTERA_DCLK~ ; 2.5 V        ; 0 s                 ; 0 s                 ; 2.32 V                       ; 1.74e-09 V                   ; 2.37 V              ; -0.0346 V           ; 0.198 V                              ; 0.094 V                              ; 3.14e-10 s                  ; 2.92e-10 s                  ; Yes                        ; Yes                        ; 2.32 V                      ; 1.74e-09 V                  ; 2.37 V             ; -0.0346 V          ; 0.198 V                             ; 0.094 V                             ; 3.14e-10 s                 ; 2.92e-10 s                 ; Yes                       ; Yes                       ;
; ~ALTERA_nCEO~ ; 2.5 V        ; 0 s                 ; 0 s                 ; 2.32 V                       ; 2.57e-09 V                   ; 2.37 V              ; -0.00683 V          ; 0.171 V                              ; 0.018 V                              ; 4.97e-10 s                  ; 6.66e-10 s                  ; Yes                        ; Yes                        ; 2.32 V                      ; 2.57e-09 V                  ; 2.37 V             ; -0.00683 V         ; 0.171 V                             ; 0.018 V                             ; 4.97e-10 s                 ; 6.66e-10 s                 ; Yes                       ; Yes                       ;
+---------------+--------------+---------------------+---------------------+------------------------------+------------------------------+---------------------+---------------------+--------------------------------------+--------------------------------------+-----------------------------+-----------------------------+----------------------------+----------------------------+-----------------------------+-----------------------------+--------------------+--------------------+-------------------------------------+-------------------------------------+----------------------------+----------------------------+---------------------------+---------------------------+


+--------------------------------------------------------------------------------------------------------------------------------------------------------------------------------------------------------------------------------------------------------------------------------------------------------------------------------------------------------------------------------------------------------------------------------------------------------------------------------------------------------------------------------------------------------------------------------------------------------------------------------------------------------------------------------------------+
; Signal Integrity Metrics (Slow 1200mv 85c Model)                                                                                                                                                                                                                                                                                                                                                                                                                                                                                                                                                                                                                                           ;
+---------------+--------------+---------------------+---------------------+------------------------------+------------------------------+---------------------+---------------------+--------------------------------------+--------------------------------------+-----------------------------+-----------------------------+----------------------------+----------------------------+-----------------------------+-----------------------------+--------------------+--------------------+-------------------------------------+-------------------------------------+----------------------------+----------------------------+---------------------------+---------------------------+
; Pin           ; I/O Standard ; Board Delay on Rise ; Board Delay on Fall ; Steady State Voh at FPGA Pin ; Steady State Vol at FPGA Pin ; Voh Max at FPGA Pin ; Vol Min at FPGA Pin ; Ringback Voltage on Rise at FPGA Pin ; Ringback Voltage on Fall at FPGA Pin ; 10-90 Rise Time at FPGA Pin ; 90-10 Fall Time at FPGA Pin ; Monotonic Rise at FPGA Pin ; Monotonic Fall at FPGA Pin ; Steady State Voh at Far-end ; Steady State Vol at Far-end ; Voh Max at Far-end ; Vol Min at Far-end ; Ringback Voltage on Rise at Far-end ; Ringback Voltage on Fall at Far-end ; 10-90 Rise Time at Far-end ; 90-10 Fall Time at Far-end ; Monotonic Rise at Far-end ; Monotonic Fall at Far-end ;
+---------------+--------------+---------------------+---------------------+------------------------------+------------------------------+---------------------+---------------------+--------------------------------------+--------------------------------------+-----------------------------+-----------------------------+----------------------------+----------------------------+-----------------------------+-----------------------------+--------------------+--------------------+-------------------------------------+-------------------------------------+----------------------------+----------------------------+---------------------------+---------------------------+
; buzzer        ; 2.5 V        ; 0 s                 ; 0 s                 ; 2.32 V                       ; 2.85e-07 V                   ; 2.35 V              ; -0.0123 V           ; 0.144 V                              ; 0.042 V                              ; 4.81e-10 s                  ; 4.81e-10 s                  ; Yes                        ; Yes                        ; 2.32 V                      ; 2.85e-07 V                  ; 2.35 V             ; -0.0123 V          ; 0.144 V                             ; 0.042 V                             ; 4.81e-10 s                 ; 4.81e-10 s                 ; Yes                       ; Yes                       ;
; ~ALTERA_DCLK~ ; 2.5 V        ; 0 s                 ; 0 s                 ; 2.32 V                       ; 1.55e-07 V                   ; 2.35 V              ; -0.00221 V          ; 0.097 V                              ; 0.005 V                              ; 4.49e-10 s                  ; 3.85e-10 s                  ; Yes                        ; Yes                        ; 2.32 V                      ; 1.55e-07 V                  ; 2.35 V             ; -0.00221 V         ; 0.097 V                             ; 0.005 V                             ; 4.49e-10 s                 ; 3.85e-10 s                 ; Yes                       ; Yes                       ;
; ~ALTERA_nCEO~ ; 2.5 V        ; 0 s                 ; 0 s                 ; 2.32 V                       ; 2.54e-07 V                   ; 2.34 V              ; -0.00774 V          ; 0.109 V                              ; 0.026 V                              ; 6.58e-10 s                  ; 8.24e-10 s                  ; Yes                        ; Yes                        ; 2.32 V                      ; 2.54e-07 V                  ; 2.34 V             ; -0.00774 V         ; 0.109 V                             ; 0.026 V                             ; 6.58e-10 s                 ; 8.24e-10 s                 ; Yes                       ; Yes                       ;
+---------------+--------------+---------------------+---------------------+------------------------------+------------------------------+---------------------+---------------------+--------------------------------------+--------------------------------------+-----------------------------+-----------------------------+----------------------------+----------------------------+-----------------------------+-----------------------------+--------------------+--------------------+-------------------------------------+-------------------------------------+----------------------------+----------------------------+---------------------------+---------------------------+


+--------------------------------------------------------------------------------------------------------------------------------------------------------------------------------------------------------------------------------------------------------------------------------------------------------------------------------------------------------------------------------------------------------------------------------------------------------------------------------------------------------------------------------------------------------------------------------------------------------------------------------------------------------------------------------------------+
; Signal Integrity Metrics (Fast 1200mv 0c Model)                                                                                                                                                                                                                                                                                                                                                                                                                                                                                                                                                                                                                                            ;
+---------------+--------------+---------------------+---------------------+------------------------------+------------------------------+---------------------+---------------------+--------------------------------------+--------------------------------------+-----------------------------+-----------------------------+----------------------------+----------------------------+-----------------------------+-----------------------------+--------------------+--------------------+-------------------------------------+-------------------------------------+----------------------------+----------------------------+---------------------------+---------------------------+
; Pin           ; I/O Standard ; Board Delay on Rise ; Board Delay on Fall ; Steady State Voh at FPGA Pin ; Steady State Vol at FPGA Pin ; Voh Max at FPGA Pin ; Vol Min at FPGA Pin ; Ringback Voltage on Rise at FPGA Pin ; Ringback Voltage on Fall at FPGA Pin ; 10-90 Rise Time at FPGA Pin ; 90-10 Fall Time at FPGA Pin ; Monotonic Rise at FPGA Pin ; Monotonic Fall at FPGA Pin ; Steady State Voh at Far-end ; Steady State Vol at Far-end ; Voh Max at Far-end ; Vol Min at Far-end ; Ringback Voltage on Rise at Far-end ; Ringback Voltage on Fall at Far-end ; 10-90 Rise Time at Far-end ; 90-10 Fall Time at Far-end ; Monotonic Rise at Far-end ; Monotonic Fall at Far-end ;
+---------------+--------------+---------------------+---------------------+------------------------------+------------------------------+---------------------+---------------------+--------------------------------------+--------------------------------------+-----------------------------+-----------------------------+----------------------------+----------------------------+-----------------------------+-----------------------------+--------------------+--------------------+-------------------------------------+-------------------------------------+----------------------------+----------------------------+---------------------------+---------------------------+
; buzzer        ; 2.5 V        ; 0 s                 ; 0 s                 ; 2.62 V                       ; 4.05e-08 V                   ; 2.72 V              ; -0.0349 V           ; 0.173 V                              ; 0.1 V                                ; 2.72e-10 s                  ; 2.69e-10 s                  ; Yes                        ; Yes                        ; 2.62 V                      ; 4.05e-08 V                  ; 2.72 V             ; -0.0349 V          ; 0.173 V                             ; 0.1 V                               ; 2.72e-10 s                 ; 2.69e-10 s                 ; Yes                       ; Yes                       ;
; ~ALTERA_DCLK~ ; 2.5 V        ; 0 s                 ; 0 s                 ; 2.62 V                       ; 2.22e-08 V                   ; 2.74 V              ; -0.06 V             ; 0.158 V                              ; 0.08 V                               ; 2.68e-10 s                  ; 2.19e-10 s                  ; Yes                        ; Yes                        ; 2.62 V                      ; 2.22e-08 V                  ; 2.74 V             ; -0.06 V            ; 0.158 V                             ; 0.08 V                              ; 2.68e-10 s                 ; 2.19e-10 s                 ; Yes                       ; Yes                       ;
; ~ALTERA_nCEO~ ; 2.5 V        ; 0 s                 ; 0 s                 ; 2.62 V                       ; 3.54e-08 V                   ; 2.7 V               ; -0.00943 V          ; 0.276 V                              ; 0.035 V                              ; 3.19e-10 s                  ; 4.99e-10 s                  ; No                         ; Yes                        ; 2.62 V                      ; 3.54e-08 V                  ; 2.7 V              ; -0.00943 V         ; 0.276 V                             ; 0.035 V                             ; 3.19e-10 s                 ; 4.99e-10 s                 ; No                        ; Yes                       ;
+---------------+--------------+---------------------+---------------------+------------------------------+------------------------------+---------------------+---------------------+--------------------------------------+--------------------------------------+-----------------------------+-----------------------------+----------------------------+----------------------------+-----------------------------+-----------------------------+--------------------+--------------------+-------------------------------------+-------------------------------------+----------------------------+----------------------------+---------------------------+---------------------------+


+-------------------------------------------------------------------+
; Setup Transfers                                                   ;
+------------+----------+----------+----------+----------+----------+
; From Clock ; To Clock ; RR Paths ; FR Paths ; RF Paths ; FF Paths ;
+------------+----------+----------+----------+----------+----------+
; clock      ; clock    ; 4123     ; 0        ; 0        ; 0        ;
+------------+----------+----------+----------+----------+----------+
Entries labeled "false path" only account for clock-to-clock false paths and not path-based false paths. As a result, actual path counts may be lower than reported.


+-------------------------------------------------------------------+
; Hold Transfers                                                    ;
+------------+----------+----------+----------+----------+----------+
; From Clock ; To Clock ; RR Paths ; FR Paths ; RF Paths ; FF Paths ;
+------------+----------+----------+----------+----------+----------+
; clock      ; clock    ; 4123     ; 0        ; 0        ; 0        ;
+------------+----------+----------+----------+----------+----------+
Entries labeled "false path" only account for clock-to-clock false paths and not path-based false paths. As a result, actual path counts may be lower than reported.


---------------
; Report TCCS ;
---------------
No dedicated SERDES Transmitter circuitry present in device or used in design


---------------
; Report RSKM ;
---------------
No non-DPA dedicated SERDES Receiver circuitry present in device or used in design


+------------------------------------------------+
; Unconstrained Paths Summary                    ;
+---------------------------------+-------+------+
; Property                        ; Setup ; Hold ;
+---------------------------------+-------+------+
; Illegal Clocks                  ; 0     ; 0    ;
; Unconstrained Clocks            ; 0     ; 0    ;
; Unconstrained Input Ports       ; 2     ; 2    ;
; Unconstrained Input Port Paths  ; 6     ; 6    ;
; Unconstrained Output Ports      ; 1     ; 1    ;
; Unconstrained Output Port Paths ; 1     ; 1    ;
+---------------------------------+-------+------+


+-------------------------------------+
; Clock Status Summary                ;
+--------+-------+------+-------------+
; Target ; Clock ; Type ; Status      ;
+--------+-------+------+-------------+
; clock  ; clock ; Base ; Constrained ;
+--------+-------+------+-------------+


+---------------------------------------------------------------------------------------------------+
; Unconstrained Input Ports                                                                         ;
+------------+--------------------------------------------------------------------------------------+
; Input Port ; Comment                                                                              ;
+------------+--------------------------------------------------------------------------------------+
; key[1]     ; No input delay, min/max delays, false-path exceptions, or max skew assignments found ;
; key[2]     ; No input delay, min/max delays, false-path exceptions, or max skew assignments found ;
+------------+--------------------------------------------------------------------------------------+


+-----------------------------------------------------------------------------------------------------+
; Unconstrained Output Ports                                                                          ;
+-------------+---------------------------------------------------------------------------------------+
; Output Port ; Comment                                                                               ;
+-------------+---------------------------------------------------------------------------------------+
; buzzer      ; No output delay, min/max delays, false-path exceptions, or max skew assignments found ;
+-------------+---------------------------------------------------------------------------------------+


+---------------------------------------------------------------------------------------------------+
; Unconstrained Input Ports                                                                         ;
+------------+--------------------------------------------------------------------------------------+
; Input Port ; Comment                                                                              ;
+------------+--------------------------------------------------------------------------------------+
; key[1]     ; No input delay, min/max delays, false-path exceptions, or max skew assignments found ;
; key[2]     ; No input delay, min/max delays, false-path exceptions, or max skew assignments found ;
+------------+--------------------------------------------------------------------------------------+


+-----------------------------------------------------------------------------------------------------+
; Unconstrained Output Ports                                                                          ;
+-------------+---------------------------------------------------------------------------------------+
; Output Port ; Comment                                                                               ;
+-------------+---------------------------------------------------------------------------------------+
; buzzer      ; No output delay, min/max delays, false-path exceptions, or max skew assignments found ;
+-------------+---------------------------------------------------------------------------------------+


+--------------------------+
; Timing Analyzer Messages ;
+--------------------------+
Info: *******************************************************************
Info: Running Quartus Prime Timing Analyzer
    Info: Version 20.1.1 Build 720 11/11/2020 SJ Lite Edition
    Info: Processing started: Mon Mar 28 19:48:29 2022
Info: Command: quartus_sta sirene3 -c sirene3
Info: qsta_default_script.tcl version: #1
Info (20030): Parallel compilation is enabled and will use 2 of the 2 processors detected
Info (21077): Low junction temperature is 0 degrees C
Info (21077): High junction temperature is 85 degrees C
Critical Warning (332012): Synopsys Design Constraints File file not found: 'sirene3.sdc'. A Synopsys Design Constraints File is required by the Timing Analyzer to get proper timing constraints. Without it, the Compiler will not properly optimize the design.
Info (332142): No user constrained base clocks found in the design. Calling "derive_clocks -period 1.0"
Info (332105): Deriving Clocks
    Info (332105): create_clock -period 1.000 -name clock clock
Info (332143): No user constrained clock uncertainty found in the design. Calling "derive_clock_uncertainty"
Info (332123): Deriving Clock Uncertainty. Please refer to report_sdc in the Timing Analyzer to see clock uncertainties.
Info: Found TIMING_ANALYZER_REPORT_SCRIPT_INCLUDE_DEFAULT_ANALYSIS = ON
Info: Analyzing Slow 1200mV 85C Model
Critical Warning (332148): Timing requirements not met
    Info (11105): For recommendations on closing timing, run Report Timing Closure Recommendations in the Timing Analyzer.
Info (332146): Worst-case setup slack is -4.610
    Info (332119):     Slack       End Point TNS Clock 
    Info (332119): ========= =================== =====================
    Info (332119):    -4.610            -272.319 clock 
Info (332146): Worst-case hold slack is 0.452
    Info (332119):     Slack       End Point TNS Clock 
    Info (332119): ========= =================== =====================
    Info (332119):     0.452               0.000 clock 
Info (332140): No Recovery paths to report
Info (332140): No Removal paths to report
Info (332146): Worst-case minimum pulse width slack is -3.000
    Info (332119):     Slack       End Point TNS Clock 
    Info (332119): ========= =================== =====================
    Info (332119):    -3.000            -110.064 clock 
Info (332114): Report Metastability: Found 2 synchronizer chains.
    Info (332114): Design MTBF is not calculated because the design doesn't meet its timing requirements.
Info: Analyzing Slow 1200mV 0C Model
Info (334003): Started post-fitting delay annotation
Info (334004): Delay annotation completed successfully
Info (332123): Deriving Clock Uncertainty. Please refer to report_sdc in the Timing Analyzer to see clock uncertainties.
Critical Warning (332148): Timing requirements not met
    Info (11105): For recommendations on closing timing, run Report Timing Closure Recommendations in the Timing Analyzer.
Info (332146): Worst-case setup slack is -4.298
    Info (332119):     Slack       End Point TNS Clock 
    Info (332119): ========= =================== =====================
    Info (332119):    -4.298            -250.747 clock 
Info (332146): Worst-case hold slack is 0.401
    Info (332119):     Slack       End Point TNS Clock 
    Info (332119): ========= =================== =====================
    Info (332119):     0.401               0.000 clock 
Info (332140): No Recovery paths to report
Info (332140): No Removal paths to report
Info (332146): Worst-case minimum pulse width slack is -3.000
    Info (332119):     Slack       End Point TNS Clock 
    Info (332119): ========= =================== =====================
    Info (332119):    -3.000            -110.064 clock 
Info (332114): Report Metastability: Found 2 synchronizer chains.
    Info (332114): Design MTBF is not calculated because the design doesn't meet its timing requirements.
Info: Analyzing Fast 1200mV 0C Model
Info (332123): Deriving Clock Uncertainty. Please refer to report_sdc in the Timing Analyzer to see clock uncertainties.
Critical Warning (332148): Timing requirements not met
    Info (11105): For recommendations on closing timing, run Report Timing Closure Recommendations in the Timing Analyzer.
Info (332146): Worst-case setup slack is -1.413
    Info (332119):     Slack       End Point TNS Clock 
    Info (332119): ========= =================== =====================
    Info (332119):    -1.413             -75.600 clock 
Info (332146): Worst-case hold slack is 0.187
    Info (332119):     Slack       End Point TNS Clock 
    Info (332119): ========= =================== =====================
    Info (332119):     0.187               0.000 clock 
Info (332140): No Recovery paths to report
Info (332140): No Removal paths to report
Info (332146): Worst-case minimum pulse width slack is -3.000
    Info (332119):     Slack       End Point TNS Clock 
    Info (332119): ========= =================== =====================
    Info (332119):    -3.000             -79.790 clock 
Info (332114): Report Metastability: Found 2 synchronizer chains.
    Info (332114): Design MTBF is not calculated because the design doesn't meet its timing requirements.
Info (332102): Design is not fully constrained for setup requirements
Info (332102): Design is not fully constrained for hold requirements
Info: Quartus Prime Timing Analyzer was successful. 0 errors, 4 warnings
    Info: Peak virtual memory: 4732 megabytes
    Info: Processing ended: Mon Mar 28 19:48:31 2022
    Info: Elapsed time: 00:00:02
    Info: Total CPU time (on all processors): 00:00:02


