Timing Analyzer report for ir
Wed Aug 20 02:29:08 2025
Quartus Prime Version 20.1.1 Build 720 11/11/2020 SJ Lite Edition


---------------------
; Table of Contents ;
---------------------
  1. Legal Notice
  2. Timing Analyzer Summary
  3. Parallel Compilation
  4. Clocks
  5. Slow 1200mV 85C Model Fmax Summary
  6. Timing Closure Recommendations
  7. Slow 1200mV 85C Model Setup Summary
  8. Slow 1200mV 85C Model Hold Summary
  9. Slow 1200mV 85C Model Recovery Summary
 10. Slow 1200mV 85C Model Removal Summary
 11. Slow 1200mV 85C Model Minimum Pulse Width Summary
 12. Slow 1200mV 85C Model Setup: 'clock'
 13. Slow 1200mV 85C Model Hold: 'clock'
 14. Slow 1200mV 85C Model Metastability Summary
 15. Slow 1200mV 0C Model Fmax Summary
 16. Slow 1200mV 0C Model Setup Summary
 17. Slow 1200mV 0C Model Hold Summary
 18. Slow 1200mV 0C Model Recovery Summary
 19. Slow 1200mV 0C Model Removal Summary
 20. Slow 1200mV 0C Model Minimum Pulse Width Summary
 21. Slow 1200mV 0C Model Setup: 'clock'
 22. Slow 1200mV 0C Model Hold: 'clock'
 23. Slow 1200mV 0C Model Metastability Summary
 24. Fast 1200mV 0C Model Setup Summary
 25. Fast 1200mV 0C Model Hold Summary
 26. Fast 1200mV 0C Model Recovery Summary
 27. Fast 1200mV 0C Model Removal Summary
 28. Fast 1200mV 0C Model Minimum Pulse Width Summary
 29. Fast 1200mV 0C Model Setup: 'clock'
 30. Fast 1200mV 0C Model Hold: 'clock'
 31. Fast 1200mV 0C Model Metastability Summary
 32. Multicorner Timing Analysis Summary
 33. Board Trace Model Assignments
 34. Input Transition Times
 35. Signal Integrity Metrics (Slow 1200mv 0c Model)
 36. Signal Integrity Metrics (Slow 1200mv 85c Model)
 37. Signal Integrity Metrics (Fast 1200mv 0c Model)
 38. Setup Transfers
 39. Hold Transfers
 40. Report TCCS
 41. Report RSKM
 42. Unconstrained Paths Summary
 43. Clock Status Summary
 44. Unconstrained Input Ports
 45. Unconstrained Output Ports
 46. Unconstrained Input Ports
 47. Unconstrained Output Ports
 48. Timing Analyzer Messages



----------------
; Legal Notice ;
----------------
Copyright (C) 2020  Intel Corporation. All rights reserved.
Your use of Intel Corporation's design tools, logic functions 
and other software and tools, and any partner logic 
functions, and any output files from any of the foregoing 
(including device programming or simulation files), and any 
associated documentation or information are expressly subject 
to the terms and conditions of the Intel Program License 
Subscription Agreement, the Intel Quartus Prime License Agreement,
the Intel FPGA IP License Agreement, or other applicable license
agreement, including, without limitation, that your use is for
the sole purpose of programming logic devices manufactured by
Intel and sold by Intel or its authorized distributors.  Please
refer to the applicable agreement for further details, at
https://fpgasoftware.intel.com/eula.



+-----------------------------------------------------------------------------+
; Timing Analyzer Summary                                                     ;
+-----------------------+-----------------------------------------------------+
; Quartus Prime Version ; Version 20.1.1 Build 720 11/11/2020 SJ Lite Edition ;
; Timing Analyzer       ; Legacy Timing Analyzer                              ;
; Revision Name         ; ir                                                  ;
; Device Family         ; Cyclone IV E                                        ;
; Device Name           ; EP4CE6E22C8                                         ;
; Timing Models         ; Final                                               ;
; Delay Model           ; Combined                                            ;
; Rise/Fall Delays      ; Enabled                                             ;
+-----------------------+-----------------------------------------------------+


+------------------------------------------+
; Parallel Compilation                     ;
+----------------------------+-------------+
; Processors                 ; Number      ;
+----------------------------+-------------+
; Number detected on machine ; 8           ;
; Maximum allowed            ; 4           ;
;                            ;             ;
; Average used               ; 1.15        ;
; Maximum used               ; 4           ;
;                            ;             ;
; Usage by Processor         ; % Time Used ;
;     Processor 1            ; 100.0%      ;
;     Processor 2            ;   9.2%      ;
;     Processors 3-4         ;   2.8%      ;
+----------------------------+-------------+


+-----------------------------------------------------------------------------------------------------------------------------------------------------------------------------------+
; Clocks                                                                                                                                                                            ;
+------------+------+--------+------------+-------+-------+------------+-----------+-------------+-------+--------+-----------+------------+----------+--------+--------+-----------+
; Clock Name ; Type ; Period ; Frequency  ; Rise  ; Fall  ; Duty Cycle ; Divide by ; Multiply by ; Phase ; Offset ; Edge List ; Edge Shift ; Inverted ; Master ; Source ; Targets   ;
+------------+------+--------+------------+-------+-------+------------+-----------+-------------+-------+--------+-----------+------------+----------+--------+--------+-----------+
; clock      ; Base ; 1.000  ; 1000.0 MHz ; 0.000 ; 0.500 ;            ;           ;             ;       ;        ;           ;            ;          ;        ;        ; { clock } ;
+------------+------+--------+------------+-------+-------+------------+-----------+-------------+-------+--------+-----------+------------+----------+--------+--------+-----------+


+--------------------------------------------------+
; Slow 1200mV 85C Model Fmax Summary               ;
+------------+-----------------+------------+------+
; Fmax       ; Restricted Fmax ; Clock Name ; Note ;
+------------+-----------------+------------+------+
; 100.54 MHz ; 100.54 MHz      ; clock      ;      ;
+------------+-----------------+------------+------+
This panel reports FMAX for every clock in the design, regardless of the user-specified clock periods.  FMAX is only computed for paths where the source and destination registers or ports are driven by the same clock.  Paths of different clocks, including generated clocks, are ignored.  For paths between a clock and its inversion, FMAX is computed as if the rising and falling edges are scaled along with FMAX, such that the duty cycle (in terms of a percentage) is maintained. Altera recommends that you always use clock constraints and other slack reports for sign-off analysis.


----------------------------------
; Timing Closure Recommendations ;
----------------------------------
HTML report is unavailable in plain text report export.


+-------------------------------------+
; Slow 1200mV 85C Model Setup Summary ;
+-------+--------+--------------------+
; Clock ; Slack  ; End Point TNS      ;
+-------+--------+--------------------+
; clock ; -8.946 ; -2448.676          ;
+-------+--------+--------------------+


+------------------------------------+
; Slow 1200mV 85C Model Hold Summary ;
+-------+-------+--------------------+
; Clock ; Slack ; End Point TNS      ;
+-------+-------+--------------------+
; clock ; 0.432 ; 0.000              ;
+-------+-------+--------------------+


------------------------------------------
; Slow 1200mV 85C Model Recovery Summary ;
------------------------------------------
No paths to report.


-----------------------------------------
; Slow 1200mV 85C Model Removal Summary ;
-----------------------------------------
No paths to report.


+---------------------------------------------------+
; Slow 1200mV 85C Model Minimum Pulse Width Summary ;
+-------+--------+----------------------------------+
; Clock ; Slack  ; End Point TNS                    ;
+-------+--------+----------------------------------+
; clock ; -3.000 ; -779.214                         ;
+-------+--------+----------------------------------+


+--------------------------------------------------------------------------------------------------------------------------------------------------------+
; Slow 1200mV 85C Model Setup: 'clock'                                                                                                                   ;
+--------+------------------------------------+------------------------------------+--------------+-------------+--------------+------------+------------+
; Slack  ; From Node                          ; To Node                            ; Launch Clock ; Latch Clock ; Relationship ; Clock Skew ; Data Delay ;
+--------+------------------------------------+------------------------------------+--------------+-------------+--------------+------------+------------+
; -8.946 ; lcd_controller:inst7|clk_count[0]  ; lcd_controller:inst7|clk_count[2]  ; clock        ; clock       ; 1.000        ; -0.093     ; 9.854      ;
; -8.946 ; lcd_controller:inst7|clk_count[0]  ; lcd_controller:inst7|clk_count[1]  ; clock        ; clock       ; 1.000        ; -0.093     ; 9.854      ;
; -8.927 ; lcd_controller:inst7|clk_count[3]  ; lcd_controller:inst7|clk_count[2]  ; clock        ; clock       ; 1.000        ; -0.578     ; 9.350      ;
; -8.927 ; lcd_controller:inst7|clk_count[3]  ; lcd_controller:inst7|clk_count[1]  ; clock        ; clock       ; 1.000        ; -0.578     ; 9.350      ;
; -8.853 ; lcd_controller:inst7|clk_count[4]  ; lcd_controller:inst7|clk_count[2]  ; clock        ; clock       ; 1.000        ; -0.578     ; 9.276      ;
; -8.853 ; lcd_controller:inst7|clk_count[4]  ; lcd_controller:inst7|clk_count[1]  ; clock        ; clock       ; 1.000        ; -0.578     ; 9.276      ;
; -8.804 ; lcd_controller:inst7|clk_count[5]  ; lcd_controller:inst7|clk_count[2]  ; clock        ; clock       ; 1.000        ; -0.578     ; 9.227      ;
; -8.804 ; lcd_controller:inst7|clk_count[5]  ; lcd_controller:inst7|clk_count[1]  ; clock        ; clock       ; 1.000        ; -0.578     ; 9.227      ;
; -8.730 ; lcd_controller:inst7|clk_count[6]  ; lcd_controller:inst7|clk_count[2]  ; clock        ; clock       ; 1.000        ; -0.578     ; 9.153      ;
; -8.730 ; lcd_controller:inst7|clk_count[6]  ; lcd_controller:inst7|clk_count[1]  ; clock        ; clock       ; 1.000        ; -0.578     ; 9.153      ;
; -8.688 ; lcd_controller:inst7|clk_count[7]  ; lcd_controller:inst7|clk_count[2]  ; clock        ; clock       ; 1.000        ; -0.578     ; 9.111      ;
; -8.688 ; lcd_controller:inst7|clk_count[7]  ; lcd_controller:inst7|clk_count[1]  ; clock        ; clock       ; 1.000        ; -0.578     ; 9.111      ;
; -8.590 ; lcd_controller:inst7|clk_count[0]  ; lcd_controller:inst7|clk_count[0]  ; clock        ; clock       ; 1.000        ; -0.082     ; 9.509      ;
; -8.571 ; lcd_controller:inst7|clk_count[3]  ; lcd_controller:inst7|clk_count[0]  ; clock        ; clock       ; 1.000        ; -0.567     ; 9.005      ;
; -8.567 ; lcd_controller:inst7|clk_count[1]  ; lcd_controller:inst7|clk_count[2]  ; clock        ; clock       ; 1.000        ; -0.081     ; 9.487      ;
; -8.567 ; lcd_controller:inst7|clk_count[1]  ; lcd_controller:inst7|clk_count[1]  ; clock        ; clock       ; 1.000        ; -0.081     ; 9.487      ;
; -8.525 ; lcd_controller:inst7|clk_count[9]  ; lcd_controller:inst7|clk_count[2]  ; clock        ; clock       ; 1.000        ; -0.579     ; 8.947      ;
; -8.525 ; lcd_controller:inst7|clk_count[9]  ; lcd_controller:inst7|clk_count[1]  ; clock        ; clock       ; 1.000        ; -0.579     ; 8.947      ;
; -8.506 ; lcd_controller:inst7|clk_count[2]  ; lcd_controller:inst7|clk_count[2]  ; clock        ; clock       ; 1.000        ; -0.081     ; 9.426      ;
; -8.506 ; lcd_controller:inst7|clk_count[2]  ; lcd_controller:inst7|clk_count[1]  ; clock        ; clock       ; 1.000        ; -0.081     ; 9.426      ;
; -8.497 ; lcd_controller:inst7|clk_count[4]  ; lcd_controller:inst7|clk_count[0]  ; clock        ; clock       ; 1.000        ; -0.567     ; 8.931      ;
; -8.480 ; lcd_controller:inst7|clk_count[8]  ; lcd_controller:inst7|clk_count[2]  ; clock        ; clock       ; 1.000        ; -0.578     ; 8.903      ;
; -8.480 ; lcd_controller:inst7|clk_count[8]  ; lcd_controller:inst7|clk_count[1]  ; clock        ; clock       ; 1.000        ; -0.578     ; 8.903      ;
; -8.472 ; lcd_controller:inst7|clk_count[0]  ; lcd_controller:inst7|clk_count[5]  ; clock        ; clock       ; 1.000        ; 0.383      ; 9.856      ;
; -8.472 ; lcd_controller:inst7|clk_count[0]  ; lcd_controller:inst7|clk_count[14] ; clock        ; clock       ; 1.000        ; 0.383      ; 9.856      ;
; -8.471 ; lcd_controller:inst7|clk_count[0]  ; lcd_controller:inst7|clk_count[8]  ; clock        ; clock       ; 1.000        ; 0.383      ; 9.855      ;
; -8.471 ; lcd_controller:inst7|clk_count[0]  ; lcd_controller:inst7|clk_count[6]  ; clock        ; clock       ; 1.000        ; 0.383      ; 9.855      ;
; -8.470 ; lcd_controller:inst7|clk_count[0]  ; lcd_controller:inst7|clk_count[3]  ; clock        ; clock       ; 1.000        ; 0.383      ; 9.854      ;
; -8.470 ; lcd_controller:inst7|clk_count[0]  ; lcd_controller:inst7|clk_count[7]  ; clock        ; clock       ; 1.000        ; 0.383      ; 9.854      ;
; -8.469 ; lcd_controller:inst7|clk_count[0]  ; lcd_controller:inst7|clk_count[4]  ; clock        ; clock       ; 1.000        ; 0.383      ; 9.853      ;
; -8.453 ; lcd_controller:inst7|clk_count[3]  ; lcd_controller:inst7|clk_count[5]  ; clock        ; clock       ; 1.000        ; -0.102     ; 9.352      ;
; -8.453 ; lcd_controller:inst7|clk_count[3]  ; lcd_controller:inst7|clk_count[14] ; clock        ; clock       ; 1.000        ; -0.102     ; 9.352      ;
; -8.452 ; lcd_controller:inst7|clk_count[3]  ; lcd_controller:inst7|clk_count[8]  ; clock        ; clock       ; 1.000        ; -0.102     ; 9.351      ;
; -8.452 ; lcd_controller:inst7|clk_count[3]  ; lcd_controller:inst7|clk_count[6]  ; clock        ; clock       ; 1.000        ; -0.102     ; 9.351      ;
; -8.451 ; lcd_controller:inst7|clk_count[3]  ; lcd_controller:inst7|clk_count[3]  ; clock        ; clock       ; 1.000        ; -0.102     ; 9.350      ;
; -8.451 ; lcd_controller:inst7|clk_count[3]  ; lcd_controller:inst7|clk_count[7]  ; clock        ; clock       ; 1.000        ; -0.102     ; 9.350      ;
; -8.450 ; lcd_controller:inst7|clk_count[3]  ; lcd_controller:inst7|clk_count[4]  ; clock        ; clock       ; 1.000        ; -0.102     ; 9.349      ;
; -8.448 ; lcd_controller:inst7|clk_count[5]  ; lcd_controller:inst7|clk_count[0]  ; clock        ; clock       ; 1.000        ; -0.567     ; 8.882      ;
; -8.379 ; lcd_controller:inst7|clk_count[4]  ; lcd_controller:inst7|clk_count[5]  ; clock        ; clock       ; 1.000        ; -0.102     ; 9.278      ;
; -8.379 ; lcd_controller:inst7|clk_count[4]  ; lcd_controller:inst7|clk_count[14] ; clock        ; clock       ; 1.000        ; -0.102     ; 9.278      ;
; -8.378 ; lcd_controller:inst7|clk_count[4]  ; lcd_controller:inst7|clk_count[8]  ; clock        ; clock       ; 1.000        ; -0.102     ; 9.277      ;
; -8.378 ; lcd_controller:inst7|clk_count[4]  ; lcd_controller:inst7|clk_count[6]  ; clock        ; clock       ; 1.000        ; -0.102     ; 9.277      ;
; -8.377 ; lcd_controller:inst7|clk_count[4]  ; lcd_controller:inst7|clk_count[3]  ; clock        ; clock       ; 1.000        ; -0.102     ; 9.276      ;
; -8.377 ; lcd_controller:inst7|clk_count[4]  ; lcd_controller:inst7|clk_count[7]  ; clock        ; clock       ; 1.000        ; -0.102     ; 9.276      ;
; -8.376 ; lcd_controller:inst7|clk_count[4]  ; lcd_controller:inst7|clk_count[4]  ; clock        ; clock       ; 1.000        ; -0.102     ; 9.275      ;
; -8.374 ; lcd_controller:inst7|clk_count[6]  ; lcd_controller:inst7|clk_count[0]  ; clock        ; clock       ; 1.000        ; -0.567     ; 8.808      ;
; -8.332 ; lcd_controller:inst7|clk_count[7]  ; lcd_controller:inst7|clk_count[0]  ; clock        ; clock       ; 1.000        ; -0.567     ; 8.766      ;
; -8.330 ; lcd_controller:inst7|clk_count[5]  ; lcd_controller:inst7|clk_count[5]  ; clock        ; clock       ; 1.000        ; -0.102     ; 9.229      ;
; -8.330 ; lcd_controller:inst7|clk_count[5]  ; lcd_controller:inst7|clk_count[14] ; clock        ; clock       ; 1.000        ; -0.102     ; 9.229      ;
; -8.329 ; lcd_controller:inst7|clk_count[11] ; lcd_controller:inst7|clk_count[2]  ; clock        ; clock       ; 1.000        ; -0.579     ; 8.751      ;
; -8.329 ; lcd_controller:inst7|clk_count[11] ; lcd_controller:inst7|clk_count[1]  ; clock        ; clock       ; 1.000        ; -0.579     ; 8.751      ;
; -8.329 ; lcd_controller:inst7|clk_count[5]  ; lcd_controller:inst7|clk_count[8]  ; clock        ; clock       ; 1.000        ; -0.102     ; 9.228      ;
; -8.329 ; lcd_controller:inst7|clk_count[5]  ; lcd_controller:inst7|clk_count[6]  ; clock        ; clock       ; 1.000        ; -0.102     ; 9.228      ;
; -8.328 ; lcd_controller:inst7|clk_count[5]  ; lcd_controller:inst7|clk_count[3]  ; clock        ; clock       ; 1.000        ; -0.102     ; 9.227      ;
; -8.328 ; lcd_controller:inst7|clk_count[5]  ; lcd_controller:inst7|clk_count[7]  ; clock        ; clock       ; 1.000        ; -0.102     ; 9.227      ;
; -8.327 ; lcd_controller:inst7|clk_count[5]  ; lcd_controller:inst7|clk_count[4]  ; clock        ; clock       ; 1.000        ; -0.102     ; 9.226      ;
; -8.291 ; lcd_controller:inst7|clk_count[3]  ; lcd_controller:inst7|lcd_data[6]   ; clock        ; clock       ; 1.000        ; -0.130     ; 9.162      ;
; -8.291 ; lcd_controller:inst7|clk_count[3]  ; lcd_controller:inst7|lcd_data[7]   ; clock        ; clock       ; 1.000        ; -0.130     ; 9.162      ;
; -8.291 ; lcd_controller:inst7|clk_count[3]  ; lcd_controller:inst7|lcd_data[0]   ; clock        ; clock       ; 1.000        ; -0.130     ; 9.162      ;
; -8.291 ; lcd_controller:inst7|clk_count[3]  ; lcd_controller:inst7|lcd_data[1]   ; clock        ; clock       ; 1.000        ; -0.130     ; 9.162      ;
; -8.291 ; lcd_controller:inst7|clk_count[3]  ; lcd_controller:inst7|lcd_data[2]   ; clock        ; clock       ; 1.000        ; -0.130     ; 9.162      ;
; -8.291 ; lcd_controller:inst7|clk_count[3]  ; lcd_controller:inst7|lcd_data[3]   ; clock        ; clock       ; 1.000        ; -0.130     ; 9.162      ;
; -8.291 ; lcd_controller:inst7|clk_count[3]  ; lcd_controller:inst7|lcd_data[4]   ; clock        ; clock       ; 1.000        ; -0.130     ; 9.162      ;
; -8.291 ; lcd_controller:inst7|clk_count[3]  ; lcd_controller:inst7|lcd_data[5]   ; clock        ; clock       ; 1.000        ; -0.130     ; 9.162      ;
; -8.284 ; lcd_controller:inst7|clk_count[10] ; lcd_controller:inst7|clk_count[2]  ; clock        ; clock       ; 1.000        ; -0.579     ; 8.706      ;
; -8.284 ; lcd_controller:inst7|clk_count[10] ; lcd_controller:inst7|clk_count[1]  ; clock        ; clock       ; 1.000        ; -0.579     ; 8.706      ;
; -8.256 ; lcd_controller:inst7|clk_count[6]  ; lcd_controller:inst7|clk_count[5]  ; clock        ; clock       ; 1.000        ; -0.102     ; 9.155      ;
; -8.256 ; lcd_controller:inst7|clk_count[6]  ; lcd_controller:inst7|clk_count[14] ; clock        ; clock       ; 1.000        ; -0.102     ; 9.155      ;
; -8.255 ; lcd_controller:inst7|clk_count[6]  ; lcd_controller:inst7|clk_count[8]  ; clock        ; clock       ; 1.000        ; -0.102     ; 9.154      ;
; -8.255 ; lcd_controller:inst7|clk_count[6]  ; lcd_controller:inst7|clk_count[6]  ; clock        ; clock       ; 1.000        ; -0.102     ; 9.154      ;
; -8.254 ; lcd_controller:inst7|clk_count[6]  ; lcd_controller:inst7|clk_count[3]  ; clock        ; clock       ; 1.000        ; -0.102     ; 9.153      ;
; -8.254 ; lcd_controller:inst7|clk_count[6]  ; lcd_controller:inst7|clk_count[7]  ; clock        ; clock       ; 1.000        ; -0.102     ; 9.153      ;
; -8.253 ; lcd_controller:inst7|clk_count[6]  ; lcd_controller:inst7|clk_count[4]  ; clock        ; clock       ; 1.000        ; -0.102     ; 9.152      ;
; -8.247 ; lcd_controller:inst7|clk_count[0]  ; lcd_controller:inst7|lcd_data[6]   ; clock        ; clock       ; 1.000        ; 0.355      ; 9.603      ;
; -8.247 ; lcd_controller:inst7|clk_count[0]  ; lcd_controller:inst7|lcd_data[7]   ; clock        ; clock       ; 1.000        ; 0.355      ; 9.603      ;
; -8.247 ; lcd_controller:inst7|clk_count[0]  ; lcd_controller:inst7|lcd_data[0]   ; clock        ; clock       ; 1.000        ; 0.355      ; 9.603      ;
; -8.247 ; lcd_controller:inst7|clk_count[0]  ; lcd_controller:inst7|lcd_data[1]   ; clock        ; clock       ; 1.000        ; 0.355      ; 9.603      ;
; -8.247 ; lcd_controller:inst7|clk_count[0]  ; lcd_controller:inst7|lcd_data[2]   ; clock        ; clock       ; 1.000        ; 0.355      ; 9.603      ;
; -8.247 ; lcd_controller:inst7|clk_count[0]  ; lcd_controller:inst7|lcd_data[3]   ; clock        ; clock       ; 1.000        ; 0.355      ; 9.603      ;
; -8.247 ; lcd_controller:inst7|clk_count[0]  ; lcd_controller:inst7|lcd_data[4]   ; clock        ; clock       ; 1.000        ; 0.355      ; 9.603      ;
; -8.247 ; lcd_controller:inst7|clk_count[0]  ; lcd_controller:inst7|lcd_data[5]   ; clock        ; clock       ; 1.000        ; 0.355      ; 9.603      ;
; -8.214 ; lcd_controller:inst7|clk_count[7]  ; lcd_controller:inst7|clk_count[5]  ; clock        ; clock       ; 1.000        ; -0.102     ; 9.113      ;
; -8.214 ; lcd_controller:inst7|clk_count[7]  ; lcd_controller:inst7|clk_count[14] ; clock        ; clock       ; 1.000        ; -0.102     ; 9.113      ;
; -8.213 ; lcd_controller:inst7|clk_count[7]  ; lcd_controller:inst7|clk_count[8]  ; clock        ; clock       ; 1.000        ; -0.102     ; 9.112      ;
; -8.213 ; lcd_controller:inst7|clk_count[7]  ; lcd_controller:inst7|clk_count[6]  ; clock        ; clock       ; 1.000        ; -0.102     ; 9.112      ;
; -8.212 ; lcd_controller:inst7|clk_count[7]  ; lcd_controller:inst7|clk_count[3]  ; clock        ; clock       ; 1.000        ; -0.102     ; 9.111      ;
; -8.212 ; lcd_controller:inst7|clk_count[7]  ; lcd_controller:inst7|clk_count[7]  ; clock        ; clock       ; 1.000        ; -0.102     ; 9.111      ;
; -8.211 ; lcd_controller:inst7|clk_count[1]  ; lcd_controller:inst7|clk_count[0]  ; clock        ; clock       ; 1.000        ; -0.070     ; 9.142      ;
; -8.211 ; lcd_controller:inst7|clk_count[7]  ; lcd_controller:inst7|clk_count[4]  ; clock        ; clock       ; 1.000        ; -0.102     ; 9.110      ;
; -8.169 ; lcd_controller:inst7|clk_count[9]  ; lcd_controller:inst7|clk_count[0]  ; clock        ; clock       ; 1.000        ; -0.568     ; 8.602      ;
; -8.168 ; lcd_controller:inst7|clk_count[5]  ; lcd_controller:inst7|lcd_data[6]   ; clock        ; clock       ; 1.000        ; -0.130     ; 9.039      ;
; -8.168 ; lcd_controller:inst7|clk_count[5]  ; lcd_controller:inst7|lcd_data[7]   ; clock        ; clock       ; 1.000        ; -0.130     ; 9.039      ;
; -8.168 ; lcd_controller:inst7|clk_count[5]  ; lcd_controller:inst7|lcd_data[0]   ; clock        ; clock       ; 1.000        ; -0.130     ; 9.039      ;
; -8.168 ; lcd_controller:inst7|clk_count[5]  ; lcd_controller:inst7|lcd_data[1]   ; clock        ; clock       ; 1.000        ; -0.130     ; 9.039      ;
; -8.168 ; lcd_controller:inst7|clk_count[5]  ; lcd_controller:inst7|lcd_data[2]   ; clock        ; clock       ; 1.000        ; -0.130     ; 9.039      ;
; -8.168 ; lcd_controller:inst7|clk_count[5]  ; lcd_controller:inst7|lcd_data[3]   ; clock        ; clock       ; 1.000        ; -0.130     ; 9.039      ;
; -8.168 ; lcd_controller:inst7|clk_count[5]  ; lcd_controller:inst7|lcd_data[4]   ; clock        ; clock       ; 1.000        ; -0.130     ; 9.039      ;
; -8.168 ; lcd_controller:inst7|clk_count[5]  ; lcd_controller:inst7|lcd_data[5]   ; clock        ; clock       ; 1.000        ; -0.130     ; 9.039      ;
; -8.154 ; lcd_controller:inst7|clk_count[4]  ; lcd_controller:inst7|lcd_data[6]   ; clock        ; clock       ; 1.000        ; -0.130     ; 9.025      ;
; -8.154 ; lcd_controller:inst7|clk_count[4]  ; lcd_controller:inst7|lcd_data[7]   ; clock        ; clock       ; 1.000        ; -0.130     ; 9.025      ;
+--------+------------------------------------+------------------------------------+--------------+-------------+--------------+------------+------------+


+-------------------------------------------------------------------------------------------------------------------------------------------------------------------------------------------------------------------------------+
; Slow 1200mV 85C Model Hold: 'clock'                                                                                                                                                                                           ;
+-------+------------------------------------------------------------------------+------------------------------------------------------------------------+--------------+-------------+--------------+------------+------------+
; Slack ; From Node                                                              ; To Node                                                                ; Launch Clock ; Latch Clock ; Relationship ; Clock Skew ; Data Delay ;
+-------+------------------------------------------------------------------------+------------------------------------------------------------------------+--------------+-------------+--------------+------------+------------+
; 0.432 ; lcd_controller:inst7|rs                                                ; lcd_controller:inst7|rs                                                ; clock        ; clock       ; 0.000        ; 0.102      ; 0.746      ;
; 0.432 ; lcd_controller:inst7|estado.ENERGIZACAO                                ; lcd_controller:inst7|estado.ENERGIZACAO                                ; clock        ; clock       ; 0.000        ; 0.102      ; 0.746      ;
; 0.432 ; lcd_controller:inst7|estado.PRONTO                                     ; lcd_controller:inst7|estado.PRONTO                                     ; clock        ; clock       ; 0.000        ; 0.102      ; 0.746      ;
; 0.434 ; ir_verilog:inst|estado_atual.ATRASO_900us                              ; ir_verilog:inst|estado_atual.ATRASO_900us                              ; clock        ; clock       ; 0.000        ; 0.100      ; 0.746      ;
; 0.434 ; ir_verilog:inst|estado_atual.ATRASO_450us                              ; ir_verilog:inst|estado_atual.ATRASO_450us                              ; clock        ; clock       ; 0.000        ; 0.100      ; 0.746      ;
; 0.452 ; buzzer_asa_branca:inst13|run_en                                        ; buzzer_asa_branca:inst13|run_en                                        ; clock        ; clock       ; 0.000        ; 0.082      ; 0.746      ;
; 0.452 ; debounce:inst3|stable[3]                                               ; debounce:inst3|stable[3]                                               ; clock        ; clock       ; 0.000        ; 0.082      ; 0.746      ;
; 0.453 ; buzzer_sweet:inst8|divisor_clock:u_div|toggle                          ; buzzer_sweet:inst8|divisor_clock:u_div|toggle                          ; clock        ; clock       ; 0.000        ; 0.081      ; 0.746      ;
; 0.453 ; buzzer_asa_branca:inst13|divisor_clock:u_div|toggle                    ; buzzer_asa_branca:inst13|divisor_clock:u_div|toggle                    ; clock        ; clock       ; 0.000        ; 0.081      ; 0.746      ;
; 0.453 ; buzzer_asa_branca:inst13|controlador_asa_branca:u_ctrl|estado_atual[3] ; buzzer_asa_branca:inst13|controlador_asa_branca:u_ctrl|estado_atual[3] ; clock        ; clock       ; 0.000        ; 0.081      ; 0.746      ;
; 0.453 ; buzzer_asa_branca:inst13|controlador_asa_branca:u_ctrl|estado_atual[0] ; buzzer_asa_branca:inst13|controlador_asa_branca:u_ctrl|estado_atual[0] ; clock        ; clock       ; 0.000        ; 0.081      ; 0.746      ;
; 0.453 ; debounce:inst3|stable[0]                                               ; debounce:inst3|stable[0]                                               ; clock        ; clock       ; 0.000        ; 0.081      ; 0.746      ;
; 0.453 ; debounce:inst3|stable[2]                                               ; debounce:inst3|stable[2]                                               ; clock        ; clock       ; 0.000        ; 0.081      ; 0.746      ;
; 0.453 ; buzzer_fur_elise:inst12|mute_en                                        ; buzzer_fur_elise:inst12|mute_en                                        ; clock        ; clock       ; 0.000        ; 0.081      ; 0.746      ;
; 0.453 ; buzzer_fur_elise:inst12|divisor_clock:u_div|toggle                     ; buzzer_fur_elise:inst12|divisor_clock:u_div|toggle                     ; clock        ; clock       ; 0.000        ; 0.081      ; 0.746      ;
; 0.453 ; buzzer_sweet:inst8|mute_en                                             ; buzzer_sweet:inst8|mute_en                                             ; clock        ; clock       ; 0.000        ; 0.081      ; 0.746      ;
; 0.453 ; buzzer_asa_branca:inst13|mute_en                                       ; buzzer_asa_branca:inst13|mute_en                                       ; clock        ; clock       ; 0.000        ; 0.081      ; 0.746      ;
; 0.453 ; ir_verilog:inst|get_data[0]                                            ; ir_verilog:inst|get_data[0]                                            ; clock        ; clock       ; 0.000        ; 0.081      ; 0.746      ;
; 0.453 ; ir_verilog:inst|error_flag                                             ; ir_verilog:inst|error_flag                                             ; clock        ; clock       ; 0.000        ; 0.081      ; 0.746      ;
; 0.453 ; buzzer_fur_elise:inst12|run_en                                         ; buzzer_fur_elise:inst12|run_en                                         ; clock        ; clock       ; 0.000        ; 0.081      ; 0.746      ;
; 0.453 ; seletor_menu:inst16|menu_select                                        ; seletor_menu:inst16|menu_select                                        ; clock        ; clock       ; 0.000        ; 0.081      ; 0.746      ;
; 0.453 ; debounce:inst3|stable[1]                                               ; debounce:inst3|stable[1]                                               ; clock        ; clock       ; 0.000        ; 0.081      ; 0.746      ;
; 0.454 ; buzzer_asa_branca:inst13|controlador_asa_branca:u_ctrl|enable          ; buzzer_asa_branca:inst13|controlador_asa_branca:u_ctrl|enable          ; clock        ; clock       ; 0.000        ; 0.080      ; 0.746      ;
; 0.454 ; buzzer_asa_branca:inst13|controlador_asa_branca:u_ctrl|armed           ; buzzer_asa_branca:inst13|controlador_asa_branca:u_ctrl|armed           ; clock        ; clock       ; 0.000        ; 0.080      ; 0.746      ;
; 0.454 ; buzzer_asa_branca:inst13|controlador_asa_branca:u_ctrl|estado_atual[4] ; buzzer_asa_branca:inst13|controlador_asa_branca:u_ctrl|estado_atual[4] ; clock        ; clock       ; 0.000        ; 0.080      ; 0.746      ;
; 0.454 ; buzzer_asa_branca:inst13|controlador_asa_branca:u_ctrl|estado_atual[5] ; buzzer_asa_branca:inst13|controlador_asa_branca:u_ctrl|estado_atual[5] ; clock        ; clock       ; 0.000        ; 0.080      ; 0.746      ;
; 0.454 ; buzzer_sweet:inst8|is_stopped                                          ; buzzer_sweet:inst8|is_stopped                                          ; clock        ; clock       ; 0.000        ; 0.080      ; 0.746      ;
; 0.454 ; buzzer_sweet:inst8|run_en                                              ; buzzer_sweet:inst8|run_en                                              ; clock        ; clock       ; 0.000        ; 0.080      ; 0.746      ;
; 0.454 ; buzzer_sweet:inst8|controlador_sweet:u_ctrl|estado_atual[2]            ; buzzer_sweet:inst8|controlador_sweet:u_ctrl|estado_atual[2]            ; clock        ; clock       ; 0.000        ; 0.080      ; 0.746      ;
; 0.454 ; buzzer_sweet:inst8|controlador_sweet:u_ctrl|estado_atual[4]            ; buzzer_sweet:inst8|controlador_sweet:u_ctrl|estado_atual[4]            ; clock        ; clock       ; 0.000        ; 0.080      ; 0.746      ;
; 0.454 ; buzzer_sweet:inst8|controlador_sweet:u_ctrl|estado_atual[1]            ; buzzer_sweet:inst8|controlador_sweet:u_ctrl|estado_atual[1]            ; clock        ; clock       ; 0.000        ; 0.080      ; 0.746      ;
; 0.454 ; buzzer_sweet:inst8|controlador_sweet:u_ctrl|estado_atual[3]            ; buzzer_sweet:inst8|controlador_sweet:u_ctrl|estado_atual[3]            ; clock        ; clock       ; 0.000        ; 0.080      ; 0.746      ;
; 0.454 ; buzzer_sweet:inst8|controlador_sweet:u_ctrl|estado_atual[0]            ; buzzer_sweet:inst8|controlador_sweet:u_ctrl|estado_atual[0]            ; clock        ; clock       ; 0.000        ; 0.080      ; 0.746      ;
; 0.454 ; buzzer_sweet:inst8|controlador_sweet:u_ctrl|armed                      ; buzzer_sweet:inst8|controlador_sweet:u_ctrl|armed                      ; clock        ; clock       ; 0.000        ; 0.080      ; 0.746      ;
; 0.454 ; contador_creditos_simples:inst1|contagem_out[0]                        ; contador_creditos_simples:inst1|contagem_out[0]                        ; clock        ; clock       ; 0.000        ; 0.080      ; 0.746      ;
; 0.454 ; contador_creditos_simples:inst1|contagem_out[4]                        ; contador_creditos_simples:inst1|contagem_out[4]                        ; clock        ; clock       ; 0.000        ; 0.080      ; 0.746      ;
; 0.454 ; contador_creditos_simples:inst1|contagem_out[8]                        ; contador_creditos_simples:inst1|contagem_out[8]                        ; clock        ; clock       ; 0.000        ; 0.080      ; 0.746      ;
; 0.454 ; contador_creditos_simples:inst1|contagem_out[12]                       ; contador_creditos_simples:inst1|contagem_out[12]                       ; clock        ; clock       ; 0.000        ; 0.080      ; 0.746      ;
; 0.482 ; ir_verilog:inst|irda_reg0                                              ; ir_verilog:inst|irda_reg1                                              ; clock        ; clock       ; 0.000        ; 0.101      ; 0.795      ;
; 0.484 ; buzzer_fur_elise:inst12|stop_d2                                        ; buzzer_fur_elise:inst12|stop_pulse                                     ; clock        ; clock       ; 0.000        ; 0.081      ; 0.777      ;
; 0.491 ; buzzer_fur_elise:inst12|mute_d1                                        ; buzzer_fur_elise:inst12|mute_en                                        ; clock        ; clock       ; 0.000        ; 0.081      ; 0.784      ;
; 0.492 ; debounce:inst3|cnt[2][21]                                              ; debounce:inst3|cnt[2][21]                                              ; clock        ; clock       ; 0.000        ; 0.081      ; 0.785      ;
; 0.492 ; debounce:inst3|cnt[3][21]                                              ; debounce:inst3|cnt[3][21]                                              ; clock        ; clock       ; 0.000        ; 0.081      ; 0.785      ;
; 0.492 ; debounce:inst3|cnt[1][21]                                              ; debounce:inst3|cnt[1][21]                                              ; clock        ; clock       ; 0.000        ; 0.081      ; 0.785      ;
; 0.492 ; buzzer_sweet:inst8|mute_d1                                             ; buzzer_sweet:inst8|mute_en                                             ; clock        ; clock       ; 0.000        ; 0.081      ; 0.785      ;
; 0.493 ; debounce:inst3|cnt[0][21]                                              ; debounce:inst3|cnt[0][21]                                              ; clock        ; clock       ; 0.000        ; 0.080      ; 0.785      ;
; 0.503 ; buzzer_sweet:inst8|play_d2                                             ; buzzer_sweet:inst8|start_play                                          ; clock        ; clock       ; 0.000        ; 0.080      ; 0.795      ;
; 0.509 ; ir_verilog:inst|data_cnt[5]                                            ; ir_verilog:inst|data_cnt[5]                                            ; clock        ; clock       ; 0.000        ; 0.082      ; 0.803      ;
; 0.510 ; buzzer_sweet:inst8|mute_d1                                             ; buzzer_sweet:inst8|mute_d2                                             ; clock        ; clock       ; 0.000        ; 0.081      ; 0.803      ;
; 0.511 ; buzzer_fur_elise:inst12|mute_d1                                        ; buzzer_fur_elise:inst12|mute_d2                                        ; clock        ; clock       ; 0.000        ; 0.081      ; 0.804      ;
; 0.511 ; buzzer_fur_elise:inst12|controlador_fur_elise:u_ctrl|estado_atual.s29  ; buzzer_fur_elise:inst12|controlador_fur_elise:u_ctrl|estado_atual.s30  ; clock        ; clock       ; 0.000        ; 0.080      ; 0.803      ;
; 0.516 ; buzzer_fur_elise:inst12|controlador_fur_elise:u_ctrl|estado_atual.s30  ; buzzer_fur_elise:inst12|controlador_fur_elise:u_ctrl|estado_atual.s31  ; clock        ; clock       ; 0.000        ; 0.080      ; 0.808      ;
; 0.520 ; buzzer_fur_elise:inst12|controlador_fur_elise:u_ctrl|estado_atual.s35  ; buzzer_fur_elise:inst12|controlador_fur_elise:u_ctrl|estado_atual.s36  ; clock        ; clock       ; 0.000        ; 0.080      ; 0.812      ;
; 0.524 ; contador_creditos_simples:inst1|contagem_out[3]                        ; contador_creditos_simples:inst1|contagem_out[3]                        ; clock        ; clock       ; 0.000        ; 0.080      ; 0.816      ;
; 0.529 ; buzzer_fur_elise:inst12|controlador_fur_elise:u_ctrl|estado_atual.s28  ; buzzer_fur_elise:inst12|controlador_fur_elise:u_ctrl|estado_atual.s29  ; clock        ; clock       ; 0.000        ; 0.080      ; 0.821      ;
; 0.534 ; buzzer_fur_elise:inst12|controlador_fur_elise:u_ctrl|estado_atual.s40  ; buzzer_fur_elise:inst12|controlador_fur_elise:u_ctrl|Temp_out[7]       ; clock        ; clock       ; 0.000        ; 0.081      ; 0.827      ;
; 0.535 ; buzzer_sweet:inst8|stop_pulse                                          ; buzzer_sweet:inst8|controlador_sweet:u_ctrl|enable                     ; clock        ; clock       ; 0.000        ; 0.080      ; 0.827      ;
; 0.535 ; buzzer_sweet:inst8|stop_pulse                                          ; buzzer_sweet:inst8|controlador_sweet:u_ctrl|armed                      ; clock        ; clock       ; 0.000        ; 0.080      ; 0.827      ;
; 0.550 ; contador_creditos_simples:inst1|contagem_out[7]                        ; contador_creditos_simples:inst1|contagem_out[7]                        ; clock        ; clock       ; 0.000        ; 0.080      ; 0.842      ;
; 0.558 ; contador_creditos_simples:inst1|contagem_out[11]                       ; contador_creditos_simples:inst1|contagem_out[11]                       ; clock        ; clock       ; 0.000        ; 0.080      ; 0.850      ;
; 0.627 ; buzzer_asa_branca:inst13|stop_d2                                       ; buzzer_asa_branca:inst13|stop_pulse                                    ; clock        ; clock       ; 0.000        ; 0.082      ; 0.921      ;
; 0.640 ; ir_verilog:inst|get_data[4]                                            ; ir_verilog:inst|get_data[5]                                            ; clock        ; clock       ; 0.000        ; 0.082      ; 0.934      ;
; 0.641 ; ir_verilog:inst|get_data[6]                                            ; ir_verilog:inst|get_data[7]                                            ; clock        ; clock       ; 0.000        ; 0.082      ; 0.935      ;
; 0.642 ; buzzer_fur_elise:inst12|controlador_fur_elise:u_ctrl|song_end_r        ; buzzer_fur_elise:inst12|stop_pulse                                     ; clock        ; clock       ; 0.000        ; 0.081      ; 0.935      ;
; 0.645 ; buzzer_fur_elise:inst12|controlador_fur_elise:u_ctrl|estado_atual.s26  ; buzzer_fur_elise:inst12|controlador_fur_elise:u_ctrl|estado_atual.s27  ; clock        ; clock       ; 0.000        ; 0.081      ; 0.938      ;
; 0.647 ; buzzer_fur_elise:inst12|controlador_fur_elise:u_ctrl|estado_atual.s1   ; buzzer_fur_elise:inst12|controlador_fur_elise:u_ctrl|estado_atual.s2   ; clock        ; clock       ; 0.000        ; 0.081      ; 0.940      ;
; 0.648 ; buzzer_fur_elise:inst12|controlador_fur_elise:u_ctrl|estado_atual.s4   ; buzzer_fur_elise:inst12|controlador_fur_elise:u_ctrl|estado_atual.s5   ; clock        ; clock       ; 0.000        ; 0.081      ; 0.941      ;
; 0.648 ; buzzer_fur_elise:inst12|controlador_fur_elise:u_ctrl|estado_atual.s0   ; buzzer_fur_elise:inst12|controlador_fur_elise:u_ctrl|Temp_out[7]       ; clock        ; clock       ; 0.000        ; 0.081      ; 0.941      ;
; 0.650 ; buzzer_fur_elise:inst12|controlador_fur_elise:u_ctrl|estado_atual.s10  ; buzzer_fur_elise:inst12|controlador_fur_elise:u_ctrl|estado_atual.s11  ; clock        ; clock       ; 0.000        ; 0.081      ; 0.943      ;
; 0.650 ; buzzer_fur_elise:inst12|controlador_fur_elise:u_ctrl|estado_atual.s25  ; buzzer_fur_elise:inst12|controlador_fur_elise:u_ctrl|estado_atual.s26  ; clock        ; clock       ; 0.000        ; 0.081      ; 0.943      ;
; 0.653 ; buzzer_fur_elise:inst12|controlador_fur_elise:u_ctrl|estado_atual.s8   ; buzzer_fur_elise:inst12|controlador_fur_elise:u_ctrl|estado_atual.s9   ; clock        ; clock       ; 0.000        ; 0.080      ; 0.945      ;
; 0.654 ; buzzer_fur_elise:inst12|controlador_fur_elise:u_ctrl|estado_atual.s38  ; buzzer_fur_elise:inst12|controlador_fur_elise:u_ctrl|estado_atual.s39  ; clock        ; clock       ; 0.000        ; 0.080      ; 0.946      ;
; 0.666 ; ir_verilog:inst|get_data[11]                                           ; ir_verilog:inst|get_data[12]                                           ; clock        ; clock       ; 0.000        ; 0.082      ; 0.960      ;
; 0.668 ; ir_verilog:inst|get_data[9]                                            ; ir_verilog:inst|get_data[10]                                           ; clock        ; clock       ; 0.000        ; 0.082      ; 0.962      ;
; 0.670 ; buzzer_fur_elise:inst12|controlador_fur_elise:u_ctrl|estado_atual.s13  ; buzzer_fur_elise:inst12|controlador_fur_elise:u_ctrl|estado_atual.s14  ; clock        ; clock       ; 0.000        ; 0.081      ; 0.963      ;
; 0.670 ; buzzer_fur_elise:inst12|controlador_fur_elise:u_ctrl|estado_atual.s33  ; buzzer_fur_elise:inst12|controlador_fur_elise:u_ctrl|estado_atual.s34  ; clock        ; clock       ; 0.000        ; 0.081      ; 0.963      ;
; 0.670 ; buzzer_fur_elise:inst12|controlador_fur_elise:u_ctrl|estado_atual.s19  ; buzzer_fur_elise:inst12|controlador_fur_elise:u_ctrl|Temp_out[5]       ; clock        ; clock       ; 0.000        ; 0.081      ; 0.963      ;
; 0.671 ; buzzer_fur_elise:inst12|controlador_fur_elise:u_ctrl|estado_atual.s7   ; buzzer_fur_elise:inst12|controlador_fur_elise:u_ctrl|estado_atual.s8   ; clock        ; clock       ; 0.000        ; 0.080      ; 0.963      ;
; 0.672 ; buzzer_fur_elise:inst12|controlador_fur_elise:u_ctrl|estado_atual.s12  ; buzzer_fur_elise:inst12|controlador_fur_elise:u_ctrl|estado_atual.s13  ; clock        ; clock       ; 0.000        ; 0.081      ; 0.965      ;
; 0.672 ; buzzer_fur_elise:inst12|controlador_fur_elise:u_ctrl|estado_atual.s11  ; buzzer_fur_elise:inst12|controlador_fur_elise:u_ctrl|estado_atual.s12  ; clock        ; clock       ; 0.000        ; 0.081      ; 0.965      ;
; 0.675 ; buzzer_fur_elise:inst12|controlador_fur_elise:u_ctrl|estado_atual.s41  ; buzzer_fur_elise:inst12|controlador_fur_elise:u_ctrl|estado_atual.s0   ; clock        ; clock       ; 0.000        ; 0.081      ; 0.968      ;
; 0.677 ; buzzer_fur_elise:inst12|controlador_fur_elise:u_ctrl|estado_atual.s32  ; buzzer_fur_elise:inst12|controlador_fur_elise:u_ctrl|Freq_out[13]      ; clock        ; clock       ; 0.000        ; 0.081      ; 0.970      ;
; 0.678 ; buzzer_fur_elise:inst12|controlador_fur_elise:u_ctrl|estado_atual.s32  ; buzzer_fur_elise:inst12|controlador_fur_elise:u_ctrl|estado_atual.s33  ; clock        ; clock       ; 0.000        ; 0.081      ; 0.971      ;
; 0.682 ; buzzer_fur_elise:inst12|controlador_fur_elise:u_ctrl|estado_atual.s19  ; buzzer_fur_elise:inst12|controlador_fur_elise:u_ctrl|estado_atual.s20  ; clock        ; clock       ; 0.000        ; 0.081      ; 0.975      ;
; 0.682 ; seletor_3_musicas:inst29|selecao_out[1]                                ; buzzer_fur_elise:inst12|play_d1                                        ; clock        ; clock       ; 0.000        ; 0.082      ; 0.976      ;
; 0.683 ; buzzer_asa_branca:inst13|mute_d2                                       ; buzzer_asa_branca:inst13|mute_en                                       ; clock        ; clock       ; 0.000        ; 0.081      ; 0.976      ;
; 0.685 ; ir_verilog:inst|get_data[15]                                           ; ir_verilog:inst|comando[7]                                             ; clock        ; clock       ; 0.000        ; 0.082      ; 0.979      ;
; 0.686 ; seletor_3_musicas:inst29|selecao_out[1]                                ; buzzer_sweet:inst8|play_d1                                             ; clock        ; clock       ; 0.000        ; 0.082      ; 0.980      ;
; 0.691 ; buzzer_fur_elise:inst12|controlador_fur_elise:u_ctrl|estado_atual.s41  ; buzzer_fur_elise:inst12|controlador_fur_elise:u_ctrl|Temp_out[6]       ; clock        ; clock       ; 0.000        ; 0.081      ; 0.984      ;
; 0.695 ; seletor_3_musicas:inst29|selecao_out[1]                                ; buzzer_asa_branca:inst13|play_d1                                       ; clock        ; clock       ; 0.000        ; 0.082      ; 0.989      ;
; 0.699 ; debounce:inst3|s0[1]                                                   ; debounce:inst3|s1[1]                                                   ; clock        ; clock       ; 0.000        ; 0.081      ; 0.992      ;
; 0.707 ; buzzer_fur_elise:inst12|controlador_fur_elise:u_ctrl|estado_atual.s36  ; buzzer_fur_elise:inst12|controlador_fur_elise:u_ctrl|estado_atual.s37  ; clock        ; clock       ; 0.000        ; 0.082      ; 1.001      ;
; 0.709 ; buzzer_asa_branca:inst13|mute_d1                                       ; buzzer_asa_branca:inst13|mute_d2                                       ; clock        ; clock       ; 0.000        ; 0.081      ; 1.002      ;
; 0.711 ; buzzer_asa_branca:inst13|play_d1                                       ; buzzer_asa_branca:inst13|play_d2                                       ; clock        ; clock       ; 0.000        ; 0.082      ; 1.005      ;
; 0.729 ; ir_verilog:inst|get_data[14]                                           ; ir_verilog:inst|comando[6]                                             ; clock        ; clock       ; 0.000        ; 0.082      ; 1.023      ;
; 0.731 ; buzzer_asa_branca:inst13|stop_d1                                       ; buzzer_asa_branca:inst13|stop_pulse                                    ; clock        ; clock       ; 0.000        ; 0.081      ; 1.024      ;
; 0.732 ; ir_verilog:inst|irda_reg1                                              ; ir_verilog:inst|estado_atual.ATRASO_900us                              ; clock        ; clock       ; 0.000        ; 0.103      ; 1.047      ;
; 0.734 ; buzzer_asa_branca:inst13|stop_d1                                       ; buzzer_asa_branca:inst13|stop_d2                                       ; clock        ; clock       ; 0.000        ; 0.081      ; 1.027      ;
; 0.740 ; ir_verilog:inst|get_data[5]                                            ; ir_verilog:inst|get_data[6]                                            ; clock        ; clock       ; 0.000        ; 0.082      ; 1.034      ;
; 0.740 ; buzzer_fur_elise:inst12|controlador_fur_elise:u_ctrl|estado_atual.s3   ; buzzer_fur_elise:inst12|controlador_fur_elise:u_ctrl|estado_atual.s4   ; clock        ; clock       ; 0.000        ; 0.081      ; 1.033      ;
+-------+------------------------------------------------------------------------+------------------------------------------------------------------------+--------------+-------------+--------------+------------+------------+


-----------------------------------------------
; Slow 1200mV 85C Model Metastability Summary ;
-----------------------------------------------
Design MTBF is not calculated because the design doesn't meet its timing requirements.



+--------------------------------------------------+
; Slow 1200mV 0C Model Fmax Summary                ;
+------------+-----------------+------------+------+
; Fmax       ; Restricted Fmax ; Clock Name ; Note ;
+------------+-----------------+------------+------+
; 108.11 MHz ; 108.11 MHz      ; clock      ;      ;
+------------+-----------------+------------+------+
This panel reports FMAX for every clock in the design, regardless of the user-specified clock periods.  FMAX is only computed for paths where the source and destination registers or ports are driven by the same clock.  Paths of different clocks, including generated clocks, are ignored.  For paths between a clock and its inversion, FMAX is computed as if the rising and falling edges are scaled along with FMAX, such that the duty cycle (in terms of a percentage) is maintained. Altera recommends that you always use clock constraints and other slack reports for sign-off analysis.


+------------------------------------+
; Slow 1200mV 0C Model Setup Summary ;
+-------+--------+-------------------+
; Clock ; Slack  ; End Point TNS     ;
+-------+--------+-------------------+
; clock ; -8.250 ; -2262.285         ;
+-------+--------+-------------------+


+-----------------------------------+
; Slow 1200mV 0C Model Hold Summary ;
+-------+-------+-------------------+
; Clock ; Slack ; End Point TNS     ;
+-------+-------+-------------------+
; clock ; 0.382 ; 0.000             ;
+-------+-------+-------------------+


-----------------------------------------
; Slow 1200mV 0C Model Recovery Summary ;
-----------------------------------------
No paths to report.


----------------------------------------
; Slow 1200mV 0C Model Removal Summary ;
----------------------------------------
No paths to report.


+--------------------------------------------------+
; Slow 1200mV 0C Model Minimum Pulse Width Summary ;
+-------+--------+---------------------------------+
; Clock ; Slack  ; End Point TNS                   ;
+-------+--------+---------------------------------+
; clock ; -3.000 ; -779.214                        ;
+-------+--------+---------------------------------+


+--------------------------------------------------------------------------------------------------------------------------------------------------------+
; Slow 1200mV 0C Model Setup: 'clock'                                                                                                                    ;
+--------+------------------------------------+------------------------------------+--------------+-------------+--------------+------------+------------+
; Slack  ; From Node                          ; To Node                            ; Launch Clock ; Latch Clock ; Relationship ; Clock Skew ; Data Delay ;
+--------+------------------------------------+------------------------------------+--------------+-------------+--------------+------------+------------+
; -8.250 ; lcd_controller:inst7|clk_count[0]  ; lcd_controller:inst7|clk_count[2]  ; clock        ; clock       ; 1.000        ; -0.081     ; 9.171      ;
; -8.250 ; lcd_controller:inst7|clk_count[0]  ; lcd_controller:inst7|clk_count[1]  ; clock        ; clock       ; 1.000        ; -0.081     ; 9.171      ;
; -8.190 ; lcd_controller:inst7|clk_count[3]  ; lcd_controller:inst7|clk_count[2]  ; clock        ; clock       ; 1.000        ; -0.539     ; 8.653      ;
; -8.190 ; lcd_controller:inst7|clk_count[3]  ; lcd_controller:inst7|clk_count[1]  ; clock        ; clock       ; 1.000        ; -0.539     ; 8.653      ;
; -8.188 ; lcd_controller:inst7|clk_count[4]  ; lcd_controller:inst7|clk_count[2]  ; clock        ; clock       ; 1.000        ; -0.539     ; 8.651      ;
; -8.188 ; lcd_controller:inst7|clk_count[4]  ; lcd_controller:inst7|clk_count[1]  ; clock        ; clock       ; 1.000        ; -0.539     ; 8.651      ;
; -8.087 ; lcd_controller:inst7|clk_count[5]  ; lcd_controller:inst7|clk_count[2]  ; clock        ; clock       ; 1.000        ; -0.539     ; 8.550      ;
; -8.087 ; lcd_controller:inst7|clk_count[5]  ; lcd_controller:inst7|clk_count[1]  ; clock        ; clock       ; 1.000        ; -0.539     ; 8.550      ;
; -8.081 ; lcd_controller:inst7|clk_count[6]  ; lcd_controller:inst7|clk_count[2]  ; clock        ; clock       ; 1.000        ; -0.539     ; 8.544      ;
; -8.081 ; lcd_controller:inst7|clk_count[6]  ; lcd_controller:inst7|clk_count[1]  ; clock        ; clock       ; 1.000        ; -0.539     ; 8.544      ;
; -7.982 ; lcd_controller:inst7|clk_count[7]  ; lcd_controller:inst7|clk_count[2]  ; clock        ; clock       ; 1.000        ; -0.539     ; 8.445      ;
; -7.982 ; lcd_controller:inst7|clk_count[7]  ; lcd_controller:inst7|clk_count[1]  ; clock        ; clock       ; 1.000        ; -0.539     ; 8.445      ;
; -7.906 ; lcd_controller:inst7|clk_count[0]  ; lcd_controller:inst7|clk_count[0]  ; clock        ; clock       ; 1.000        ; -0.073     ; 8.835      ;
; -7.856 ; lcd_controller:inst7|clk_count[8]  ; lcd_controller:inst7|clk_count[2]  ; clock        ; clock       ; 1.000        ; -0.539     ; 8.319      ;
; -7.856 ; lcd_controller:inst7|clk_count[8]  ; lcd_controller:inst7|clk_count[1]  ; clock        ; clock       ; 1.000        ; -0.539     ; 8.319      ;
; -7.850 ; lcd_controller:inst7|clk_count[2]  ; lcd_controller:inst7|clk_count[2]  ; clock        ; clock       ; 1.000        ; -0.073     ; 8.779      ;
; -7.850 ; lcd_controller:inst7|clk_count[2]  ; lcd_controller:inst7|clk_count[1]  ; clock        ; clock       ; 1.000        ; -0.073     ; 8.779      ;
; -7.846 ; lcd_controller:inst7|clk_count[3]  ; lcd_controller:inst7|clk_count[0]  ; clock        ; clock       ; 1.000        ; -0.531     ; 8.317      ;
; -7.844 ; lcd_controller:inst7|clk_count[4]  ; lcd_controller:inst7|clk_count[0]  ; clock        ; clock       ; 1.000        ; -0.531     ; 8.315      ;
; -7.842 ; lcd_controller:inst7|clk_count[1]  ; lcd_controller:inst7|clk_count[2]  ; clock        ; clock       ; 1.000        ; -0.073     ; 8.771      ;
; -7.842 ; lcd_controller:inst7|clk_count[1]  ; lcd_controller:inst7|clk_count[1]  ; clock        ; clock       ; 1.000        ; -0.073     ; 8.771      ;
; -7.839 ; lcd_controller:inst7|clk_count[9]  ; lcd_controller:inst7|clk_count[2]  ; clock        ; clock       ; 1.000        ; -0.541     ; 8.300      ;
; -7.839 ; lcd_controller:inst7|clk_count[9]  ; lcd_controller:inst7|clk_count[1]  ; clock        ; clock       ; 1.000        ; -0.541     ; 8.300      ;
; -7.805 ; lcd_controller:inst7|clk_count[0]  ; lcd_controller:inst7|clk_count[5]  ; clock        ; clock       ; 1.000        ; 0.366      ; 9.173      ;
; -7.805 ; lcd_controller:inst7|clk_count[0]  ; lcd_controller:inst7|clk_count[14] ; clock        ; clock       ; 1.000        ; 0.366      ; 9.173      ;
; -7.804 ; lcd_controller:inst7|clk_count[0]  ; lcd_controller:inst7|clk_count[8]  ; clock        ; clock       ; 1.000        ; 0.366      ; 9.172      ;
; -7.804 ; lcd_controller:inst7|clk_count[0]  ; lcd_controller:inst7|clk_count[6]  ; clock        ; clock       ; 1.000        ; 0.366      ; 9.172      ;
; -7.803 ; lcd_controller:inst7|clk_count[0]  ; lcd_controller:inst7|clk_count[3]  ; clock        ; clock       ; 1.000        ; 0.366      ; 9.171      ;
; -7.803 ; lcd_controller:inst7|clk_count[0]  ; lcd_controller:inst7|clk_count[7]  ; clock        ; clock       ; 1.000        ; 0.366      ; 9.171      ;
; -7.802 ; lcd_controller:inst7|clk_count[0]  ; lcd_controller:inst7|clk_count[4]  ; clock        ; clock       ; 1.000        ; 0.366      ; 9.170      ;
; -7.745 ; lcd_controller:inst7|clk_count[3]  ; lcd_controller:inst7|clk_count[5]  ; clock        ; clock       ; 1.000        ; -0.092     ; 8.655      ;
; -7.745 ; lcd_controller:inst7|clk_count[3]  ; lcd_controller:inst7|clk_count[14] ; clock        ; clock       ; 1.000        ; -0.092     ; 8.655      ;
; -7.744 ; lcd_controller:inst7|clk_count[3]  ; lcd_controller:inst7|clk_count[8]  ; clock        ; clock       ; 1.000        ; -0.092     ; 8.654      ;
; -7.744 ; lcd_controller:inst7|clk_count[3]  ; lcd_controller:inst7|clk_count[6]  ; clock        ; clock       ; 1.000        ; -0.092     ; 8.654      ;
; -7.743 ; lcd_controller:inst7|clk_count[5]  ; lcd_controller:inst7|clk_count[0]  ; clock        ; clock       ; 1.000        ; -0.531     ; 8.214      ;
; -7.743 ; lcd_controller:inst7|clk_count[4]  ; lcd_controller:inst7|clk_count[5]  ; clock        ; clock       ; 1.000        ; -0.092     ; 8.653      ;
; -7.743 ; lcd_controller:inst7|clk_count[4]  ; lcd_controller:inst7|clk_count[14] ; clock        ; clock       ; 1.000        ; -0.092     ; 8.653      ;
; -7.743 ; lcd_controller:inst7|clk_count[3]  ; lcd_controller:inst7|clk_count[3]  ; clock        ; clock       ; 1.000        ; -0.092     ; 8.653      ;
; -7.743 ; lcd_controller:inst7|clk_count[3]  ; lcd_controller:inst7|clk_count[7]  ; clock        ; clock       ; 1.000        ; -0.092     ; 8.653      ;
; -7.742 ; lcd_controller:inst7|clk_count[4]  ; lcd_controller:inst7|clk_count[8]  ; clock        ; clock       ; 1.000        ; -0.092     ; 8.652      ;
; -7.742 ; lcd_controller:inst7|clk_count[4]  ; lcd_controller:inst7|clk_count[6]  ; clock        ; clock       ; 1.000        ; -0.092     ; 8.652      ;
; -7.742 ; lcd_controller:inst7|clk_count[3]  ; lcd_controller:inst7|clk_count[4]  ; clock        ; clock       ; 1.000        ; -0.092     ; 8.652      ;
; -7.741 ; lcd_controller:inst7|clk_count[4]  ; lcd_controller:inst7|clk_count[3]  ; clock        ; clock       ; 1.000        ; -0.092     ; 8.651      ;
; -7.741 ; lcd_controller:inst7|clk_count[4]  ; lcd_controller:inst7|clk_count[7]  ; clock        ; clock       ; 1.000        ; -0.092     ; 8.651      ;
; -7.740 ; lcd_controller:inst7|clk_count[4]  ; lcd_controller:inst7|clk_count[4]  ; clock        ; clock       ; 1.000        ; -0.092     ; 8.650      ;
; -7.737 ; lcd_controller:inst7|clk_count[6]  ; lcd_controller:inst7|clk_count[0]  ; clock        ; clock       ; 1.000        ; -0.531     ; 8.208      ;
; -7.685 ; lcd_controller:inst7|clk_count[10] ; lcd_controller:inst7|clk_count[2]  ; clock        ; clock       ; 1.000        ; -0.541     ; 8.146      ;
; -7.685 ; lcd_controller:inst7|clk_count[10] ; lcd_controller:inst7|clk_count[1]  ; clock        ; clock       ; 1.000        ; -0.541     ; 8.146      ;
; -7.675 ; lcd_controller:inst7|clk_count[11] ; lcd_controller:inst7|clk_count[2]  ; clock        ; clock       ; 1.000        ; -0.541     ; 8.136      ;
; -7.675 ; lcd_controller:inst7|clk_count[11] ; lcd_controller:inst7|clk_count[1]  ; clock        ; clock       ; 1.000        ; -0.541     ; 8.136      ;
; -7.642 ; lcd_controller:inst7|clk_count[5]  ; lcd_controller:inst7|clk_count[5]  ; clock        ; clock       ; 1.000        ; -0.092     ; 8.552      ;
; -7.642 ; lcd_controller:inst7|clk_count[5]  ; lcd_controller:inst7|clk_count[14] ; clock        ; clock       ; 1.000        ; -0.092     ; 8.552      ;
; -7.641 ; lcd_controller:inst7|clk_count[5]  ; lcd_controller:inst7|clk_count[8]  ; clock        ; clock       ; 1.000        ; -0.092     ; 8.551      ;
; -7.641 ; lcd_controller:inst7|clk_count[5]  ; lcd_controller:inst7|clk_count[6]  ; clock        ; clock       ; 1.000        ; -0.092     ; 8.551      ;
; -7.640 ; lcd_controller:inst7|clk_count[5]  ; lcd_controller:inst7|clk_count[3]  ; clock        ; clock       ; 1.000        ; -0.092     ; 8.550      ;
; -7.640 ; lcd_controller:inst7|clk_count[5]  ; lcd_controller:inst7|clk_count[7]  ; clock        ; clock       ; 1.000        ; -0.092     ; 8.550      ;
; -7.639 ; lcd_controller:inst7|clk_count[5]  ; lcd_controller:inst7|clk_count[4]  ; clock        ; clock       ; 1.000        ; -0.092     ; 8.549      ;
; -7.638 ; lcd_controller:inst7|clk_count[7]  ; lcd_controller:inst7|clk_count[0]  ; clock        ; clock       ; 1.000        ; -0.531     ; 8.109      ;
; -7.636 ; lcd_controller:inst7|clk_count[6]  ; lcd_controller:inst7|clk_count[5]  ; clock        ; clock       ; 1.000        ; -0.092     ; 8.546      ;
; -7.636 ; lcd_controller:inst7|clk_count[6]  ; lcd_controller:inst7|clk_count[14] ; clock        ; clock       ; 1.000        ; -0.092     ; 8.546      ;
; -7.635 ; lcd_controller:inst7|clk_count[6]  ; lcd_controller:inst7|clk_count[8]  ; clock        ; clock       ; 1.000        ; -0.092     ; 8.545      ;
; -7.635 ; lcd_controller:inst7|clk_count[6]  ; lcd_controller:inst7|clk_count[6]  ; clock        ; clock       ; 1.000        ; -0.092     ; 8.545      ;
; -7.634 ; lcd_controller:inst7|clk_count[6]  ; lcd_controller:inst7|clk_count[3]  ; clock        ; clock       ; 1.000        ; -0.092     ; 8.544      ;
; -7.634 ; lcd_controller:inst7|clk_count[6]  ; lcd_controller:inst7|clk_count[7]  ; clock        ; clock       ; 1.000        ; -0.092     ; 8.544      ;
; -7.633 ; lcd_controller:inst7|clk_count[6]  ; lcd_controller:inst7|clk_count[4]  ; clock        ; clock       ; 1.000        ; -0.092     ; 8.543      ;
; -7.621 ; lcd_controller:inst7|clk_count[3]  ; lcd_controller:inst7|lcd_data[6]   ; clock        ; clock       ; 1.000        ; -0.122     ; 8.501      ;
; -7.621 ; lcd_controller:inst7|clk_count[3]  ; lcd_controller:inst7|lcd_data[7]   ; clock        ; clock       ; 1.000        ; -0.122     ; 8.501      ;
; -7.621 ; lcd_controller:inst7|clk_count[3]  ; lcd_controller:inst7|lcd_data[0]   ; clock        ; clock       ; 1.000        ; -0.122     ; 8.501      ;
; -7.621 ; lcd_controller:inst7|clk_count[3]  ; lcd_controller:inst7|lcd_data[1]   ; clock        ; clock       ; 1.000        ; -0.122     ; 8.501      ;
; -7.621 ; lcd_controller:inst7|clk_count[3]  ; lcd_controller:inst7|lcd_data[2]   ; clock        ; clock       ; 1.000        ; -0.122     ; 8.501      ;
; -7.621 ; lcd_controller:inst7|clk_count[3]  ; lcd_controller:inst7|lcd_data[3]   ; clock        ; clock       ; 1.000        ; -0.122     ; 8.501      ;
; -7.621 ; lcd_controller:inst7|clk_count[3]  ; lcd_controller:inst7|lcd_data[4]   ; clock        ; clock       ; 1.000        ; -0.122     ; 8.501      ;
; -7.621 ; lcd_controller:inst7|clk_count[3]  ; lcd_controller:inst7|lcd_data[5]   ; clock        ; clock       ; 1.000        ; -0.122     ; 8.501      ;
; -7.582 ; lcd_controller:inst7|clk_count[0]  ; lcd_controller:inst7|lcd_data[6]   ; clock        ; clock       ; 1.000        ; 0.336      ; 8.920      ;
; -7.582 ; lcd_controller:inst7|clk_count[0]  ; lcd_controller:inst7|lcd_data[7]   ; clock        ; clock       ; 1.000        ; 0.336      ; 8.920      ;
; -7.582 ; lcd_controller:inst7|clk_count[0]  ; lcd_controller:inst7|lcd_data[0]   ; clock        ; clock       ; 1.000        ; 0.336      ; 8.920      ;
; -7.582 ; lcd_controller:inst7|clk_count[0]  ; lcd_controller:inst7|lcd_data[1]   ; clock        ; clock       ; 1.000        ; 0.336      ; 8.920      ;
; -7.582 ; lcd_controller:inst7|clk_count[0]  ; lcd_controller:inst7|lcd_data[2]   ; clock        ; clock       ; 1.000        ; 0.336      ; 8.920      ;
; -7.582 ; lcd_controller:inst7|clk_count[0]  ; lcd_controller:inst7|lcd_data[3]   ; clock        ; clock       ; 1.000        ; 0.336      ; 8.920      ;
; -7.582 ; lcd_controller:inst7|clk_count[0]  ; lcd_controller:inst7|lcd_data[4]   ; clock        ; clock       ; 1.000        ; 0.336      ; 8.920      ;
; -7.582 ; lcd_controller:inst7|clk_count[0]  ; lcd_controller:inst7|lcd_data[5]   ; clock        ; clock       ; 1.000        ; 0.336      ; 8.920      ;
; -7.537 ; lcd_controller:inst7|clk_count[7]  ; lcd_controller:inst7|clk_count[5]  ; clock        ; clock       ; 1.000        ; -0.092     ; 8.447      ;
; -7.537 ; lcd_controller:inst7|clk_count[7]  ; lcd_controller:inst7|clk_count[14] ; clock        ; clock       ; 1.000        ; -0.092     ; 8.447      ;
; -7.536 ; lcd_controller:inst7|clk_count[7]  ; lcd_controller:inst7|clk_count[8]  ; clock        ; clock       ; 1.000        ; -0.092     ; 8.446      ;
; -7.536 ; lcd_controller:inst7|clk_count[7]  ; lcd_controller:inst7|clk_count[6]  ; clock        ; clock       ; 1.000        ; -0.092     ; 8.446      ;
; -7.535 ; lcd_controller:inst7|clk_count[7]  ; lcd_controller:inst7|clk_count[3]  ; clock        ; clock       ; 1.000        ; -0.092     ; 8.445      ;
; -7.535 ; lcd_controller:inst7|clk_count[7]  ; lcd_controller:inst7|clk_count[7]  ; clock        ; clock       ; 1.000        ; -0.092     ; 8.445      ;
; -7.534 ; lcd_controller:inst7|clk_count[7]  ; lcd_controller:inst7|clk_count[4]  ; clock        ; clock       ; 1.000        ; -0.092     ; 8.444      ;
; -7.520 ; lcd_controller:inst7|clk_count[4]  ; lcd_controller:inst7|lcd_data[6]   ; clock        ; clock       ; 1.000        ; -0.122     ; 8.400      ;
; -7.520 ; lcd_controller:inst7|clk_count[4]  ; lcd_controller:inst7|lcd_data[7]   ; clock        ; clock       ; 1.000        ; -0.122     ; 8.400      ;
; -7.520 ; lcd_controller:inst7|clk_count[4]  ; lcd_controller:inst7|lcd_data[0]   ; clock        ; clock       ; 1.000        ; -0.122     ; 8.400      ;
; -7.520 ; lcd_controller:inst7|clk_count[4]  ; lcd_controller:inst7|lcd_data[1]   ; clock        ; clock       ; 1.000        ; -0.122     ; 8.400      ;
; -7.520 ; lcd_controller:inst7|clk_count[4]  ; lcd_controller:inst7|lcd_data[2]   ; clock        ; clock       ; 1.000        ; -0.122     ; 8.400      ;
; -7.520 ; lcd_controller:inst7|clk_count[4]  ; lcd_controller:inst7|lcd_data[3]   ; clock        ; clock       ; 1.000        ; -0.122     ; 8.400      ;
; -7.520 ; lcd_controller:inst7|clk_count[4]  ; lcd_controller:inst7|lcd_data[4]   ; clock        ; clock       ; 1.000        ; -0.122     ; 8.400      ;
; -7.520 ; lcd_controller:inst7|clk_count[4]  ; lcd_controller:inst7|lcd_data[5]   ; clock        ; clock       ; 1.000        ; -0.122     ; 8.400      ;
; -7.518 ; lcd_controller:inst7|clk_count[5]  ; lcd_controller:inst7|lcd_data[6]   ; clock        ; clock       ; 1.000        ; -0.122     ; 8.398      ;
; -7.518 ; lcd_controller:inst7|clk_count[5]  ; lcd_controller:inst7|lcd_data[7]   ; clock        ; clock       ; 1.000        ; -0.122     ; 8.398      ;
; -7.518 ; lcd_controller:inst7|clk_count[5]  ; lcd_controller:inst7|lcd_data[0]   ; clock        ; clock       ; 1.000        ; -0.122     ; 8.398      ;
; -7.518 ; lcd_controller:inst7|clk_count[5]  ; lcd_controller:inst7|lcd_data[1]   ; clock        ; clock       ; 1.000        ; -0.122     ; 8.398      ;
+--------+------------------------------------+------------------------------------+--------------+-------------+--------------+------------+------------+


+-------------------------------------------------------------------------------------------------------------------------------------------------------------------------------------------------------------------------------+
; Slow 1200mV 0C Model Hold: 'clock'                                                                                                                                                                                            ;
+-------+------------------------------------------------------------------------+------------------------------------------------------------------------+--------------+-------------+--------------+------------+------------+
; Slack ; From Node                                                              ; To Node                                                                ; Launch Clock ; Latch Clock ; Relationship ; Clock Skew ; Data Delay ;
+-------+------------------------------------------------------------------------+------------------------------------------------------------------------+--------------+-------------+--------------+------------+------------+
; 0.382 ; lcd_controller:inst7|rs                                                ; lcd_controller:inst7|rs                                                ; clock        ; clock       ; 0.000        ; 0.092      ; 0.669      ;
; 0.382 ; lcd_controller:inst7|estado.ENERGIZACAO                                ; lcd_controller:inst7|estado.ENERGIZACAO                                ; clock        ; clock       ; 0.000        ; 0.092      ; 0.669      ;
; 0.382 ; lcd_controller:inst7|estado.PRONTO                                     ; lcd_controller:inst7|estado.PRONTO                                     ; clock        ; clock       ; 0.000        ; 0.092      ; 0.669      ;
; 0.383 ; ir_verilog:inst|estado_atual.ATRASO_900us                              ; ir_verilog:inst|estado_atual.ATRASO_900us                              ; clock        ; clock       ; 0.000        ; 0.091      ; 0.669      ;
; 0.383 ; ir_verilog:inst|estado_atual.ATRASO_450us                              ; ir_verilog:inst|estado_atual.ATRASO_450us                              ; clock        ; clock       ; 0.000        ; 0.091      ; 0.669      ;
; 0.401 ; buzzer_sweet:inst8|divisor_clock:u_div|toggle                          ; buzzer_sweet:inst8|divisor_clock:u_div|toggle                          ; clock        ; clock       ; 0.000        ; 0.073      ; 0.669      ;
; 0.401 ; buzzer_asa_branca:inst13|divisor_clock:u_div|toggle                    ; buzzer_asa_branca:inst13|divisor_clock:u_div|toggle                    ; clock        ; clock       ; 0.000        ; 0.073      ; 0.669      ;
; 0.401 ; ir_verilog:inst|get_data[0]                                            ; ir_verilog:inst|get_data[0]                                            ; clock        ; clock       ; 0.000        ; 0.073      ; 0.669      ;
; 0.401 ; ir_verilog:inst|error_flag                                             ; ir_verilog:inst|error_flag                                             ; clock        ; clock       ; 0.000        ; 0.073      ; 0.669      ;
; 0.401 ; buzzer_asa_branca:inst13|run_en                                        ; buzzer_asa_branca:inst13|run_en                                        ; clock        ; clock       ; 0.000        ; 0.073      ; 0.669      ;
; 0.401 ; debounce:inst3|stable[1]                                               ; debounce:inst3|stable[1]                                               ; clock        ; clock       ; 0.000        ; 0.073      ; 0.669      ;
; 0.402 ; buzzer_asa_branca:inst13|controlador_asa_branca:u_ctrl|estado_atual[3] ; buzzer_asa_branca:inst13|controlador_asa_branca:u_ctrl|estado_atual[3] ; clock        ; clock       ; 0.000        ; 0.072      ; 0.669      ;
; 0.402 ; buzzer_asa_branca:inst13|controlador_asa_branca:u_ctrl|enable          ; buzzer_asa_branca:inst13|controlador_asa_branca:u_ctrl|enable          ; clock        ; clock       ; 0.000        ; 0.072      ; 0.669      ;
; 0.402 ; buzzer_asa_branca:inst13|controlador_asa_branca:u_ctrl|armed           ; buzzer_asa_branca:inst13|controlador_asa_branca:u_ctrl|armed           ; clock        ; clock       ; 0.000        ; 0.072      ; 0.669      ;
; 0.402 ; buzzer_asa_branca:inst13|controlador_asa_branca:u_ctrl|estado_atual[0] ; buzzer_asa_branca:inst13|controlador_asa_branca:u_ctrl|estado_atual[0] ; clock        ; clock       ; 0.000        ; 0.072      ; 0.669      ;
; 0.402 ; buzzer_asa_branca:inst13|controlador_asa_branca:u_ctrl|estado_atual[4] ; buzzer_asa_branca:inst13|controlador_asa_branca:u_ctrl|estado_atual[4] ; clock        ; clock       ; 0.000        ; 0.072      ; 0.669      ;
; 0.402 ; buzzer_asa_branca:inst13|controlador_asa_branca:u_ctrl|estado_atual[5] ; buzzer_asa_branca:inst13|controlador_asa_branca:u_ctrl|estado_atual[5] ; clock        ; clock       ; 0.000        ; 0.072      ; 0.669      ;
; 0.402 ; buzzer_sweet:inst8|is_stopped                                          ; buzzer_sweet:inst8|is_stopped                                          ; clock        ; clock       ; 0.000        ; 0.072      ; 0.669      ;
; 0.402 ; buzzer_sweet:inst8|run_en                                              ; buzzer_sweet:inst8|run_en                                              ; clock        ; clock       ; 0.000        ; 0.072      ; 0.669      ;
; 0.402 ; buzzer_sweet:inst8|controlador_sweet:u_ctrl|estado_atual[2]            ; buzzer_sweet:inst8|controlador_sweet:u_ctrl|estado_atual[2]            ; clock        ; clock       ; 0.000        ; 0.072      ; 0.669      ;
; 0.402 ; buzzer_sweet:inst8|controlador_sweet:u_ctrl|estado_atual[4]            ; buzzer_sweet:inst8|controlador_sweet:u_ctrl|estado_atual[4]            ; clock        ; clock       ; 0.000        ; 0.072      ; 0.669      ;
; 0.402 ; buzzer_sweet:inst8|controlador_sweet:u_ctrl|estado_atual[1]            ; buzzer_sweet:inst8|controlador_sweet:u_ctrl|estado_atual[1]            ; clock        ; clock       ; 0.000        ; 0.072      ; 0.669      ;
; 0.402 ; buzzer_sweet:inst8|controlador_sweet:u_ctrl|estado_atual[3]            ; buzzer_sweet:inst8|controlador_sweet:u_ctrl|estado_atual[3]            ; clock        ; clock       ; 0.000        ; 0.072      ; 0.669      ;
; 0.402 ; buzzer_sweet:inst8|controlador_sweet:u_ctrl|estado_atual[0]            ; buzzer_sweet:inst8|controlador_sweet:u_ctrl|estado_atual[0]            ; clock        ; clock       ; 0.000        ; 0.072      ; 0.669      ;
; 0.402 ; buzzer_sweet:inst8|controlador_sweet:u_ctrl|armed                      ; buzzer_sweet:inst8|controlador_sweet:u_ctrl|armed                      ; clock        ; clock       ; 0.000        ; 0.072      ; 0.669      ;
; 0.402 ; debounce:inst3|stable[0]                                               ; debounce:inst3|stable[0]                                               ; clock        ; clock       ; 0.000        ; 0.072      ; 0.669      ;
; 0.402 ; debounce:inst3|stable[2]                                               ; debounce:inst3|stable[2]                                               ; clock        ; clock       ; 0.000        ; 0.072      ; 0.669      ;
; 0.402 ; buzzer_fur_elise:inst12|mute_en                                        ; buzzer_fur_elise:inst12|mute_en                                        ; clock        ; clock       ; 0.000        ; 0.072      ; 0.669      ;
; 0.402 ; buzzer_fur_elise:inst12|divisor_clock:u_div|toggle                     ; buzzer_fur_elise:inst12|divisor_clock:u_div|toggle                     ; clock        ; clock       ; 0.000        ; 0.072      ; 0.669      ;
; 0.402 ; buzzer_sweet:inst8|mute_en                                             ; buzzer_sweet:inst8|mute_en                                             ; clock        ; clock       ; 0.000        ; 0.072      ; 0.669      ;
; 0.402 ; buzzer_asa_branca:inst13|mute_en                                       ; buzzer_asa_branca:inst13|mute_en                                       ; clock        ; clock       ; 0.000        ; 0.072      ; 0.669      ;
; 0.402 ; buzzer_fur_elise:inst12|run_en                                         ; buzzer_fur_elise:inst12|run_en                                         ; clock        ; clock       ; 0.000        ; 0.072      ; 0.669      ;
; 0.402 ; contador_creditos_simples:inst1|contagem_out[0]                        ; contador_creditos_simples:inst1|contagem_out[0]                        ; clock        ; clock       ; 0.000        ; 0.072      ; 0.669      ;
; 0.402 ; contador_creditos_simples:inst1|contagem_out[4]                        ; contador_creditos_simples:inst1|contagem_out[4]                        ; clock        ; clock       ; 0.000        ; 0.072      ; 0.669      ;
; 0.402 ; contador_creditos_simples:inst1|contagem_out[8]                        ; contador_creditos_simples:inst1|contagem_out[8]                        ; clock        ; clock       ; 0.000        ; 0.072      ; 0.669      ;
; 0.402 ; contador_creditos_simples:inst1|contagem_out[12]                       ; contador_creditos_simples:inst1|contagem_out[12]                       ; clock        ; clock       ; 0.000        ; 0.072      ; 0.669      ;
; 0.402 ; debounce:inst3|stable[3]                                               ; debounce:inst3|stable[3]                                               ; clock        ; clock       ; 0.000        ; 0.072      ; 0.669      ;
; 0.402 ; seletor_menu:inst16|menu_select                                        ; seletor_menu:inst16|menu_select                                        ; clock        ; clock       ; 0.000        ; 0.072      ; 0.669      ;
; 0.449 ; buzzer_fur_elise:inst12|stop_d2                                        ; buzzer_fur_elise:inst12|stop_pulse                                     ; clock        ; clock       ; 0.000        ; 0.072      ; 0.716      ;
; 0.453 ; ir_verilog:inst|irda_reg0                                              ; ir_verilog:inst|irda_reg1                                              ; clock        ; clock       ; 0.000        ; 0.091      ; 0.739      ;
; 0.455 ; buzzer_fur_elise:inst12|mute_d1                                        ; buzzer_fur_elise:inst12|mute_en                                        ; clock        ; clock       ; 0.000        ; 0.072      ; 0.722      ;
; 0.455 ; buzzer_sweet:inst8|mute_d1                                             ; buzzer_sweet:inst8|mute_en                                             ; clock        ; clock       ; 0.000        ; 0.072      ; 0.722      ;
; 0.456 ; debounce:inst3|cnt[2][21]                                              ; debounce:inst3|cnt[2][21]                                              ; clock        ; clock       ; 0.000        ; 0.073      ; 0.724      ;
; 0.456 ; debounce:inst3|cnt[3][21]                                              ; debounce:inst3|cnt[3][21]                                              ; clock        ; clock       ; 0.000        ; 0.073      ; 0.724      ;
; 0.457 ; debounce:inst3|cnt[1][21]                                              ; debounce:inst3|cnt[1][21]                                              ; clock        ; clock       ; 0.000        ; 0.072      ; 0.724      ;
; 0.458 ; debounce:inst3|cnt[0][21]                                              ; debounce:inst3|cnt[0][21]                                              ; clock        ; clock       ; 0.000        ; 0.071      ; 0.724      ;
; 0.469 ; buzzer_sweet:inst8|play_d2                                             ; buzzer_sweet:inst8|start_play                                          ; clock        ; clock       ; 0.000        ; 0.072      ; 0.736      ;
; 0.470 ; ir_verilog:inst|data_cnt[5]                                            ; ir_verilog:inst|data_cnt[5]                                            ; clock        ; clock       ; 0.000        ; 0.072      ; 0.737      ;
; 0.478 ; buzzer_sweet:inst8|mute_d1                                             ; buzzer_sweet:inst8|mute_d2                                             ; clock        ; clock       ; 0.000        ; 0.072      ; 0.745      ;
; 0.479 ; buzzer_fur_elise:inst12|mute_d1                                        ; buzzer_fur_elise:inst12|mute_d2                                        ; clock        ; clock       ; 0.000        ; 0.072      ; 0.746      ;
; 0.479 ; buzzer_fur_elise:inst12|controlador_fur_elise:u_ctrl|estado_atual.s29  ; buzzer_fur_elise:inst12|controlador_fur_elise:u_ctrl|estado_atual.s30  ; clock        ; clock       ; 0.000        ; 0.072      ; 0.746      ;
; 0.486 ; buzzer_fur_elise:inst12|controlador_fur_elise:u_ctrl|estado_atual.s30  ; buzzer_fur_elise:inst12|controlador_fur_elise:u_ctrl|estado_atual.s31  ; clock        ; clock       ; 0.000        ; 0.072      ; 0.753      ;
; 0.486 ; contador_creditos_simples:inst1|contagem_out[3]                        ; contador_creditos_simples:inst1|contagem_out[3]                        ; clock        ; clock       ; 0.000        ; 0.072      ; 0.753      ;
; 0.489 ; buzzer_fur_elise:inst12|controlador_fur_elise:u_ctrl|estado_atual.s35  ; buzzer_fur_elise:inst12|controlador_fur_elise:u_ctrl|estado_atual.s36  ; clock        ; clock       ; 0.000        ; 0.072      ; 0.756      ;
; 0.494 ; buzzer_sweet:inst8|stop_pulse                                          ; buzzer_sweet:inst8|controlador_sweet:u_ctrl|enable                     ; clock        ; clock       ; 0.000        ; 0.072      ; 0.761      ;
; 0.494 ; buzzer_sweet:inst8|stop_pulse                                          ; buzzer_sweet:inst8|controlador_sweet:u_ctrl|armed                      ; clock        ; clock       ; 0.000        ; 0.072      ; 0.761      ;
; 0.494 ; buzzer_fur_elise:inst12|controlador_fur_elise:u_ctrl|estado_atual.s28  ; buzzer_fur_elise:inst12|controlador_fur_elise:u_ctrl|estado_atual.s29  ; clock        ; clock       ; 0.000        ; 0.072      ; 0.761      ;
; 0.501 ; buzzer_fur_elise:inst12|controlador_fur_elise:u_ctrl|estado_atual.s40  ; buzzer_fur_elise:inst12|controlador_fur_elise:u_ctrl|Temp_out[7]       ; clock        ; clock       ; 0.000        ; 0.072      ; 0.768      ;
; 0.506 ; contador_creditos_simples:inst1|contagem_out[7]                        ; contador_creditos_simples:inst1|contagem_out[7]                        ; clock        ; clock       ; 0.000        ; 0.072      ; 0.773      ;
; 0.513 ; contador_creditos_simples:inst1|contagem_out[11]                       ; contador_creditos_simples:inst1|contagem_out[11]                       ; clock        ; clock       ; 0.000        ; 0.072      ; 0.780      ;
; 0.581 ; buzzer_asa_branca:inst13|stop_d2                                       ; buzzer_asa_branca:inst13|stop_pulse                                    ; clock        ; clock       ; 0.000        ; 0.073      ; 0.849      ;
; 0.599 ; ir_verilog:inst|get_data[6]                                            ; ir_verilog:inst|get_data[7]                                            ; clock        ; clock       ; 0.000        ; 0.072      ; 0.866      ;
; 0.599 ; ir_verilog:inst|get_data[4]                                            ; ir_verilog:inst|get_data[5]                                            ; clock        ; clock       ; 0.000        ; 0.072      ; 0.866      ;
; 0.599 ; buzzer_fur_elise:inst12|controlador_fur_elise:u_ctrl|song_end_r        ; buzzer_fur_elise:inst12|stop_pulse                                     ; clock        ; clock       ; 0.000        ; 0.072      ; 0.866      ;
; 0.599 ; buzzer_fur_elise:inst12|controlador_fur_elise:u_ctrl|estado_atual.s0   ; buzzer_fur_elise:inst12|controlador_fur_elise:u_ctrl|Temp_out[7]       ; clock        ; clock       ; 0.000        ; 0.072      ; 0.866      ;
; 0.602 ; buzzer_fur_elise:inst12|controlador_fur_elise:u_ctrl|estado_atual.s1   ; buzzer_fur_elise:inst12|controlador_fur_elise:u_ctrl|estado_atual.s2   ; clock        ; clock       ; 0.000        ; 0.073      ; 0.870      ;
; 0.603 ; buzzer_fur_elise:inst12|controlador_fur_elise:u_ctrl|estado_atual.s26  ; buzzer_fur_elise:inst12|controlador_fur_elise:u_ctrl|estado_atual.s27  ; clock        ; clock       ; 0.000        ; 0.072      ; 0.870      ;
; 0.606 ; buzzer_fur_elise:inst12|controlador_fur_elise:u_ctrl|estado_atual.s10  ; buzzer_fur_elise:inst12|controlador_fur_elise:u_ctrl|estado_atual.s11  ; clock        ; clock       ; 0.000        ; 0.073      ; 0.874      ;
; 0.607 ; ir_verilog:inst|get_data[15]                                           ; ir_verilog:inst|comando[7]                                             ; clock        ; clock       ; 0.000        ; 0.074      ; 0.876      ;
; 0.607 ; buzzer_fur_elise:inst12|controlador_fur_elise:u_ctrl|estado_atual.s4   ; buzzer_fur_elise:inst12|controlador_fur_elise:u_ctrl|estado_atual.s5   ; clock        ; clock       ; 0.000        ; 0.072      ; 0.874      ;
; 0.608 ; buzzer_fur_elise:inst12|controlador_fur_elise:u_ctrl|estado_atual.s25  ; buzzer_fur_elise:inst12|controlador_fur_elise:u_ctrl|estado_atual.s26  ; clock        ; clock       ; 0.000        ; 0.072      ; 0.875      ;
; 0.609 ; buzzer_fur_elise:inst12|controlador_fur_elise:u_ctrl|estado_atual.s8   ; buzzer_fur_elise:inst12|controlador_fur_elise:u_ctrl|estado_atual.s9   ; clock        ; clock       ; 0.000        ; 0.072      ; 0.876      ;
; 0.610 ; buzzer_fur_elise:inst12|controlador_fur_elise:u_ctrl|estado_atual.s38  ; buzzer_fur_elise:inst12|controlador_fur_elise:u_ctrl|estado_atual.s39  ; clock        ; clock       ; 0.000        ; 0.072      ; 0.877      ;
; 0.615 ; buzzer_asa_branca:inst13|mute_d2                                       ; buzzer_asa_branca:inst13|mute_en                                       ; clock        ; clock       ; 0.000        ; 0.072      ; 0.882      ;
; 0.620 ; ir_verilog:inst|get_data[11]                                           ; ir_verilog:inst|get_data[12]                                           ; clock        ; clock       ; 0.000        ; 0.072      ; 0.887      ;
; 0.620 ; buzzer_fur_elise:inst12|controlador_fur_elise:u_ctrl|estado_atual.s19  ; buzzer_fur_elise:inst12|controlador_fur_elise:u_ctrl|Temp_out[5]       ; clock        ; clock       ; 0.000        ; 0.072      ; 0.887      ;
; 0.622 ; buzzer_fur_elise:inst12|controlador_fur_elise:u_ctrl|estado_atual.s7   ; buzzer_fur_elise:inst12|controlador_fur_elise:u_ctrl|estado_atual.s8   ; clock        ; clock       ; 0.000        ; 0.072      ; 0.889      ;
; 0.622 ; buzzer_fur_elise:inst12|controlador_fur_elise:u_ctrl|estado_atual.s13  ; buzzer_fur_elise:inst12|controlador_fur_elise:u_ctrl|estado_atual.s14  ; clock        ; clock       ; 0.000        ; 0.073      ; 0.890      ;
; 0.623 ; ir_verilog:inst|get_data[9]                                            ; ir_verilog:inst|get_data[10]                                           ; clock        ; clock       ; 0.000        ; 0.072      ; 0.890      ;
; 0.623 ; buzzer_fur_elise:inst12|controlador_fur_elise:u_ctrl|estado_atual.s11  ; buzzer_fur_elise:inst12|controlador_fur_elise:u_ctrl|estado_atual.s12  ; clock        ; clock       ; 0.000        ; 0.073      ; 0.891      ;
; 0.624 ; buzzer_fur_elise:inst12|controlador_fur_elise:u_ctrl|estado_atual.s12  ; buzzer_fur_elise:inst12|controlador_fur_elise:u_ctrl|estado_atual.s13  ; clock        ; clock       ; 0.000        ; 0.073      ; 0.892      ;
; 0.624 ; buzzer_fur_elise:inst12|controlador_fur_elise:u_ctrl|estado_atual.s33  ; buzzer_fur_elise:inst12|controlador_fur_elise:u_ctrl|estado_atual.s34  ; clock        ; clock       ; 0.000        ; 0.072      ; 0.891      ;
; 0.626 ; buzzer_fur_elise:inst12|controlador_fur_elise:u_ctrl|estado_atual.s41  ; buzzer_fur_elise:inst12|controlador_fur_elise:u_ctrl|estado_atual.s0   ; clock        ; clock       ; 0.000        ; 0.072      ; 0.893      ;
; 0.630 ; buzzer_fur_elise:inst12|controlador_fur_elise:u_ctrl|estado_atual.s32  ; buzzer_fur_elise:inst12|controlador_fur_elise:u_ctrl|Freq_out[13]      ; clock        ; clock       ; 0.000        ; 0.072      ; 0.897      ;
; 0.631 ; buzzer_fur_elise:inst12|controlador_fur_elise:u_ctrl|estado_atual.s32  ; buzzer_fur_elise:inst12|controlador_fur_elise:u_ctrl|estado_atual.s33  ; clock        ; clock       ; 0.000        ; 0.072      ; 0.898      ;
; 0.633 ; seletor_3_musicas:inst29|selecao_out[1]                                ; buzzer_fur_elise:inst12|play_d1                                        ; clock        ; clock       ; 0.000        ; 0.073      ; 0.901      ;
; 0.634 ; buzzer_fur_elise:inst12|controlador_fur_elise:u_ctrl|estado_atual.s36  ; buzzer_fur_elise:inst12|controlador_fur_elise:u_ctrl|estado_atual.s37  ; clock        ; clock       ; 0.000        ; 0.070      ; 0.899      ;
; 0.635 ; buzzer_asa_branca:inst13|play_d1                                       ; buzzer_asa_branca:inst13|play_d2                                       ; clock        ; clock       ; 0.000        ; 0.073      ; 0.903      ;
; 0.636 ; buzzer_fur_elise:inst12|controlador_fur_elise:u_ctrl|estado_atual.s19  ; buzzer_fur_elise:inst12|controlador_fur_elise:u_ctrl|estado_atual.s20  ; clock        ; clock       ; 0.000        ; 0.072      ; 0.903      ;
; 0.638 ; seletor_3_musicas:inst29|selecao_out[1]                                ; buzzer_sweet:inst8|play_d1                                             ; clock        ; clock       ; 0.000        ; 0.073      ; 0.906      ;
; 0.644 ; ir_verilog:inst|get_data[14]                                           ; ir_verilog:inst|comando[6]                                             ; clock        ; clock       ; 0.000        ; 0.074      ; 0.913      ;
; 0.645 ; debounce:inst3|s0[1]                                                   ; debounce:inst3|s1[1]                                                   ; clock        ; clock       ; 0.000        ; 0.073      ; 0.913      ;
; 0.646 ; buzzer_fur_elise:inst12|controlador_fur_elise:u_ctrl|estado_atual.s41  ; buzzer_fur_elise:inst12|controlador_fur_elise:u_ctrl|Temp_out[6]       ; clock        ; clock       ; 0.000        ; 0.072      ; 0.913      ;
; 0.650 ; seletor_3_musicas:inst29|selecao_out[1]                                ; buzzer_asa_branca:inst13|play_d1                                       ; clock        ; clock       ; 0.000        ; 0.073      ; 0.918      ;
; 0.651 ; buzzer_asa_branca:inst13|stop_d1                                       ; buzzer_asa_branca:inst13|stop_pulse                                    ; clock        ; clock       ; 0.000        ; 0.072      ; 0.918      ;
; 0.654 ; buzzer_asa_branca:inst13|stop_d1                                       ; buzzer_asa_branca:inst13|stop_d2                                       ; clock        ; clock       ; 0.000        ; 0.072      ; 0.921      ;
; 0.657 ; buzzer_asa_branca:inst13|mute_d1                                       ; buzzer_asa_branca:inst13|mute_d2                                       ; clock        ; clock       ; 0.000        ; 0.072      ; 0.924      ;
; 0.688 ; buzzer_fur_elise:inst12|controlador_fur_elise:u_ctrl|estado_atual.s24  ; buzzer_fur_elise:inst12|controlador_fur_elise:u_ctrl|estado_atual.s25  ; clock        ; clock       ; 0.000        ; 0.072      ; 0.955      ;
; 0.689 ; ir_verilog:inst|get_data[0]                                            ; ir_verilog:inst|get_data[1]                                            ; clock        ; clock       ; 0.000        ; 0.073      ; 0.957      ;
; 0.690 ; buzzer_asa_branca:inst13|divisor_clock:u_div|cnt[17]                   ; buzzer_asa_branca:inst13|divisor_clock:u_div|cnt[17]                   ; clock        ; clock       ; 0.000        ; 0.073      ; 0.958      ;
+-------+------------------------------------------------------------------------+------------------------------------------------------------------------+--------------+-------------+--------------+------------+------------+


----------------------------------------------
; Slow 1200mV 0C Model Metastability Summary ;
----------------------------------------------
Design MTBF is not calculated because the design doesn't meet its timing requirements.



+------------------------------------+
; Fast 1200mV 0C Model Setup Summary ;
+-------+--------+-------------------+
; Clock ; Slack  ; End Point TNS     ;
+-------+--------+-------------------+
; clock ; -3.264 ; -774.478          ;
+-------+--------+-------------------+


+-----------------------------------+
; Fast 1200mV 0C Model Hold Summary ;
+-------+-------+-------------------+
; Clock ; Slack ; End Point TNS     ;
+-------+-------+-------------------+
; clock ; 0.179 ; 0.000             ;
+-------+-------+-------------------+


-----------------------------------------
; Fast 1200mV 0C Model Recovery Summary ;
-----------------------------------------
No paths to report.


----------------------------------------
; Fast 1200mV 0C Model Removal Summary ;
----------------------------------------
No paths to report.


+--------------------------------------------------+
; Fast 1200mV 0C Model Minimum Pulse Width Summary ;
+-------+--------+---------------------------------+
; Clock ; Slack  ; End Point TNS                   ;
+-------+--------+---------------------------------+
; clock ; -3.000 ; -560.077                        ;
+-------+--------+---------------------------------+


+--------------------------------------------------------------------------------------------------------------------------------------------------------------------------------------------------------------+
; Fast 1200mV 0C Model Setup: 'clock'                                                                                                                                                                          ;
+--------+------------------------------------------------------------------------+------------------------------------------------------+--------------+-------------+--------------+------------+------------+
; Slack  ; From Node                                                              ; To Node                                              ; Launch Clock ; Latch Clock ; Relationship ; Clock Skew ; Data Delay ;
+--------+------------------------------------------------------------------------+------------------------------------------------------+--------------+-------------+--------------+------------+------------+
; -3.264 ; lcd_controller:inst7|clk_count[3]                                      ; lcd_controller:inst7|clk_count[2]                    ; clock        ; clock       ; 1.000        ; -0.238     ; 4.013      ;
; -3.264 ; lcd_controller:inst7|clk_count[3]                                      ; lcd_controller:inst7|clk_count[1]                    ; clock        ; clock       ; 1.000        ; -0.238     ; 4.013      ;
; -3.244 ; lcd_controller:inst7|clk_count[0]                                      ; lcd_controller:inst7|clk_count[2]                    ; clock        ; clock       ; 1.000        ; -0.040     ; 4.191      ;
; -3.244 ; lcd_controller:inst7|clk_count[0]                                      ; lcd_controller:inst7|clk_count[1]                    ; clock        ; clock       ; 1.000        ; -0.040     ; 4.191      ;
; -3.206 ; lcd_controller:inst7|clk_count[5]                                      ; lcd_controller:inst7|clk_count[2]                    ; clock        ; clock       ; 1.000        ; -0.238     ; 3.955      ;
; -3.206 ; lcd_controller:inst7|clk_count[5]                                      ; lcd_controller:inst7|clk_count[1]                    ; clock        ; clock       ; 1.000        ; -0.238     ; 3.955      ;
; -3.177 ; lcd_controller:inst7|clk_count[4]                                      ; lcd_controller:inst7|clk_count[2]                    ; clock        ; clock       ; 1.000        ; -0.238     ; 3.926      ;
; -3.177 ; lcd_controller:inst7|clk_count[4]                                      ; lcd_controller:inst7|clk_count[1]                    ; clock        ; clock       ; 1.000        ; -0.238     ; 3.926      ;
; -3.149 ; lcd_controller:inst7|clk_count[7]                                      ; lcd_controller:inst7|clk_count[2]                    ; clock        ; clock       ; 1.000        ; -0.238     ; 3.898      ;
; -3.149 ; lcd_controller:inst7|clk_count[7]                                      ; lcd_controller:inst7|clk_count[1]                    ; clock        ; clock       ; 1.000        ; -0.238     ; 3.898      ;
; -3.124 ; lcd_controller:inst7|clk_count[1]                                      ; lcd_controller:inst7|clk_count[2]                    ; clock        ; clock       ; 1.000        ; -0.037     ; 4.074      ;
; -3.124 ; lcd_controller:inst7|clk_count[1]                                      ; lcd_controller:inst7|clk_count[1]                    ; clock        ; clock       ; 1.000        ; -0.037     ; 4.074      ;
; -3.121 ; lcd_controller:inst7|clk_count[6]                                      ; lcd_controller:inst7|clk_count[2]                    ; clock        ; clock       ; 1.000        ; -0.238     ; 3.870      ;
; -3.121 ; lcd_controller:inst7|clk_count[6]                                      ; lcd_controller:inst7|clk_count[1]                    ; clock        ; clock       ; 1.000        ; -0.238     ; 3.870      ;
; -3.093 ; lcd_controller:inst7|clk_count[3]                                      ; lcd_controller:inst7|clk_count[0]                    ; clock        ; clock       ; 1.000        ; -0.235     ; 3.845      ;
; -3.074 ; lcd_controller:inst7|clk_count[3]                                      ; lcd_controller:inst7|clk_count[5]                    ; clock        ; clock       ; 1.000        ; -0.045     ; 4.016      ;
; -3.073 ; lcd_controller:inst7|clk_count[3]                                      ; lcd_controller:inst7|clk_count[8]                    ; clock        ; clock       ; 1.000        ; -0.045     ; 4.015      ;
; -3.073 ; lcd_controller:inst7|clk_count[3]                                      ; lcd_controller:inst7|clk_count[6]                    ; clock        ; clock       ; 1.000        ; -0.045     ; 4.015      ;
; -3.073 ; lcd_controller:inst7|clk_count[3]                                      ; lcd_controller:inst7|clk_count[14]                   ; clock        ; clock       ; 1.000        ; -0.045     ; 4.015      ;
; -3.073 ; lcd_controller:inst7|clk_count[0]                                      ; lcd_controller:inst7|clk_count[0]                    ; clock        ; clock       ; 1.000        ; -0.037     ; 4.023      ;
; -3.072 ; lcd_controller:inst7|clk_count[3]                                      ; lcd_controller:inst7|clk_count[7]                    ; clock        ; clock       ; 1.000        ; -0.045     ; 4.014      ;
; -3.071 ; lcd_controller:inst7|clk_count[3]                                      ; lcd_controller:inst7|clk_count[3]                    ; clock        ; clock       ; 1.000        ; -0.045     ; 4.013      ;
; -3.070 ; lcd_controller:inst7|clk_count[3]                                      ; lcd_controller:inst7|clk_count[4]                    ; clock        ; clock       ; 1.000        ; -0.045     ; 4.012      ;
; -3.054 ; lcd_controller:inst7|clk_count[0]                                      ; lcd_controller:inst7|clk_count[5]                    ; clock        ; clock       ; 1.000        ; 0.153      ; 4.194      ;
; -3.053 ; lcd_controller:inst7|clk_count[0]                                      ; lcd_controller:inst7|clk_count[8]                    ; clock        ; clock       ; 1.000        ; 0.153      ; 4.193      ;
; -3.053 ; lcd_controller:inst7|clk_count[0]                                      ; lcd_controller:inst7|clk_count[6]                    ; clock        ; clock       ; 1.000        ; 0.153      ; 4.193      ;
; -3.053 ; lcd_controller:inst7|clk_count[0]                                      ; lcd_controller:inst7|clk_count[14]                   ; clock        ; clock       ; 1.000        ; 0.153      ; 4.193      ;
; -3.052 ; lcd_controller:inst7|clk_count[0]                                      ; lcd_controller:inst7|clk_count[7]                    ; clock        ; clock       ; 1.000        ; 0.153      ; 4.192      ;
; -3.051 ; lcd_controller:inst7|clk_count[0]                                      ; lcd_controller:inst7|clk_count[3]                    ; clock        ; clock       ; 1.000        ; 0.153      ; 4.191      ;
; -3.050 ; lcd_controller:inst7|clk_count[9]                                      ; lcd_controller:inst7|clk_count[2]                    ; clock        ; clock       ; 1.000        ; -0.239     ; 3.798      ;
; -3.050 ; lcd_controller:inst7|clk_count[9]                                      ; lcd_controller:inst7|clk_count[1]                    ; clock        ; clock       ; 1.000        ; -0.239     ; 3.798      ;
; -3.050 ; lcd_controller:inst7|clk_count[0]                                      ; lcd_controller:inst7|clk_count[4]                    ; clock        ; clock       ; 1.000        ; 0.153      ; 4.190      ;
; -3.046 ; lcd_controller:inst7|clk_count[2]                                      ; lcd_controller:inst7|clk_count[2]                    ; clock        ; clock       ; 1.000        ; -0.037     ; 3.996      ;
; -3.046 ; lcd_controller:inst7|clk_count[2]                                      ; lcd_controller:inst7|clk_count[1]                    ; clock        ; clock       ; 1.000        ; -0.037     ; 3.996      ;
; -3.035 ; lcd_controller:inst7|clk_count[5]                                      ; lcd_controller:inst7|clk_count[0]                    ; clock        ; clock       ; 1.000        ; -0.235     ; 3.787      ;
; -3.016 ; lcd_controller:inst7|clk_count[5]                                      ; lcd_controller:inst7|clk_count[5]                    ; clock        ; clock       ; 1.000        ; -0.045     ; 3.958      ;
; -3.015 ; buzzer_asa_branca:inst13|controlador_asa_branca:u_ctrl|estado_atual[3] ; buzzer_asa_branca:inst13|divisor_clock:u_div|cnt[15] ; clock        ; clock       ; 1.000        ; -0.026     ; 3.976      ;
; -3.015 ; buzzer_asa_branca:inst13|controlador_asa_branca:u_ctrl|estado_atual[3] ; buzzer_asa_branca:inst13|divisor_clock:u_div|cnt[24] ; clock        ; clock       ; 1.000        ; -0.026     ; 3.976      ;
; -3.015 ; buzzer_asa_branca:inst13|controlador_asa_branca:u_ctrl|estado_atual[3] ; buzzer_asa_branca:inst13|divisor_clock:u_div|cnt[14] ; clock        ; clock       ; 1.000        ; -0.026     ; 3.976      ;
; -3.015 ; buzzer_asa_branca:inst13|controlador_asa_branca:u_ctrl|estado_atual[3] ; buzzer_asa_branca:inst13|divisor_clock:u_div|cnt[16] ; clock        ; clock       ; 1.000        ; -0.026     ; 3.976      ;
; -3.015 ; buzzer_asa_branca:inst13|controlador_asa_branca:u_ctrl|estado_atual[3] ; buzzer_asa_branca:inst13|divisor_clock:u_div|cnt[17] ; clock        ; clock       ; 1.000        ; -0.026     ; 3.976      ;
; -3.015 ; buzzer_asa_branca:inst13|controlador_asa_branca:u_ctrl|estado_atual[3] ; buzzer_asa_branca:inst13|divisor_clock:u_div|cnt[18] ; clock        ; clock       ; 1.000        ; -0.026     ; 3.976      ;
; -3.015 ; buzzer_asa_branca:inst13|controlador_asa_branca:u_ctrl|estado_atual[3] ; buzzer_asa_branca:inst13|divisor_clock:u_div|cnt[19] ; clock        ; clock       ; 1.000        ; -0.026     ; 3.976      ;
; -3.015 ; buzzer_asa_branca:inst13|controlador_asa_branca:u_ctrl|estado_atual[3] ; buzzer_asa_branca:inst13|divisor_clock:u_div|cnt[20] ; clock        ; clock       ; 1.000        ; -0.026     ; 3.976      ;
; -3.015 ; buzzer_asa_branca:inst13|controlador_asa_branca:u_ctrl|estado_atual[3] ; buzzer_asa_branca:inst13|divisor_clock:u_div|cnt[21] ; clock        ; clock       ; 1.000        ; -0.026     ; 3.976      ;
; -3.015 ; buzzer_asa_branca:inst13|controlador_asa_branca:u_ctrl|estado_atual[3] ; buzzer_asa_branca:inst13|divisor_clock:u_div|cnt[22] ; clock        ; clock       ; 1.000        ; -0.026     ; 3.976      ;
; -3.015 ; buzzer_asa_branca:inst13|controlador_asa_branca:u_ctrl|estado_atual[3] ; buzzer_asa_branca:inst13|divisor_clock:u_div|cnt[23] ; clock        ; clock       ; 1.000        ; -0.026     ; 3.976      ;
; -3.015 ; buzzer_asa_branca:inst13|controlador_asa_branca:u_ctrl|estado_atual[3] ; buzzer_asa_branca:inst13|divisor_clock:u_div|cnt[27] ; clock        ; clock       ; 1.000        ; -0.026     ; 3.976      ;
; -3.015 ; buzzer_asa_branca:inst13|controlador_asa_branca:u_ctrl|estado_atual[3] ; buzzer_asa_branca:inst13|divisor_clock:u_div|cnt[25] ; clock        ; clock       ; 1.000        ; -0.026     ; 3.976      ;
; -3.015 ; buzzer_asa_branca:inst13|controlador_asa_branca:u_ctrl|estado_atual[3] ; buzzer_asa_branca:inst13|divisor_clock:u_div|cnt[26] ; clock        ; clock       ; 1.000        ; -0.026     ; 3.976      ;
; -3.015 ; lcd_controller:inst7|clk_count[5]                                      ; lcd_controller:inst7|clk_count[8]                    ; clock        ; clock       ; 1.000        ; -0.045     ; 3.957      ;
; -3.015 ; lcd_controller:inst7|clk_count[5]                                      ; lcd_controller:inst7|clk_count[6]                    ; clock        ; clock       ; 1.000        ; -0.045     ; 3.957      ;
; -3.015 ; lcd_controller:inst7|clk_count[5]                                      ; lcd_controller:inst7|clk_count[14]                   ; clock        ; clock       ; 1.000        ; -0.045     ; 3.957      ;
; -3.014 ; lcd_controller:inst7|clk_count[5]                                      ; lcd_controller:inst7|clk_count[7]                    ; clock        ; clock       ; 1.000        ; -0.045     ; 3.956      ;
; -3.013 ; lcd_controller:inst7|clk_count[5]                                      ; lcd_controller:inst7|clk_count[3]                    ; clock        ; clock       ; 1.000        ; -0.045     ; 3.955      ;
; -3.012 ; lcd_controller:inst7|clk_count[8]                                      ; lcd_controller:inst7|clk_count[2]                    ; clock        ; clock       ; 1.000        ; -0.238     ; 3.761      ;
; -3.012 ; lcd_controller:inst7|clk_count[8]                                      ; lcd_controller:inst7|clk_count[1]                    ; clock        ; clock       ; 1.000        ; -0.238     ; 3.761      ;
; -3.012 ; lcd_controller:inst7|clk_count[5]                                      ; lcd_controller:inst7|clk_count[4]                    ; clock        ; clock       ; 1.000        ; -0.045     ; 3.954      ;
; -3.006 ; lcd_controller:inst7|clk_count[4]                                      ; lcd_controller:inst7|clk_count[0]                    ; clock        ; clock       ; 1.000        ; -0.235     ; 3.758      ;
; -2.987 ; lcd_controller:inst7|clk_count[4]                                      ; lcd_controller:inst7|clk_count[5]                    ; clock        ; clock       ; 1.000        ; -0.045     ; 3.929      ;
; -2.986 ; lcd_controller:inst7|clk_count[4]                                      ; lcd_controller:inst7|clk_count[8]                    ; clock        ; clock       ; 1.000        ; -0.045     ; 3.928      ;
; -2.986 ; lcd_controller:inst7|clk_count[4]                                      ; lcd_controller:inst7|clk_count[6]                    ; clock        ; clock       ; 1.000        ; -0.045     ; 3.928      ;
; -2.986 ; lcd_controller:inst7|clk_count[4]                                      ; lcd_controller:inst7|clk_count[14]                   ; clock        ; clock       ; 1.000        ; -0.045     ; 3.928      ;
; -2.985 ; lcd_controller:inst7|clk_count[4]                                      ; lcd_controller:inst7|clk_count[7]                    ; clock        ; clock       ; 1.000        ; -0.045     ; 3.927      ;
; -2.984 ; lcd_controller:inst7|clk_count[4]                                      ; lcd_controller:inst7|clk_count[3]                    ; clock        ; clock       ; 1.000        ; -0.045     ; 3.926      ;
; -2.983 ; lcd_controller:inst7|clk_count[4]                                      ; lcd_controller:inst7|clk_count[4]                    ; clock        ; clock       ; 1.000        ; -0.045     ; 3.925      ;
; -2.978 ; lcd_controller:inst7|clk_count[7]                                      ; lcd_controller:inst7|clk_count[0]                    ; clock        ; clock       ; 1.000        ; -0.235     ; 3.730      ;
; -2.969 ; lcd_controller:inst7|clk_count[11]                                     ; lcd_controller:inst7|clk_count[2]                    ; clock        ; clock       ; 1.000        ; -0.239     ; 3.717      ;
; -2.969 ; lcd_controller:inst7|clk_count[11]                                     ; lcd_controller:inst7|clk_count[1]                    ; clock        ; clock       ; 1.000        ; -0.239     ; 3.717      ;
; -2.959 ; lcd_controller:inst7|clk_count[7]                                      ; lcd_controller:inst7|clk_count[5]                    ; clock        ; clock       ; 1.000        ; -0.045     ; 3.901      ;
; -2.958 ; lcd_controller:inst7|clk_count[7]                                      ; lcd_controller:inst7|clk_count[8]                    ; clock        ; clock       ; 1.000        ; -0.045     ; 3.900      ;
; -2.958 ; lcd_controller:inst7|clk_count[7]                                      ; lcd_controller:inst7|clk_count[6]                    ; clock        ; clock       ; 1.000        ; -0.045     ; 3.900      ;
; -2.958 ; lcd_controller:inst7|clk_count[7]                                      ; lcd_controller:inst7|clk_count[14]                   ; clock        ; clock       ; 1.000        ; -0.045     ; 3.900      ;
; -2.957 ; lcd_controller:inst7|clk_count[7]                                      ; lcd_controller:inst7|clk_count[7]                    ; clock        ; clock       ; 1.000        ; -0.045     ; 3.899      ;
; -2.956 ; lcd_controller:inst7|clk_count[3]                                      ; lcd_controller:inst7|lcd_data[6]                     ; clock        ; clock       ; 1.000        ; -0.055     ; 3.888      ;
; -2.956 ; lcd_controller:inst7|clk_count[3]                                      ; lcd_controller:inst7|lcd_data[7]                     ; clock        ; clock       ; 1.000        ; -0.055     ; 3.888      ;
; -2.956 ; lcd_controller:inst7|clk_count[3]                                      ; lcd_controller:inst7|lcd_data[0]                     ; clock        ; clock       ; 1.000        ; -0.055     ; 3.888      ;
; -2.956 ; lcd_controller:inst7|clk_count[3]                                      ; lcd_controller:inst7|lcd_data[1]                     ; clock        ; clock       ; 1.000        ; -0.055     ; 3.888      ;
; -2.956 ; lcd_controller:inst7|clk_count[3]                                      ; lcd_controller:inst7|lcd_data[2]                     ; clock        ; clock       ; 1.000        ; -0.055     ; 3.888      ;
; -2.956 ; lcd_controller:inst7|clk_count[3]                                      ; lcd_controller:inst7|lcd_data[3]                     ; clock        ; clock       ; 1.000        ; -0.055     ; 3.888      ;
; -2.956 ; lcd_controller:inst7|clk_count[3]                                      ; lcd_controller:inst7|lcd_data[4]                     ; clock        ; clock       ; 1.000        ; -0.055     ; 3.888      ;
; -2.956 ; lcd_controller:inst7|clk_count[3]                                      ; lcd_controller:inst7|lcd_data[5]                     ; clock        ; clock       ; 1.000        ; -0.055     ; 3.888      ;
; -2.956 ; lcd_controller:inst7|clk_count[7]                                      ; lcd_controller:inst7|clk_count[3]                    ; clock        ; clock       ; 1.000        ; -0.045     ; 3.898      ;
; -2.955 ; lcd_controller:inst7|clk_count[7]                                      ; lcd_controller:inst7|clk_count[4]                    ; clock        ; clock       ; 1.000        ; -0.045     ; 3.897      ;
; -2.953 ; lcd_controller:inst7|clk_count[1]                                      ; lcd_controller:inst7|clk_count[0]                    ; clock        ; clock       ; 1.000        ; -0.034     ; 3.906      ;
; -2.950 ; lcd_controller:inst7|clk_count[6]                                      ; lcd_controller:inst7|clk_count[0]                    ; clock        ; clock       ; 1.000        ; -0.235     ; 3.702      ;
; -2.944 ; buzzer_asa_branca:inst13|controlador_asa_branca:u_ctrl|estado_atual[2] ; buzzer_asa_branca:inst13|divisor_clock:u_div|cnt[15] ; clock        ; clock       ; 1.000        ; -0.026     ; 3.905      ;
; -2.944 ; buzzer_asa_branca:inst13|controlador_asa_branca:u_ctrl|estado_atual[2] ; buzzer_asa_branca:inst13|divisor_clock:u_div|cnt[24] ; clock        ; clock       ; 1.000        ; -0.026     ; 3.905      ;
; -2.944 ; buzzer_asa_branca:inst13|controlador_asa_branca:u_ctrl|estado_atual[2] ; buzzer_asa_branca:inst13|divisor_clock:u_div|cnt[14] ; clock        ; clock       ; 1.000        ; -0.026     ; 3.905      ;
; -2.944 ; buzzer_asa_branca:inst13|controlador_asa_branca:u_ctrl|estado_atual[2] ; buzzer_asa_branca:inst13|divisor_clock:u_div|cnt[16] ; clock        ; clock       ; 1.000        ; -0.026     ; 3.905      ;
; -2.944 ; buzzer_asa_branca:inst13|controlador_asa_branca:u_ctrl|estado_atual[2] ; buzzer_asa_branca:inst13|divisor_clock:u_div|cnt[17] ; clock        ; clock       ; 1.000        ; -0.026     ; 3.905      ;
; -2.944 ; buzzer_asa_branca:inst13|controlador_asa_branca:u_ctrl|estado_atual[2] ; buzzer_asa_branca:inst13|divisor_clock:u_div|cnt[18] ; clock        ; clock       ; 1.000        ; -0.026     ; 3.905      ;
; -2.944 ; buzzer_asa_branca:inst13|controlador_asa_branca:u_ctrl|estado_atual[2] ; buzzer_asa_branca:inst13|divisor_clock:u_div|cnt[19] ; clock        ; clock       ; 1.000        ; -0.026     ; 3.905      ;
; -2.944 ; buzzer_asa_branca:inst13|controlador_asa_branca:u_ctrl|estado_atual[2] ; buzzer_asa_branca:inst13|divisor_clock:u_div|cnt[20] ; clock        ; clock       ; 1.000        ; -0.026     ; 3.905      ;
; -2.944 ; buzzer_asa_branca:inst13|controlador_asa_branca:u_ctrl|estado_atual[2] ; buzzer_asa_branca:inst13|divisor_clock:u_div|cnt[21] ; clock        ; clock       ; 1.000        ; -0.026     ; 3.905      ;
; -2.944 ; buzzer_asa_branca:inst13|controlador_asa_branca:u_ctrl|estado_atual[2] ; buzzer_asa_branca:inst13|divisor_clock:u_div|cnt[22] ; clock        ; clock       ; 1.000        ; -0.026     ; 3.905      ;
; -2.944 ; buzzer_asa_branca:inst13|controlador_asa_branca:u_ctrl|estado_atual[2] ; buzzer_asa_branca:inst13|divisor_clock:u_div|cnt[23] ; clock        ; clock       ; 1.000        ; -0.026     ; 3.905      ;
; -2.944 ; buzzer_asa_branca:inst13|controlador_asa_branca:u_ctrl|estado_atual[2] ; buzzer_asa_branca:inst13|divisor_clock:u_div|cnt[27] ; clock        ; clock       ; 1.000        ; -0.026     ; 3.905      ;
; -2.944 ; buzzer_asa_branca:inst13|controlador_asa_branca:u_ctrl|estado_atual[2] ; buzzer_asa_branca:inst13|divisor_clock:u_div|cnt[25] ; clock        ; clock       ; 1.000        ; -0.026     ; 3.905      ;
; -2.944 ; buzzer_asa_branca:inst13|controlador_asa_branca:u_ctrl|estado_atual[2] ; buzzer_asa_branca:inst13|divisor_clock:u_div|cnt[26] ; clock        ; clock       ; 1.000        ; -0.026     ; 3.905      ;
+--------+------------------------------------------------------------------------+------------------------------------------------------+--------------+-------------+--------------+------------+------------+


+-------------------------------------------------------------------------------------------------------------------------------------------------------------------------------------------------------------------------------+
; Fast 1200mV 0C Model Hold: 'clock'                                                                                                                                                                                            ;
+-------+------------------------------------------------------------------------+------------------------------------------------------------------------+--------------+-------------+--------------+------------+------------+
; Slack ; From Node                                                              ; To Node                                                                ; Launch Clock ; Latch Clock ; Relationship ; Clock Skew ; Data Delay ;
+-------+------------------------------------------------------------------------+------------------------------------------------------------------------+--------------+-------------+--------------+------------+------------+
; 0.179 ; lcd_controller:inst7|rs                                                ; lcd_controller:inst7|rs                                                ; clock        ; clock       ; 0.000        ; 0.044      ; 0.307      ;
; 0.179 ; ir_verilog:inst|estado_atual.ATRASO_900us                              ; ir_verilog:inst|estado_atual.ATRASO_900us                              ; clock        ; clock       ; 0.000        ; 0.044      ; 0.307      ;
; 0.179 ; ir_verilog:inst|estado_atual.ATRASO_450us                              ; ir_verilog:inst|estado_atual.ATRASO_450us                              ; clock        ; clock       ; 0.000        ; 0.044      ; 0.307      ;
; 0.179 ; lcd_controller:inst7|estado.ENERGIZACAO                                ; lcd_controller:inst7|estado.ENERGIZACAO                                ; clock        ; clock       ; 0.000        ; 0.044      ; 0.307      ;
; 0.179 ; lcd_controller:inst7|estado.PRONTO                                     ; lcd_controller:inst7|estado.PRONTO                                     ; clock        ; clock       ; 0.000        ; 0.044      ; 0.307      ;
; 0.186 ; buzzer_fur_elise:inst12|mute_en                                        ; buzzer_fur_elise:inst12|mute_en                                        ; clock        ; clock       ; 0.000        ; 0.037      ; 0.307      ;
; 0.186 ; buzzer_sweet:inst8|mute_en                                             ; buzzer_sweet:inst8|mute_en                                             ; clock        ; clock       ; 0.000        ; 0.037      ; 0.307      ;
; 0.186 ; buzzer_asa_branca:inst13|mute_en                                       ; buzzer_asa_branca:inst13|mute_en                                       ; clock        ; clock       ; 0.000        ; 0.037      ; 0.307      ;
; 0.186 ; ir_verilog:inst|get_data[0]                                            ; ir_verilog:inst|get_data[0]                                            ; clock        ; clock       ; 0.000        ; 0.037      ; 0.307      ;
; 0.186 ; ir_verilog:inst|error_flag                                             ; ir_verilog:inst|error_flag                                             ; clock        ; clock       ; 0.000        ; 0.037      ; 0.307      ;
; 0.186 ; buzzer_asa_branca:inst13|run_en                                        ; buzzer_asa_branca:inst13|run_en                                        ; clock        ; clock       ; 0.000        ; 0.037      ; 0.307      ;
; 0.186 ; contador_creditos_simples:inst1|contagem_out[0]                        ; contador_creditos_simples:inst1|contagem_out[0]                        ; clock        ; clock       ; 0.000        ; 0.037      ; 0.307      ;
; 0.186 ; contador_creditos_simples:inst1|contagem_out[4]                        ; contador_creditos_simples:inst1|contagem_out[4]                        ; clock        ; clock       ; 0.000        ; 0.037      ; 0.307      ;
; 0.186 ; debounce:inst3|stable[3]                                               ; debounce:inst3|stable[3]                                               ; clock        ; clock       ; 0.000        ; 0.037      ; 0.307      ;
; 0.186 ; seletor_menu:inst16|menu_select                                        ; seletor_menu:inst16|menu_select                                        ; clock        ; clock       ; 0.000        ; 0.037      ; 0.307      ;
; 0.187 ; buzzer_sweet:inst8|divisor_clock:u_div|toggle                          ; buzzer_sweet:inst8|divisor_clock:u_div|toggle                          ; clock        ; clock       ; 0.000        ; 0.036      ; 0.307      ;
; 0.187 ; buzzer_asa_branca:inst13|divisor_clock:u_div|toggle                    ; buzzer_asa_branca:inst13|divisor_clock:u_div|toggle                    ; clock        ; clock       ; 0.000        ; 0.036      ; 0.307      ;
; 0.187 ; buzzer_asa_branca:inst13|controlador_asa_branca:u_ctrl|estado_atual[3] ; buzzer_asa_branca:inst13|controlador_asa_branca:u_ctrl|estado_atual[3] ; clock        ; clock       ; 0.000        ; 0.036      ; 0.307      ;
; 0.187 ; buzzer_asa_branca:inst13|controlador_asa_branca:u_ctrl|enable          ; buzzer_asa_branca:inst13|controlador_asa_branca:u_ctrl|enable          ; clock        ; clock       ; 0.000        ; 0.036      ; 0.307      ;
; 0.187 ; buzzer_asa_branca:inst13|controlador_asa_branca:u_ctrl|armed           ; buzzer_asa_branca:inst13|controlador_asa_branca:u_ctrl|armed           ; clock        ; clock       ; 0.000        ; 0.036      ; 0.307      ;
; 0.187 ; buzzer_asa_branca:inst13|controlador_asa_branca:u_ctrl|estado_atual[0] ; buzzer_asa_branca:inst13|controlador_asa_branca:u_ctrl|estado_atual[0] ; clock        ; clock       ; 0.000        ; 0.036      ; 0.307      ;
; 0.187 ; buzzer_asa_branca:inst13|controlador_asa_branca:u_ctrl|estado_atual[4] ; buzzer_asa_branca:inst13|controlador_asa_branca:u_ctrl|estado_atual[4] ; clock        ; clock       ; 0.000        ; 0.036      ; 0.307      ;
; 0.187 ; buzzer_asa_branca:inst13|controlador_asa_branca:u_ctrl|estado_atual[5] ; buzzer_asa_branca:inst13|controlador_asa_branca:u_ctrl|estado_atual[5] ; clock        ; clock       ; 0.000        ; 0.036      ; 0.307      ;
; 0.187 ; buzzer_sweet:inst8|is_stopped                                          ; buzzer_sweet:inst8|is_stopped                                          ; clock        ; clock       ; 0.000        ; 0.036      ; 0.307      ;
; 0.187 ; buzzer_sweet:inst8|run_en                                              ; buzzer_sweet:inst8|run_en                                              ; clock        ; clock       ; 0.000        ; 0.036      ; 0.307      ;
; 0.187 ; buzzer_sweet:inst8|controlador_sweet:u_ctrl|estado_atual[2]            ; buzzer_sweet:inst8|controlador_sweet:u_ctrl|estado_atual[2]            ; clock        ; clock       ; 0.000        ; 0.036      ; 0.307      ;
; 0.187 ; buzzer_sweet:inst8|controlador_sweet:u_ctrl|estado_atual[4]            ; buzzer_sweet:inst8|controlador_sweet:u_ctrl|estado_atual[4]            ; clock        ; clock       ; 0.000        ; 0.036      ; 0.307      ;
; 0.187 ; buzzer_sweet:inst8|controlador_sweet:u_ctrl|estado_atual[1]            ; buzzer_sweet:inst8|controlador_sweet:u_ctrl|estado_atual[1]            ; clock        ; clock       ; 0.000        ; 0.036      ; 0.307      ;
; 0.187 ; buzzer_sweet:inst8|controlador_sweet:u_ctrl|estado_atual[3]            ; buzzer_sweet:inst8|controlador_sweet:u_ctrl|estado_atual[3]            ; clock        ; clock       ; 0.000        ; 0.036      ; 0.307      ;
; 0.187 ; buzzer_sweet:inst8|controlador_sweet:u_ctrl|estado_atual[0]            ; buzzer_sweet:inst8|controlador_sweet:u_ctrl|estado_atual[0]            ; clock        ; clock       ; 0.000        ; 0.036      ; 0.307      ;
; 0.187 ; buzzer_sweet:inst8|controlador_sweet:u_ctrl|armed                      ; buzzer_sweet:inst8|controlador_sweet:u_ctrl|armed                      ; clock        ; clock       ; 0.000        ; 0.036      ; 0.307      ;
; 0.187 ; debounce:inst3|stable[0]                                               ; debounce:inst3|stable[0]                                               ; clock        ; clock       ; 0.000        ; 0.036      ; 0.307      ;
; 0.187 ; debounce:inst3|stable[2]                                               ; debounce:inst3|stable[2]                                               ; clock        ; clock       ; 0.000        ; 0.036      ; 0.307      ;
; 0.187 ; buzzer_fur_elise:inst12|divisor_clock:u_div|toggle                     ; buzzer_fur_elise:inst12|divisor_clock:u_div|toggle                     ; clock        ; clock       ; 0.000        ; 0.036      ; 0.307      ;
; 0.187 ; ir_verilog:inst|irda_reg0                                              ; ir_verilog:inst|irda_reg1                                              ; clock        ; clock       ; 0.000        ; 0.044      ; 0.315      ;
; 0.187 ; buzzer_fur_elise:inst12|run_en                                         ; buzzer_fur_elise:inst12|run_en                                         ; clock        ; clock       ; 0.000        ; 0.036      ; 0.307      ;
; 0.187 ; contador_creditos_simples:inst1|contagem_out[8]                        ; contador_creditos_simples:inst1|contagem_out[8]                        ; clock        ; clock       ; 0.000        ; 0.036      ; 0.307      ;
; 0.187 ; contador_creditos_simples:inst1|contagem_out[12]                       ; contador_creditos_simples:inst1|contagem_out[12]                       ; clock        ; clock       ; 0.000        ; 0.036      ; 0.307      ;
; 0.187 ; debounce:inst3|stable[1]                                               ; debounce:inst3|stable[1]                                               ; clock        ; clock       ; 0.000        ; 0.036      ; 0.307      ;
; 0.196 ; buzzer_fur_elise:inst12|mute_d1                                        ; buzzer_fur_elise:inst12|mute_en                                        ; clock        ; clock       ; 0.000        ; 0.037      ; 0.317      ;
; 0.197 ; buzzer_sweet:inst8|mute_d1                                             ; buzzer_sweet:inst8|mute_d2                                             ; clock        ; clock       ; 0.000        ; 0.037      ; 0.318      ;
; 0.197 ; buzzer_sweet:inst8|mute_d1                                             ; buzzer_sweet:inst8|mute_en                                             ; clock        ; clock       ; 0.000        ; 0.037      ; 0.318      ;
; 0.198 ; debounce:inst3|cnt[0][21]                                              ; debounce:inst3|cnt[0][21]                                              ; clock        ; clock       ; 0.000        ; 0.036      ; 0.318      ;
; 0.198 ; debounce:inst3|cnt[2][21]                                              ; debounce:inst3|cnt[2][21]                                              ; clock        ; clock       ; 0.000        ; 0.036      ; 0.318      ;
; 0.198 ; buzzer_fur_elise:inst12|mute_d1                                        ; buzzer_fur_elise:inst12|mute_d2                                        ; clock        ; clock       ; 0.000        ; 0.037      ; 0.319      ;
; 0.198 ; debounce:inst3|cnt[3][21]                                              ; debounce:inst3|cnt[3][21]                                              ; clock        ; clock       ; 0.000        ; 0.036      ; 0.318      ;
; 0.198 ; debounce:inst3|cnt[1][21]                                              ; debounce:inst3|cnt[1][21]                                              ; clock        ; clock       ; 0.000        ; 0.036      ; 0.318      ;
; 0.199 ; buzzer_fur_elise:inst12|controlador_fur_elise:u_ctrl|estado_atual.s29  ; buzzer_fur_elise:inst12|controlador_fur_elise:u_ctrl|estado_atual.s30  ; clock        ; clock       ; 0.000        ; 0.036      ; 0.319      ;
; 0.199 ; buzzer_fur_elise:inst12|stop_d2                                        ; buzzer_fur_elise:inst12|stop_pulse                                     ; clock        ; clock       ; 0.000        ; 0.036      ; 0.319      ;
; 0.203 ; buzzer_fur_elise:inst12|controlador_fur_elise:u_ctrl|estado_atual.s30  ; buzzer_fur_elise:inst12|controlador_fur_elise:u_ctrl|estado_atual.s31  ; clock        ; clock       ; 0.000        ; 0.036      ; 0.323      ;
; 0.205 ; ir_verilog:inst|data_cnt[5]                                            ; ir_verilog:inst|data_cnt[5]                                            ; clock        ; clock       ; 0.000        ; 0.036      ; 0.325      ;
; 0.205 ; buzzer_fur_elise:inst12|controlador_fur_elise:u_ctrl|estado_atual.s35  ; buzzer_fur_elise:inst12|controlador_fur_elise:u_ctrl|estado_atual.s36  ; clock        ; clock       ; 0.000        ; 0.036      ; 0.325      ;
; 0.207 ; buzzer_fur_elise:inst12|controlador_fur_elise:u_ctrl|estado_atual.s28  ; buzzer_fur_elise:inst12|controlador_fur_elise:u_ctrl|estado_atual.s29  ; clock        ; clock       ; 0.000        ; 0.036      ; 0.327      ;
; 0.210 ; buzzer_sweet:inst8|play_d2                                             ; buzzer_sweet:inst8|start_play                                          ; clock        ; clock       ; 0.000        ; 0.036      ; 0.330      ;
; 0.212 ; buzzer_fur_elise:inst12|controlador_fur_elise:u_ctrl|estado_atual.s40  ; buzzer_fur_elise:inst12|controlador_fur_elise:u_ctrl|Temp_out[7]       ; clock        ; clock       ; 0.000        ; 0.036      ; 0.332      ;
; 0.214 ; contador_creditos_simples:inst1|contagem_out[3]                        ; contador_creditos_simples:inst1|contagem_out[3]                        ; clock        ; clock       ; 0.000        ; 0.036      ; 0.334      ;
; 0.223 ; buzzer_sweet:inst8|stop_pulse                                          ; buzzer_sweet:inst8|controlador_sweet:u_ctrl|enable                     ; clock        ; clock       ; 0.000        ; 0.036      ; 0.343      ;
; 0.223 ; buzzer_sweet:inst8|stop_pulse                                          ; buzzer_sweet:inst8|controlador_sweet:u_ctrl|armed                      ; clock        ; clock       ; 0.000        ; 0.036      ; 0.343      ;
; 0.224 ; contador_creditos_simples:inst1|contagem_out[7]                        ; contador_creditos_simples:inst1|contagem_out[7]                        ; clock        ; clock       ; 0.000        ; 0.037      ; 0.345      ;
; 0.228 ; contador_creditos_simples:inst1|contagem_out[11]                       ; contador_creditos_simples:inst1|contagem_out[11]                       ; clock        ; clock       ; 0.000        ; 0.036      ; 0.348      ;
; 0.253 ; ir_verilog:inst|get_data[6]                                            ; ir_verilog:inst|get_data[7]                                            ; clock        ; clock       ; 0.000        ; 0.036      ; 0.373      ;
; 0.253 ; ir_verilog:inst|get_data[4]                                            ; ir_verilog:inst|get_data[5]                                            ; clock        ; clock       ; 0.000        ; 0.036      ; 0.373      ;
; 0.253 ; buzzer_asa_branca:inst13|stop_d2                                       ; buzzer_asa_branca:inst13|stop_pulse                                    ; clock        ; clock       ; 0.000        ; 0.037      ; 0.374      ;
; 0.255 ; buzzer_fur_elise:inst12|controlador_fur_elise:u_ctrl|estado_atual.s1   ; buzzer_fur_elise:inst12|controlador_fur_elise:u_ctrl|estado_atual.s2   ; clock        ; clock       ; 0.000        ; 0.036      ; 0.375      ;
; 0.255 ; buzzer_fur_elise:inst12|controlador_fur_elise:u_ctrl|song_end_r        ; buzzer_fur_elise:inst12|stop_pulse                                     ; clock        ; clock       ; 0.000        ; 0.036      ; 0.375      ;
; 0.257 ; buzzer_fur_elise:inst12|controlador_fur_elise:u_ctrl|estado_atual.s4   ; buzzer_fur_elise:inst12|controlador_fur_elise:u_ctrl|estado_atual.s5   ; clock        ; clock       ; 0.000        ; 0.036      ; 0.377      ;
; 0.257 ; buzzer_fur_elise:inst12|controlador_fur_elise:u_ctrl|estado_atual.s10  ; buzzer_fur_elise:inst12|controlador_fur_elise:u_ctrl|estado_atual.s11  ; clock        ; clock       ; 0.000        ; 0.036      ; 0.377      ;
; 0.257 ; buzzer_fur_elise:inst12|controlador_fur_elise:u_ctrl|estado_atual.s26  ; buzzer_fur_elise:inst12|controlador_fur_elise:u_ctrl|estado_atual.s27  ; clock        ; clock       ; 0.000        ; 0.036      ; 0.377      ;
; 0.258 ; buzzer_fur_elise:inst12|controlador_fur_elise:u_ctrl|estado_atual.s8   ; buzzer_fur_elise:inst12|controlador_fur_elise:u_ctrl|estado_atual.s9   ; clock        ; clock       ; 0.000        ; 0.036      ; 0.378      ;
; 0.259 ; buzzer_fur_elise:inst12|controlador_fur_elise:u_ctrl|estado_atual.s25  ; buzzer_fur_elise:inst12|controlador_fur_elise:u_ctrl|estado_atual.s26  ; clock        ; clock       ; 0.000        ; 0.036      ; 0.379      ;
; 0.259 ; buzzer_asa_branca:inst13|mute_d2                                       ; buzzer_asa_branca:inst13|mute_en                                       ; clock        ; clock       ; 0.000        ; 0.037      ; 0.380      ;
; 0.260 ; ir_verilog:inst|get_data[15]                                           ; ir_verilog:inst|comando[7]                                             ; clock        ; clock       ; 0.000        ; 0.038      ; 0.382      ;
; 0.260 ; buzzer_fur_elise:inst12|controlador_fur_elise:u_ctrl|estado_atual.s38  ; buzzer_fur_elise:inst12|controlador_fur_elise:u_ctrl|estado_atual.s39  ; clock        ; clock       ; 0.000        ; 0.036      ; 0.380      ;
; 0.263 ; buzzer_fur_elise:inst12|controlador_fur_elise:u_ctrl|estado_atual.s0   ; buzzer_fur_elise:inst12|controlador_fur_elise:u_ctrl|Temp_out[7]       ; clock        ; clock       ; 0.000        ; 0.036      ; 0.383      ;
; 0.264 ; buzzer_fur_elise:inst12|controlador_fur_elise:u_ctrl|estado_atual.s7   ; buzzer_fur_elise:inst12|controlador_fur_elise:u_ctrl|estado_atual.s8   ; clock        ; clock       ; 0.000        ; 0.036      ; 0.384      ;
; 0.265 ; ir_verilog:inst|get_data[11]                                           ; ir_verilog:inst|get_data[12]                                           ; clock        ; clock       ; 0.000        ; 0.036      ; 0.385      ;
; 0.265 ; buzzer_fur_elise:inst12|controlador_fur_elise:u_ctrl|estado_atual.s13  ; buzzer_fur_elise:inst12|controlador_fur_elise:u_ctrl|estado_atual.s14  ; clock        ; clock       ; 0.000        ; 0.036      ; 0.385      ;
; 0.266 ; buzzer_fur_elise:inst12|controlador_fur_elise:u_ctrl|estado_atual.s11  ; buzzer_fur_elise:inst12|controlador_fur_elise:u_ctrl|estado_atual.s12  ; clock        ; clock       ; 0.000        ; 0.036      ; 0.386      ;
; 0.267 ; ir_verilog:inst|get_data[9]                                            ; ir_verilog:inst|get_data[10]                                           ; clock        ; clock       ; 0.000        ; 0.036      ; 0.387      ;
; 0.267 ; buzzer_fur_elise:inst12|controlador_fur_elise:u_ctrl|estado_atual.s12  ; buzzer_fur_elise:inst12|controlador_fur_elise:u_ctrl|estado_atual.s13  ; clock        ; clock       ; 0.000        ; 0.036      ; 0.387      ;
; 0.267 ; debounce:inst3|s0[1]                                                   ; debounce:inst3|s1[1]                                                   ; clock        ; clock       ; 0.000        ; 0.036      ; 0.387      ;
; 0.268 ; buzzer_fur_elise:inst12|controlador_fur_elise:u_ctrl|estado_atual.s33  ; buzzer_fur_elise:inst12|controlador_fur_elise:u_ctrl|estado_atual.s34  ; clock        ; clock       ; 0.000        ; 0.036      ; 0.388      ;
; 0.269 ; buzzer_fur_elise:inst12|controlador_fur_elise:u_ctrl|estado_atual.s36  ; buzzer_fur_elise:inst12|controlador_fur_elise:u_ctrl|estado_atual.s37  ; clock        ; clock       ; 0.000        ; 0.035      ; 0.388      ;
; 0.269 ; buzzer_asa_branca:inst13|play_d1                                       ; buzzer_asa_branca:inst13|play_d2                                       ; clock        ; clock       ; 0.000        ; 0.037      ; 0.390      ;
; 0.271 ; buzzer_fur_elise:inst12|controlador_fur_elise:u_ctrl|estado_atual.s32  ; buzzer_fur_elise:inst12|controlador_fur_elise:u_ctrl|Freq_out[13]      ; clock        ; clock       ; 0.000        ; 0.036      ; 0.391      ;
; 0.272 ; buzzer_fur_elise:inst12|controlador_fur_elise:u_ctrl|estado_atual.s32  ; buzzer_fur_elise:inst12|controlador_fur_elise:u_ctrl|estado_atual.s33  ; clock        ; clock       ; 0.000        ; 0.036      ; 0.392      ;
; 0.273 ; buzzer_fur_elise:inst12|controlador_fur_elise:u_ctrl|estado_atual.s19  ; buzzer_fur_elise:inst12|controlador_fur_elise:u_ctrl|estado_atual.s20  ; clock        ; clock       ; 0.000        ; 0.036      ; 0.393      ;
; 0.274 ; buzzer_asa_branca:inst13|mute_d1                                       ; buzzer_asa_branca:inst13|mute_d2                                       ; clock        ; clock       ; 0.000        ; 0.037      ; 0.395      ;
; 0.275 ; buzzer_fur_elise:inst12|controlador_fur_elise:u_ctrl|estado_atual.s19  ; buzzer_fur_elise:inst12|controlador_fur_elise:u_ctrl|Temp_out[5]       ; clock        ; clock       ; 0.000        ; 0.036      ; 0.395      ;
; 0.275 ; buzzer_asa_branca:inst13|stop_d1                                       ; buzzer_asa_branca:inst13|stop_pulse                                    ; clock        ; clock       ; 0.000        ; 0.036      ; 0.395      ;
; 0.276 ; ir_verilog:inst|get_data[14]                                           ; ir_verilog:inst|comando[6]                                             ; clock        ; clock       ; 0.000        ; 0.038      ; 0.398      ;
; 0.277 ; buzzer_asa_branca:inst13|stop_d1                                       ; buzzer_asa_branca:inst13|stop_d2                                       ; clock        ; clock       ; 0.000        ; 0.036      ; 0.397      ;
; 0.278 ; buzzer_fur_elise:inst12|controlador_fur_elise:u_ctrl|estado_atual.s41  ; buzzer_fur_elise:inst12|controlador_fur_elise:u_ctrl|estado_atual.s0   ; clock        ; clock       ; 0.000        ; 0.036      ; 0.398      ;
; 0.278 ; buzzer_fur_elise:inst12|controlador_fur_elise:u_ctrl|estado_atual.s41  ; buzzer_fur_elise:inst12|controlador_fur_elise:u_ctrl|Temp_out[6]       ; clock        ; clock       ; 0.000        ; 0.036      ; 0.398      ;
; 0.280 ; seletor_3_musicas:inst29|selecao_out[1]                                ; buzzer_asa_branca:inst13|play_d1                                       ; clock        ; clock       ; 0.000        ; 0.037      ; 0.401      ;
; 0.281 ; seletor_3_musicas:inst29|selecao_out[1]                                ; buzzer_fur_elise:inst12|play_d1                                        ; clock        ; clock       ; 0.000        ; 0.037      ; 0.402      ;
; 0.285 ; seletor_3_musicas:inst29|selecao_out[1]                                ; buzzer_sweet:inst8|play_d1                                             ; clock        ; clock       ; 0.000        ; 0.037      ; 0.406      ;
; 0.290 ; ir_verilog:inst|irda_reg1                                              ; ir_verilog:inst|estado_atual.ATRASO_900us                              ; clock        ; clock       ; 0.000        ; 0.043      ; 0.417      ;
; 0.294 ; ir_verilog:inst|get_data[2]                                            ; ir_verilog:inst|get_data[3]                                            ; clock        ; clock       ; 0.000        ; 0.037      ; 0.415      ;
; 0.294 ; ir_verilog:inst|get_data[0]                                            ; ir_verilog:inst|get_data[1]                                            ; clock        ; clock       ; 0.000        ; 0.037      ; 0.415      ;
+-------+------------------------------------------------------------------------+------------------------------------------------------------------------+--------------+-------------+--------------+------------+------------+


----------------------------------------------
; Fast 1200mV 0C Model Metastability Summary ;
----------------------------------------------
Design MTBF is not calculated because the design doesn't meet its timing requirements.



+---------------------------------------------------------------------------------+
; Multicorner Timing Analysis Summary                                             ;
+------------------+-----------+-------+----------+---------+---------------------+
; Clock            ; Setup     ; Hold  ; Recovery ; Removal ; Minimum Pulse Width ;
+------------------+-----------+-------+----------+---------+---------------------+
; Worst-case Slack ; -8.946    ; 0.179 ; N/A      ; N/A     ; -3.000              ;
;  clock           ; -8.946    ; 0.179 ; N/A      ; N/A     ; -3.000              ;
; Design-wide TNS  ; -2448.676 ; 0.0   ; 0.0      ; 0.0     ; -779.214            ;
;  clock           ; -2448.676 ; 0.000 ; N/A      ; N/A     ; -779.214            ;
+------------------+-----------+-------+----------+---------+---------------------+


+------------------------------------------------------------------------------------------------------------------------------------------------------------------------------------------------------------------------------------------------------------------------------------------------------------------------------------------------------------------------------------------------------------------+
; Board Trace Model Assignments                                                                                                                                                                                                                                                                                                                                                                                    ;
+---------------+--------------+-------------------+-------------------------+-------------------------+---------------+---------------------+----------------+------------------+--------+------------------+------------------------+------------------------+--------------+---------------+-----------------+-------+---------------------+--------------------+---------------+-----------------+-------------+
; Pin           ; I/O Standard ; Near Tline Length ; Near Tline L per Length ; Near Tline C per Length ; Near Series R ; Near Differential R ; Near Pull-up R ; Near Pull-down R ; Near C ; Far Tline Length ; Far Tline L per Length ; Far Tline C per Length ; Far Series R ; Far Pull-up R ; Far Pull-down R ; Far C ; Termination Voltage ; Far Differential R ; EBD File Name ; EBD Signal Name ; EBD Far-end ;
+---------------+--------------+-------------------+-------------------------+-------------------------+---------------+---------------------+----------------+------------------+--------+------------------+------------------------+------------------------+--------------+---------------+-----------------+-------+---------------------+--------------------+---------------+-----------------+-------------+
; buzzer        ; 2.5 V        ; 0 in              ; 0 H/in                  ; 0 F/in                  ; short         ; -                   ; open           ; open             ; open   ; 0 in             ; 0 H/in                 ; 0 F/in                 ; short        ; open          ; open            ; open  ; 0 V                 ; -                  ; n/a           ; n/a             ; n/a         ;
; lcd_rw        ; 2.5 V        ; 0 in              ; 0 H/in                  ; 0 F/in                  ; short         ; -                   ; open           ; open             ; open   ; 0 in             ; 0 H/in                 ; 0 F/in                 ; short        ; open          ; open            ; open  ; 0 V                 ; -                  ; n/a           ; n/a             ; n/a         ;
; lcd_rs        ; 2.5 V        ; 0 in              ; 0 H/in                  ; 0 F/in                  ; short         ; -                   ; open           ; open             ; open   ; 0 in             ; 0 H/in                 ; 0 F/in                 ; short        ; open          ; open            ; open  ; 0 V                 ; -                  ; n/a           ; n/a             ; n/a         ;
; lcd_en        ; 2.5 V        ; 0 in              ; 0 H/in                  ; 0 F/in                  ; short         ; -                   ; open           ; open             ; open   ; 0 in             ; 0 H/in                 ; 0 F/in                 ; short        ; open          ; open            ; open  ; 0 V                 ; -                  ; n/a           ; n/a             ; n/a         ;
; dig[4]        ; 2.5 V        ; 0 in              ; 0 H/in                  ; 0 F/in                  ; short         ; -                   ; open           ; open             ; open   ; 0 in             ; 0 H/in                 ; 0 F/in                 ; short        ; open          ; open            ; open  ; 0 V                 ; -                  ; n/a           ; n/a             ; n/a         ;
; dig[3]        ; 2.5 V        ; 0 in              ; 0 H/in                  ; 0 F/in                  ; short         ; -                   ; open           ; open             ; open   ; 0 in             ; 0 H/in                 ; 0 F/in                 ; short        ; open          ; open            ; open  ; 0 V                 ; -                  ; n/a           ; n/a             ; n/a         ;
; dig[2]        ; 2.5 V        ; 0 in              ; 0 H/in                  ; 0 F/in                  ; short         ; -                   ; open           ; open             ; open   ; 0 in             ; 0 H/in                 ; 0 F/in                 ; short        ; open          ; open            ; open  ; 0 V                 ; -                  ; n/a           ; n/a             ; n/a         ;
; dig[1]        ; 2.5 V        ; 0 in              ; 0 H/in                  ; 0 F/in                  ; short         ; -                   ; open           ; open             ; open   ; 0 in             ; 0 H/in                 ; 0 F/in                 ; short        ; open          ; open            ; open  ; 0 V                 ; -                  ; n/a           ; n/a             ; n/a         ;
; lcd_d[7]      ; 2.5 V        ; 0 in              ; 0 H/in                  ; 0 F/in                  ; short         ; -                   ; open           ; open             ; open   ; 0 in             ; 0 H/in                 ; 0 F/in                 ; short        ; open          ; open            ; open  ; 0 V                 ; -                  ; n/a           ; n/a             ; n/a         ;
; lcd_d[6]      ; 2.5 V        ; 0 in              ; 0 H/in                  ; 0 F/in                  ; short         ; -                   ; open           ; open             ; open   ; 0 in             ; 0 H/in                 ; 0 F/in                 ; short        ; open          ; open            ; open  ; 0 V                 ; -                  ; n/a           ; n/a             ; n/a         ;
; lcd_d[5]      ; 2.5 V        ; 0 in              ; 0 H/in                  ; 0 F/in                  ; short         ; -                   ; open           ; open             ; open   ; 0 in             ; 0 H/in                 ; 0 F/in                 ; short        ; open          ; open            ; open  ; 0 V                 ; -                  ; n/a           ; n/a             ; n/a         ;
; lcd_d[4]      ; 2.5 V        ; 0 in              ; 0 H/in                  ; 0 F/in                  ; short         ; -                   ; open           ; open             ; open   ; 0 in             ; 0 H/in                 ; 0 F/in                 ; short        ; open          ; open            ; open  ; 0 V                 ; -                  ; n/a           ; n/a             ; n/a         ;
; lcd_d[3]      ; 2.5 V        ; 0 in              ; 0 H/in                  ; 0 F/in                  ; short         ; -                   ; open           ; open             ; open   ; 0 in             ; 0 H/in                 ; 0 F/in                 ; short        ; open          ; open            ; open  ; 0 V                 ; -                  ; n/a           ; n/a             ; n/a         ;
; lcd_d[2]      ; 2.5 V        ; 0 in              ; 0 H/in                  ; 0 F/in                  ; short         ; -                   ; open           ; open             ; open   ; 0 in             ; 0 H/in                 ; 0 F/in                 ; short        ; open          ; open            ; open  ; 0 V                 ; -                  ; n/a           ; n/a             ; n/a         ;
; lcd_d[1]      ; 2.5 V        ; 0 in              ; 0 H/in                  ; 0 F/in                  ; short         ; -                   ; open           ; open             ; open   ; 0 in             ; 0 H/in                 ; 0 F/in                 ; short        ; open          ; open            ; open  ; 0 V                 ; -                  ; n/a           ; n/a             ; n/a         ;
; lcd_d[0]      ; 2.5 V        ; 0 in              ; 0 H/in                  ; 0 F/in                  ; short         ; -                   ; open           ; open             ; open   ; 0 in             ; 0 H/in                 ; 0 F/in                 ; short        ; open          ; open            ; open  ; 0 V                 ; -                  ; n/a           ; n/a             ; n/a         ;
; seg[7]        ; 2.5 V        ; 0 in              ; 0 H/in                  ; 0 F/in                  ; short         ; -                   ; open           ; open             ; open   ; 0 in             ; 0 H/in                 ; 0 F/in                 ; short        ; open          ; open            ; open  ; 0 V                 ; -                  ; n/a           ; n/a             ; n/a         ;
; seg[6]        ; 2.5 V        ; 0 in              ; 0 H/in                  ; 0 F/in                  ; short         ; -                   ; open           ; open             ; open   ; 0 in             ; 0 H/in                 ; 0 F/in                 ; short        ; open          ; open            ; open  ; 0 V                 ; -                  ; n/a           ; n/a             ; n/a         ;
; seg[5]        ; 2.5 V        ; 0 in              ; 0 H/in                  ; 0 F/in                  ; short         ; -                   ; open           ; open             ; open   ; 0 in             ; 0 H/in                 ; 0 F/in                 ; short        ; open          ; open            ; open  ; 0 V                 ; -                  ; n/a           ; n/a             ; n/a         ;
; seg[4]        ; 2.5 V        ; 0 in              ; 0 H/in                  ; 0 F/in                  ; short         ; -                   ; open           ; open             ; open   ; 0 in             ; 0 H/in                 ; 0 F/in                 ; short        ; open          ; open            ; open  ; 0 V                 ; -                  ; n/a           ; n/a             ; n/a         ;
; seg[3]        ; 2.5 V        ; 0 in              ; 0 H/in                  ; 0 F/in                  ; short         ; -                   ; open           ; open             ; open   ; 0 in             ; 0 H/in                 ; 0 F/in                 ; short        ; open          ; open            ; open  ; 0 V                 ; -                  ; n/a           ; n/a             ; n/a         ;
; seg[2]        ; 2.5 V        ; 0 in              ; 0 H/in                  ; 0 F/in                  ; short         ; -                   ; open           ; open             ; open   ; 0 in             ; 0 H/in                 ; 0 F/in                 ; short        ; open          ; open            ; open  ; 0 V                 ; -                  ; n/a           ; n/a             ; n/a         ;
; seg[1]        ; 2.5 V        ; 0 in              ; 0 H/in                  ; 0 F/in                  ; short         ; -                   ; open           ; open             ; open   ; 0 in             ; 0 H/in                 ; 0 F/in                 ; short        ; open          ; open            ; open  ; 0 V                 ; -                  ; n/a           ; n/a             ; n/a         ;
; seg[0]        ; 2.5 V        ; 0 in              ; 0 H/in                  ; 0 F/in                  ; short         ; -                   ; open           ; open             ; open   ; 0 in             ; 0 H/in                 ; 0 F/in                 ; short        ; open          ; open            ; open  ; 0 V                 ; -                  ; n/a           ; n/a             ; n/a         ;
; ~ALTERA_DCLK~ ; 2.5 V        ; 0 in              ; 0 H/in                  ; 0 F/in                  ; short         ; -                   ; open           ; open             ; open   ; 0 in             ; 0 H/in                 ; 0 F/in                 ; short        ; open          ; open            ; open  ; 0 V                 ; -                  ; n/a           ; n/a             ; n/a         ;
; ~ALTERA_nCEO~ ; 2.5 V        ; 0 in              ; 0 H/in                  ; 0 F/in                  ; short         ; -                   ; open           ; open             ; open   ; 0 in             ; 0 H/in                 ; 0 F/in                 ; short        ; open          ; open            ; open  ; 0 V                 ; -                  ; n/a           ; n/a             ; n/a         ;
+---------------+--------------+-------------------+-------------------------+-------------------------+---------------+---------------------+----------------+------------------+--------+------------------+------------------------+------------------------+--------------+---------------+-----------------+-------+---------------------+--------------------+---------------+-----------------+-------------+


+----------------------------------------------------------------------------+
; Input Transition Times                                                     ;
+-------------------------+--------------+-----------------+-----------------+
; Pin                     ; I/O Standard ; 10-90 Rise Time ; 90-10 Fall Time ;
+-------------------------+--------------+-----------------+-----------------+
; clock                   ; 2.5 V        ; 2000 ps         ; 2000 ps         ;
; ir                      ; 2.5 V        ; 2000 ps         ; 2000 ps         ;
; key[3]                  ; 2.5 V        ; 2000 ps         ; 2000 ps         ;
; key[2]                  ; 2.5 V        ; 2000 ps         ; 2000 ps         ;
; key[1]                  ; 2.5 V        ; 2000 ps         ; 2000 ps         ;
; key[4]                  ; 2.5 V        ; 2000 ps         ; 2000 ps         ;
; ~ALTERA_ASDO_DATA1~     ; 2.5 V        ; 2000 ps         ; 2000 ps         ;
; ~ALTERA_FLASH_nCE_nCSO~ ; 2.5 V        ; 2000 ps         ; 2000 ps         ;
; ~ALTERA_DATA0~          ; 2.5 V        ; 2000 ps         ; 2000 ps         ;
+-------------------------+--------------+-----------------+-----------------+


+--------------------------------------------------------------------------------------------------------------------------------------------------------------------------------------------------------------------------------------------------------------------------------------------------------------------------------------------------------------------------------------------------------------------------------------------------------------------------------------------------------------------------------------------------------------------------------------------------------------------------------------------------------------------------------------------+
; Signal Integrity Metrics (Slow 1200mv 0c Model)                                                                                                                                                                                                                                                                                                                                                                                                                                                                                                                                                                                                                                            ;
+---------------+--------------+---------------------+---------------------+------------------------------+------------------------------+---------------------+---------------------+--------------------------------------+--------------------------------------+-----------------------------+-----------------------------+----------------------------+----------------------------+-----------------------------+-----------------------------+--------------------+--------------------+-------------------------------------+-------------------------------------+----------------------------+----------------------------+---------------------------+---------------------------+
; Pin           ; I/O Standard ; Board Delay on Rise ; Board Delay on Fall ; Steady State Voh at FPGA Pin ; Steady State Vol at FPGA Pin ; Voh Max at FPGA Pin ; Vol Min at FPGA Pin ; Ringback Voltage on Rise at FPGA Pin ; Ringback Voltage on Fall at FPGA Pin ; 10-90 Rise Time at FPGA Pin ; 90-10 Fall Time at FPGA Pin ; Monotonic Rise at FPGA Pin ; Monotonic Fall at FPGA Pin ; Steady State Voh at Far-end ; Steady State Vol at Far-end ; Voh Max at Far-end ; Vol Min at Far-end ; Ringback Voltage on Rise at Far-end ; Ringback Voltage on Fall at Far-end ; 10-90 Rise Time at Far-end ; 90-10 Fall Time at Far-end ; Monotonic Rise at Far-end ; Monotonic Fall at Far-end ;
+---------------+--------------+---------------------+---------------------+------------------------------+------------------------------+---------------------+---------------------+--------------------------------------+--------------------------------------+-----------------------------+-----------------------------+----------------------------+----------------------------+-----------------------------+-----------------------------+--------------------+--------------------+-------------------------------------+-------------------------------------+----------------------------+----------------------------+---------------------------+---------------------------+
; buzzer        ; 2.5 V        ; 0 s                 ; 0 s                 ; 2.32 V                       ; 2.8e-09 V                    ; 2.37 V              ; -0.00373 V          ; 0.104 V                              ; 0.011 V                              ; 4.34e-10 s                  ; 3.82e-10 s                  ; Yes                        ; Yes                        ; 2.32 V                      ; 2.8e-09 V                   ; 2.37 V             ; -0.00373 V         ; 0.104 V                             ; 0.011 V                             ; 4.34e-10 s                 ; 3.82e-10 s                 ; Yes                       ; Yes                       ;
; lcd_rw        ; 2.5 V        ; 0 s                 ; 0 s                 ; 2.32 V                       ; 2.8e-09 V                    ; 2.37 V              ; -0.00373 V          ; 0.104 V                              ; 0.011 V                              ; 4.34e-10 s                  ; 3.82e-10 s                  ; Yes                        ; Yes                        ; 2.32 V                      ; 2.8e-09 V                   ; 2.37 V             ; -0.00373 V         ; 0.104 V                             ; 0.011 V                             ; 4.34e-10 s                 ; 3.82e-10 s                 ; Yes                       ; Yes                       ;
; lcd_rs        ; 2.5 V        ; 0 s                 ; 0 s                 ; 2.32 V                       ; 2.8e-09 V                    ; 2.37 V              ; -0.00373 V          ; 0.104 V                              ; 0.011 V                              ; 4.34e-10 s                  ; 3.82e-10 s                  ; Yes                        ; Yes                        ; 2.32 V                      ; 2.8e-09 V                   ; 2.37 V             ; -0.00373 V         ; 0.104 V                             ; 0.011 V                             ; 4.34e-10 s                 ; 3.82e-10 s                 ; Yes                       ; Yes                       ;
; lcd_en        ; 2.5 V        ; 0 s                 ; 0 s                 ; 2.32 V                       ; 2.8e-09 V                    ; 2.37 V              ; -0.00373 V          ; 0.104 V                              ; 0.011 V                              ; 4.34e-10 s                  ; 3.82e-10 s                  ; Yes                        ; Yes                        ; 2.32 V                      ; 2.8e-09 V                   ; 2.37 V             ; -0.00373 V         ; 0.104 V                             ; 0.011 V                             ; 4.34e-10 s                 ; 3.82e-10 s                 ; Yes                       ; Yes                       ;
; dig[4]        ; 2.5 V        ; 0 s                 ; 0 s                 ; 2.32 V                       ; 2.8e-09 V                    ; 2.37 V              ; -0.00373 V          ; 0.104 V                              ; 0.011 V                              ; 4.34e-10 s                  ; 3.82e-10 s                  ; Yes                        ; Yes                        ; 2.32 V                      ; 2.8e-09 V                   ; 2.37 V             ; -0.00373 V         ; 0.104 V                             ; 0.011 V                             ; 4.34e-10 s                 ; 3.82e-10 s                 ; Yes                       ; Yes                       ;
; dig[3]        ; 2.5 V        ; 0 s                 ; 0 s                 ; 2.32 V                       ; 2.8e-09 V                    ; 2.33 V              ; -0.00425 V          ; 0.168 V                              ; 0.058 V                              ; 3.12e-09 s                  ; 2.87e-09 s                  ; Yes                        ; Yes                        ; 2.32 V                      ; 2.8e-09 V                   ; 2.33 V             ; -0.00425 V         ; 0.168 V                             ; 0.058 V                             ; 3.12e-09 s                 ; 2.87e-09 s                 ; Yes                       ; Yes                       ;
; dig[2]        ; 2.5 V        ; 0 s                 ; 0 s                 ; 2.32 V                       ; 2.8e-09 V                    ; 2.37 V              ; -0.00373 V          ; 0.104 V                              ; 0.011 V                              ; 4.34e-10 s                  ; 3.82e-10 s                  ; Yes                        ; Yes                        ; 2.32 V                      ; 2.8e-09 V                   ; 2.37 V             ; -0.00373 V         ; 0.104 V                             ; 0.011 V                             ; 4.34e-10 s                 ; 3.82e-10 s                 ; Yes                       ; Yes                       ;
; dig[1]        ; 2.5 V        ; 0 s                 ; 0 s                 ; 2.32 V                       ; 2.8e-09 V                    ; 2.37 V              ; -0.00373 V          ; 0.104 V                              ; 0.011 V                              ; 4.34e-10 s                  ; 3.82e-10 s                  ; Yes                        ; Yes                        ; 2.32 V                      ; 2.8e-09 V                   ; 2.37 V             ; -0.00373 V         ; 0.104 V                             ; 0.011 V                             ; 4.34e-10 s                 ; 3.82e-10 s                 ; Yes                       ; Yes                       ;
; lcd_d[7]      ; 2.5 V        ; 0 s                 ; 0 s                 ; 2.32 V                       ; 2.07e-09 V                   ; 2.36 V              ; -0.00737 V          ; 0.209 V                              ; 0.012 V                              ; 5.22e-10 s                  ; 5.33e-10 s                  ; Yes                        ; Yes                        ; 2.32 V                      ; 2.07e-09 V                  ; 2.36 V             ; -0.00737 V         ; 0.209 V                             ; 0.012 V                             ; 5.22e-10 s                 ; 5.33e-10 s                 ; Yes                       ; Yes                       ;
; lcd_d[6]      ; 2.5 V        ; 0 s                 ; 0 s                 ; 2.32 V                       ; 2.07e-09 V                   ; 2.33 V              ; -0.00421 V          ; 0.165 V                              ; 0.078 V                              ; 3.11e-09 s                  ; 2.85e-09 s                  ; Yes                        ; Yes                        ; 2.32 V                      ; 2.07e-09 V                  ; 2.33 V             ; -0.00421 V         ; 0.165 V                             ; 0.078 V                             ; 3.11e-09 s                 ; 2.85e-09 s                 ; Yes                       ; Yes                       ;
; lcd_d[5]      ; 2.5 V        ; 0 s                 ; 0 s                 ; 2.32 V                       ; 2.07e-09 V                   ; 2.36 V              ; -0.00737 V          ; 0.209 V                              ; 0.012 V                              ; 5.22e-10 s                  ; 5.33e-10 s                  ; Yes                        ; Yes                        ; 2.32 V                      ; 2.07e-09 V                  ; 2.36 V             ; -0.00737 V         ; 0.209 V                             ; 0.012 V                             ; 5.22e-10 s                 ; 5.33e-10 s                 ; Yes                       ; Yes                       ;
; lcd_d[4]      ; 2.5 V        ; 0 s                 ; 0 s                 ; 2.32 V                       ; 2.07e-09 V                   ; 2.38 V              ; -0.0073 V           ; 0.097 V                              ; 0.018 V                              ; 4.24e-10 s                  ; 3.65e-10 s                  ; No                         ; Yes                        ; 2.32 V                      ; 2.07e-09 V                  ; 2.38 V             ; -0.0073 V          ; 0.097 V                             ; 0.018 V                             ; 4.24e-10 s                 ; 3.65e-10 s                 ; No                        ; Yes                       ;
; lcd_d[3]      ; 2.5 V        ; 0 s                 ; 0 s                 ; 2.32 V                       ; 2.07e-09 V                   ; 2.38 V              ; -0.0073 V           ; 0.097 V                              ; 0.018 V                              ; 4.24e-10 s                  ; 3.65e-10 s                  ; No                         ; Yes                        ; 2.32 V                      ; 2.07e-09 V                  ; 2.38 V             ; -0.0073 V          ; 0.097 V                             ; 0.018 V                             ; 4.24e-10 s                 ; 3.65e-10 s                 ; No                        ; Yes                       ;
; lcd_d[2]      ; 2.5 V        ; 0 s                 ; 0 s                 ; 2.32 V                       ; 2.8e-09 V                    ; 2.37 V              ; -0.00373 V          ; 0.104 V                              ; 0.011 V                              ; 4.34e-10 s                  ; 3.82e-10 s                  ; Yes                        ; Yes                        ; 2.32 V                      ; 2.8e-09 V                   ; 2.37 V             ; -0.00373 V         ; 0.104 V                             ; 0.011 V                             ; 4.34e-10 s                 ; 3.82e-10 s                 ; Yes                       ; Yes                       ;
; lcd_d[1]      ; 2.5 V        ; 0 s                 ; 0 s                 ; 2.32 V                       ; 2.07e-09 V                   ; 2.38 V              ; -0.0073 V           ; 0.097 V                              ; 0.018 V                              ; 4.24e-10 s                  ; 3.65e-10 s                  ; No                         ; Yes                        ; 2.32 V                      ; 2.07e-09 V                  ; 2.38 V             ; -0.0073 V          ; 0.097 V                             ; 0.018 V                             ; 4.24e-10 s                 ; 3.65e-10 s                 ; No                        ; Yes                       ;
; lcd_d[0]      ; 2.5 V        ; 0 s                 ; 0 s                 ; 2.32 V                       ; 2.8e-09 V                    ; 2.37 V              ; -0.00373 V          ; 0.104 V                              ; 0.011 V                              ; 4.34e-10 s                  ; 3.82e-10 s                  ; Yes                        ; Yes                        ; 2.32 V                      ; 2.8e-09 V                   ; 2.37 V             ; -0.00373 V         ; 0.104 V                             ; 0.011 V                             ; 4.34e-10 s                 ; 3.82e-10 s                 ; Yes                       ; Yes                       ;
; seg[7]        ; 2.5 V        ; 0 s                 ; 0 s                 ; 2.32 V                       ; 2.8e-09 V                    ; 2.37 V              ; -0.00373 V          ; 0.104 V                              ; 0.011 V                              ; 4.34e-10 s                  ; 3.82e-10 s                  ; Yes                        ; Yes                        ; 2.32 V                      ; 2.8e-09 V                   ; 2.37 V             ; -0.00373 V         ; 0.104 V                             ; 0.011 V                             ; 4.34e-10 s                 ; 3.82e-10 s                 ; Yes                       ; Yes                       ;
; seg[6]        ; 2.5 V        ; 0 s                 ; 0 s                 ; 2.32 V                       ; 2.8e-09 V                    ; 2.37 V              ; -0.00373 V          ; 0.104 V                              ; 0.011 V                              ; 4.34e-10 s                  ; 3.82e-10 s                  ; Yes                        ; Yes                        ; 2.32 V                      ; 2.8e-09 V                   ; 2.37 V             ; -0.00373 V         ; 0.104 V                             ; 0.011 V                             ; 4.34e-10 s                 ; 3.82e-10 s                 ; Yes                       ; Yes                       ;
; seg[5]        ; 2.5 V        ; 0 s                 ; 0 s                 ; 2.32 V                       ; 2.8e-09 V                    ; 2.37 V              ; -0.00373 V          ; 0.104 V                              ; 0.011 V                              ; 4.34e-10 s                  ; 3.82e-10 s                  ; Yes                        ; Yes                        ; 2.32 V                      ; 2.8e-09 V                   ; 2.37 V             ; -0.00373 V         ; 0.104 V                             ; 0.011 V                             ; 4.34e-10 s                 ; 3.82e-10 s                 ; Yes                       ; Yes                       ;
; seg[4]        ; 2.5 V        ; 0 s                 ; 0 s                 ; 2.32 V                       ; 2.8e-09 V                    ; 2.37 V              ; -0.00373 V          ; 0.104 V                              ; 0.011 V                              ; 4.34e-10 s                  ; 3.82e-10 s                  ; Yes                        ; Yes                        ; 2.32 V                      ; 2.8e-09 V                   ; 2.37 V             ; -0.00373 V         ; 0.104 V                             ; 0.011 V                             ; 4.34e-10 s                 ; 3.82e-10 s                 ; Yes                       ; Yes                       ;
; seg[3]        ; 2.5 V        ; 0 s                 ; 0 s                 ; 2.32 V                       ; 2.8e-09 V                    ; 2.37 V              ; -0.00373 V          ; 0.104 V                              ; 0.011 V                              ; 4.34e-10 s                  ; 3.82e-10 s                  ; Yes                        ; Yes                        ; 2.32 V                      ; 2.8e-09 V                   ; 2.37 V             ; -0.00373 V         ; 0.104 V                             ; 0.011 V                             ; 4.34e-10 s                 ; 3.82e-10 s                 ; Yes                       ; Yes                       ;
; seg[2]        ; 2.5 V        ; 0 s                 ; 0 s                 ; 2.32 V                       ; 2.8e-09 V                    ; 2.37 V              ; -0.00373 V          ; 0.104 V                              ; 0.011 V                              ; 4.34e-10 s                  ; 3.82e-10 s                  ; Yes                        ; Yes                        ; 2.32 V                      ; 2.8e-09 V                   ; 2.37 V             ; -0.00373 V         ; 0.104 V                             ; 0.011 V                             ; 4.34e-10 s                 ; 3.82e-10 s                 ; Yes                       ; Yes                       ;
; seg[1]        ; 2.5 V        ; 0 s                 ; 0 s                 ; 2.32 V                       ; 2.8e-09 V                    ; 2.37 V              ; -0.00373 V          ; 0.104 V                              ; 0.011 V                              ; 4.34e-10 s                  ; 3.82e-10 s                  ; Yes                        ; Yes                        ; 2.32 V                      ; 2.8e-09 V                   ; 2.37 V             ; -0.00373 V         ; 0.104 V                             ; 0.011 V                             ; 4.34e-10 s                 ; 3.82e-10 s                 ; Yes                       ; Yes                       ;
; seg[0]        ; 2.5 V        ; 0 s                 ; 0 s                 ; 2.32 V                       ; 2.8e-09 V                    ; 2.37 V              ; -0.00373 V          ; 0.104 V                              ; 0.011 V                              ; 4.34e-10 s                  ; 3.82e-10 s                  ; Yes                        ; Yes                        ; 2.32 V                      ; 2.8e-09 V                   ; 2.37 V             ; -0.00373 V         ; 0.104 V                             ; 0.011 V                             ; 4.34e-10 s                 ; 3.82e-10 s                 ; Yes                       ; Yes                       ;
; ~ALTERA_DCLK~ ; 2.5 V        ; 0 s                 ; 0 s                 ; 2.32 V                       ; 1.74e-09 V                   ; 2.37 V              ; -0.0346 V           ; 0.198 V                              ; 0.094 V                              ; 3.14e-10 s                  ; 2.92e-10 s                  ; Yes                        ; Yes                        ; 2.32 V                      ; 1.74e-09 V                  ; 2.37 V             ; -0.0346 V          ; 0.198 V                             ; 0.094 V                             ; 3.14e-10 s                 ; 2.92e-10 s                 ; Yes                       ; Yes                       ;
; ~ALTERA_nCEO~ ; 2.5 V        ; 0 s                 ; 0 s                 ; 2.32 V                       ; 2.57e-09 V                   ; 2.37 V              ; -0.00683 V          ; 0.171 V                              ; 0.018 V                              ; 4.97e-10 s                  ; 6.66e-10 s                  ; Yes                        ; Yes                        ; 2.32 V                      ; 2.57e-09 V                  ; 2.37 V             ; -0.00683 V         ; 0.171 V                             ; 0.018 V                             ; 4.97e-10 s                 ; 6.66e-10 s                 ; Yes                       ; Yes                       ;
+---------------+--------------+---------------------+---------------------+------------------------------+------------------------------+---------------------+---------------------+--------------------------------------+--------------------------------------+-----------------------------+-----------------------------+----------------------------+----------------------------+-----------------------------+-----------------------------+--------------------+--------------------+-------------------------------------+-------------------------------------+----------------------------+----------------------------+---------------------------+---------------------------+


+--------------------------------------------------------------------------------------------------------------------------------------------------------------------------------------------------------------------------------------------------------------------------------------------------------------------------------------------------------------------------------------------------------------------------------------------------------------------------------------------------------------------------------------------------------------------------------------------------------------------------------------------------------------------------------------------+
; Signal Integrity Metrics (Slow 1200mv 85c Model)                                                                                                                                                                                                                                                                                                                                                                                                                                                                                                                                                                                                                                           ;
+---------------+--------------+---------------------+---------------------+------------------------------+------------------------------+---------------------+---------------------+--------------------------------------+--------------------------------------+-----------------------------+-----------------------------+----------------------------+----------------------------+-----------------------------+-----------------------------+--------------------+--------------------+-------------------------------------+-------------------------------------+----------------------------+----------------------------+---------------------------+---------------------------+
; Pin           ; I/O Standard ; Board Delay on Rise ; Board Delay on Fall ; Steady State Voh at FPGA Pin ; Steady State Vol at FPGA Pin ; Voh Max at FPGA Pin ; Vol Min at FPGA Pin ; Ringback Voltage on Rise at FPGA Pin ; Ringback Voltage on Fall at FPGA Pin ; 10-90 Rise Time at FPGA Pin ; 90-10 Fall Time at FPGA Pin ; Monotonic Rise at FPGA Pin ; Monotonic Fall at FPGA Pin ; Steady State Voh at Far-end ; Steady State Vol at Far-end ; Voh Max at Far-end ; Vol Min at Far-end ; Ringback Voltage on Rise at Far-end ; Ringback Voltage on Fall at Far-end ; 10-90 Rise Time at Far-end ; 90-10 Fall Time at Far-end ; Monotonic Rise at Far-end ; Monotonic Fall at Far-end ;
+---------------+--------------+---------------------+---------------------+------------------------------+------------------------------+---------------------+---------------------+--------------------------------------+--------------------------------------+-----------------------------+-----------------------------+----------------------------+----------------------------+-----------------------------+-----------------------------+--------------------+--------------------+-------------------------------------+-------------------------------------+----------------------------+----------------------------+---------------------------+---------------------------+
; buzzer        ; 2.5 V        ; 0 s                 ; 0 s                 ; 2.32 V                       ; 2.85e-07 V                   ; 2.35 V              ; -0.0123 V           ; 0.144 V                              ; 0.042 V                              ; 4.81e-10 s                  ; 4.81e-10 s                  ; Yes                        ; Yes                        ; 2.32 V                      ; 2.85e-07 V                  ; 2.35 V             ; -0.0123 V          ; 0.144 V                             ; 0.042 V                             ; 4.81e-10 s                 ; 4.81e-10 s                 ; Yes                       ; Yes                       ;
; lcd_rw        ; 2.5 V        ; 0 s                 ; 0 s                 ; 2.32 V                       ; 2.85e-07 V                   ; 2.35 V              ; -0.0123 V           ; 0.144 V                              ; 0.042 V                              ; 4.81e-10 s                  ; 4.81e-10 s                  ; Yes                        ; Yes                        ; 2.32 V                      ; 2.85e-07 V                  ; 2.35 V             ; -0.0123 V          ; 0.144 V                             ; 0.042 V                             ; 4.81e-10 s                 ; 4.81e-10 s                 ; Yes                       ; Yes                       ;
; lcd_rs        ; 2.5 V        ; 0 s                 ; 0 s                 ; 2.32 V                       ; 2.85e-07 V                   ; 2.35 V              ; -0.0123 V           ; 0.144 V                              ; 0.042 V                              ; 4.81e-10 s                  ; 4.81e-10 s                  ; Yes                        ; Yes                        ; 2.32 V                      ; 2.85e-07 V                  ; 2.35 V             ; -0.0123 V          ; 0.144 V                             ; 0.042 V                             ; 4.81e-10 s                 ; 4.81e-10 s                 ; Yes                       ; Yes                       ;
; lcd_en        ; 2.5 V        ; 0 s                 ; 0 s                 ; 2.32 V                       ; 2.85e-07 V                   ; 2.35 V              ; -0.0123 V           ; 0.144 V                              ; 0.042 V                              ; 4.81e-10 s                  ; 4.81e-10 s                  ; Yes                        ; Yes                        ; 2.32 V                      ; 2.85e-07 V                  ; 2.35 V             ; -0.0123 V          ; 0.144 V                             ; 0.042 V                             ; 4.81e-10 s                 ; 4.81e-10 s                 ; Yes                       ; Yes                       ;
; dig[4]        ; 2.5 V        ; 0 s                 ; 0 s                 ; 2.32 V                       ; 2.85e-07 V                   ; 2.35 V              ; -0.0123 V           ; 0.144 V                              ; 0.042 V                              ; 4.81e-10 s                  ; 4.81e-10 s                  ; Yes                        ; Yes                        ; 2.32 V                      ; 2.85e-07 V                  ; 2.35 V             ; -0.0123 V          ; 0.144 V                             ; 0.042 V                             ; 4.81e-10 s                 ; 4.81e-10 s                 ; Yes                       ; Yes                       ;
; dig[3]        ; 2.5 V        ; 0 s                 ; 0 s                 ; 2.32 V                       ; 2.85e-07 V                   ; 2.33 V              ; -0.00229 V          ; 0.111 V                              ; 0.057 V                              ; 3.78e-09 s                  ; 3.5e-09 s                   ; Yes                        ; Yes                        ; 2.32 V                      ; 2.85e-07 V                  ; 2.33 V             ; -0.00229 V         ; 0.111 V                             ; 0.057 V                             ; 3.78e-09 s                 ; 3.5e-09 s                  ; Yes                       ; Yes                       ;
; dig[2]        ; 2.5 V        ; 0 s                 ; 0 s                 ; 2.32 V                       ; 2.85e-07 V                   ; 2.35 V              ; -0.0123 V           ; 0.144 V                              ; 0.042 V                              ; 4.81e-10 s                  ; 4.81e-10 s                  ; Yes                        ; Yes                        ; 2.32 V                      ; 2.85e-07 V                  ; 2.35 V             ; -0.0123 V          ; 0.144 V                             ; 0.042 V                             ; 4.81e-10 s                 ; 4.81e-10 s                 ; Yes                       ; Yes                       ;
; dig[1]        ; 2.5 V        ; 0 s                 ; 0 s                 ; 2.32 V                       ; 2.85e-07 V                   ; 2.35 V              ; -0.0123 V           ; 0.144 V                              ; 0.042 V                              ; 4.81e-10 s                  ; 4.81e-10 s                  ; Yes                        ; Yes                        ; 2.32 V                      ; 2.85e-07 V                  ; 2.35 V             ; -0.0123 V          ; 0.144 V                             ; 0.042 V                             ; 4.81e-10 s                 ; 4.81e-10 s                 ; Yes                       ; Yes                       ;
; lcd_d[7]      ; 2.5 V        ; 0 s                 ; 0 s                 ; 2.32 V                       ; 1.93e-07 V                   ; 2.34 V              ; -0.00869 V          ; 0.14 V                               ; 0.046 V                              ; 6.89e-10 s                  ; 6.56e-10 s                  ; Yes                        ; Yes                        ; 2.32 V                      ; 1.93e-07 V                  ; 2.34 V             ; -0.00869 V         ; 0.14 V                              ; 0.046 V                             ; 6.89e-10 s                 ; 6.56e-10 s                 ; Yes                       ; Yes                       ;
; lcd_d[6]      ; 2.5 V        ; 0 s                 ; 0 s                 ; 2.32 V                       ; 1.93e-07 V                   ; 2.33 V              ; -0.0022 V           ; 0.088 V                              ; 0.056 V                              ; 3.76e-09 s                  ; 3.48e-09 s                  ; Yes                        ; Yes                        ; 2.32 V                      ; 1.93e-07 V                  ; 2.33 V             ; -0.0022 V          ; 0.088 V                             ; 0.056 V                             ; 3.76e-09 s                 ; 3.48e-09 s                 ; Yes                       ; Yes                       ;
; lcd_d[5]      ; 2.5 V        ; 0 s                 ; 0 s                 ; 2.32 V                       ; 1.93e-07 V                   ; 2.34 V              ; -0.00869 V          ; 0.14 V                               ; 0.046 V                              ; 6.89e-10 s                  ; 6.56e-10 s                  ; Yes                        ; Yes                        ; 2.32 V                      ; 1.93e-07 V                  ; 2.34 V             ; -0.00869 V         ; 0.14 V                              ; 0.046 V                             ; 6.89e-10 s                 ; 6.56e-10 s                 ; Yes                       ; Yes                       ;
; lcd_d[4]      ; 2.5 V        ; 0 s                 ; 0 s                 ; 2.32 V                       ; 1.93e-07 V                   ; 2.35 V              ; -0.00834 V          ; 0.127 V                              ; 0.035 V                              ; 4.7e-10 s                   ; 4.64e-10 s                  ; Yes                        ; Yes                        ; 2.32 V                      ; 1.93e-07 V                  ; 2.35 V             ; -0.00834 V         ; 0.127 V                             ; 0.035 V                             ; 4.7e-10 s                  ; 4.64e-10 s                 ; Yes                       ; Yes                       ;
; lcd_d[3]      ; 2.5 V        ; 0 s                 ; 0 s                 ; 2.32 V                       ; 1.93e-07 V                   ; 2.35 V              ; -0.00834 V          ; 0.127 V                              ; 0.035 V                              ; 4.7e-10 s                   ; 4.64e-10 s                  ; Yes                        ; Yes                        ; 2.32 V                      ; 1.93e-07 V                  ; 2.35 V             ; -0.00834 V         ; 0.127 V                             ; 0.035 V                             ; 4.7e-10 s                  ; 4.64e-10 s                 ; Yes                       ; Yes                       ;
; lcd_d[2]      ; 2.5 V        ; 0 s                 ; 0 s                 ; 2.32 V                       ; 2.85e-07 V                   ; 2.35 V              ; -0.0123 V           ; 0.144 V                              ; 0.042 V                              ; 4.81e-10 s                  ; 4.81e-10 s                  ; Yes                        ; Yes                        ; 2.32 V                      ; 2.85e-07 V                  ; 2.35 V             ; -0.0123 V          ; 0.144 V                             ; 0.042 V                             ; 4.81e-10 s                 ; 4.81e-10 s                 ; Yes                       ; Yes                       ;
; lcd_d[1]      ; 2.5 V        ; 0 s                 ; 0 s                 ; 2.32 V                       ; 1.93e-07 V                   ; 2.35 V              ; -0.00834 V          ; 0.127 V                              ; 0.035 V                              ; 4.7e-10 s                   ; 4.64e-10 s                  ; Yes                        ; Yes                        ; 2.32 V                      ; 1.93e-07 V                  ; 2.35 V             ; -0.00834 V         ; 0.127 V                             ; 0.035 V                             ; 4.7e-10 s                  ; 4.64e-10 s                 ; Yes                       ; Yes                       ;
; lcd_d[0]      ; 2.5 V        ; 0 s                 ; 0 s                 ; 2.32 V                       ; 2.85e-07 V                   ; 2.35 V              ; -0.0123 V           ; 0.144 V                              ; 0.042 V                              ; 4.81e-10 s                  ; 4.81e-10 s                  ; Yes                        ; Yes                        ; 2.32 V                      ; 2.85e-07 V                  ; 2.35 V             ; -0.0123 V          ; 0.144 V                             ; 0.042 V                             ; 4.81e-10 s                 ; 4.81e-10 s                 ; Yes                       ; Yes                       ;
; seg[7]        ; 2.5 V        ; 0 s                 ; 0 s                 ; 2.32 V                       ; 2.85e-07 V                   ; 2.35 V              ; -0.0123 V           ; 0.144 V                              ; 0.042 V                              ; 4.81e-10 s                  ; 4.81e-10 s                  ; Yes                        ; Yes                        ; 2.32 V                      ; 2.85e-07 V                  ; 2.35 V             ; -0.0123 V          ; 0.144 V                             ; 0.042 V                             ; 4.81e-10 s                 ; 4.81e-10 s                 ; Yes                       ; Yes                       ;
; seg[6]        ; 2.5 V        ; 0 s                 ; 0 s                 ; 2.32 V                       ; 2.85e-07 V                   ; 2.35 V              ; -0.0123 V           ; 0.144 V                              ; 0.042 V                              ; 4.81e-10 s                  ; 4.81e-10 s                  ; Yes                        ; Yes                        ; 2.32 V                      ; 2.85e-07 V                  ; 2.35 V             ; -0.0123 V          ; 0.144 V                             ; 0.042 V                             ; 4.81e-10 s                 ; 4.81e-10 s                 ; Yes                       ; Yes                       ;
; seg[5]        ; 2.5 V        ; 0 s                 ; 0 s                 ; 2.32 V                       ; 2.85e-07 V                   ; 2.35 V              ; -0.0123 V           ; 0.144 V                              ; 0.042 V                              ; 4.81e-10 s                  ; 4.81e-10 s                  ; Yes                        ; Yes                        ; 2.32 V                      ; 2.85e-07 V                  ; 2.35 V             ; -0.0123 V          ; 0.144 V                             ; 0.042 V                             ; 4.81e-10 s                 ; 4.81e-10 s                 ; Yes                       ; Yes                       ;
; seg[4]        ; 2.5 V        ; 0 s                 ; 0 s                 ; 2.32 V                       ; 2.85e-07 V                   ; 2.35 V              ; -0.0123 V           ; 0.144 V                              ; 0.042 V                              ; 4.81e-10 s                  ; 4.81e-10 s                  ; Yes                        ; Yes                        ; 2.32 V                      ; 2.85e-07 V                  ; 2.35 V             ; -0.0123 V          ; 0.144 V                             ; 0.042 V                             ; 4.81e-10 s                 ; 4.81e-10 s                 ; Yes                       ; Yes                       ;
; seg[3]        ; 2.5 V        ; 0 s                 ; 0 s                 ; 2.32 V                       ; 2.85e-07 V                   ; 2.35 V              ; -0.0123 V           ; 0.144 V                              ; 0.042 V                              ; 4.81e-10 s                  ; 4.81e-10 s                  ; Yes                        ; Yes                        ; 2.32 V                      ; 2.85e-07 V                  ; 2.35 V             ; -0.0123 V          ; 0.144 V                             ; 0.042 V                             ; 4.81e-10 s                 ; 4.81e-10 s                 ; Yes                       ; Yes                       ;
; seg[2]        ; 2.5 V        ; 0 s                 ; 0 s                 ; 2.32 V                       ; 2.85e-07 V                   ; 2.35 V              ; -0.0123 V           ; 0.144 V                              ; 0.042 V                              ; 4.81e-10 s                  ; 4.81e-10 s                  ; Yes                        ; Yes                        ; 2.32 V                      ; 2.85e-07 V                  ; 2.35 V             ; -0.0123 V          ; 0.144 V                             ; 0.042 V                             ; 4.81e-10 s                 ; 4.81e-10 s                 ; Yes                       ; Yes                       ;
; seg[1]        ; 2.5 V        ; 0 s                 ; 0 s                 ; 2.32 V                       ; 2.85e-07 V                   ; 2.35 V              ; -0.0123 V           ; 0.144 V                              ; 0.042 V                              ; 4.81e-10 s                  ; 4.81e-10 s                  ; Yes                        ; Yes                        ; 2.32 V                      ; 2.85e-07 V                  ; 2.35 V             ; -0.0123 V          ; 0.144 V                             ; 0.042 V                             ; 4.81e-10 s                 ; 4.81e-10 s                 ; Yes                       ; Yes                       ;
; seg[0]        ; 2.5 V        ; 0 s                 ; 0 s                 ; 2.32 V                       ; 2.85e-07 V                   ; 2.35 V              ; -0.0123 V           ; 0.144 V                              ; 0.042 V                              ; 4.81e-10 s                  ; 4.81e-10 s                  ; Yes                        ; Yes                        ; 2.32 V                      ; 2.85e-07 V                  ; 2.35 V             ; -0.0123 V          ; 0.144 V                             ; 0.042 V                             ; 4.81e-10 s                 ; 4.81e-10 s                 ; Yes                       ; Yes                       ;
; ~ALTERA_DCLK~ ; 2.5 V        ; 0 s                 ; 0 s                 ; 2.32 V                       ; 1.55e-07 V                   ; 2.35 V              ; -0.00221 V          ; 0.097 V                              ; 0.005 V                              ; 4.49e-10 s                  ; 3.85e-10 s                  ; Yes                        ; Yes                        ; 2.32 V                      ; 1.55e-07 V                  ; 2.35 V             ; -0.00221 V         ; 0.097 V                             ; 0.005 V                             ; 4.49e-10 s                 ; 3.85e-10 s                 ; Yes                       ; Yes                       ;
; ~ALTERA_nCEO~ ; 2.5 V        ; 0 s                 ; 0 s                 ; 2.32 V                       ; 2.54e-07 V                   ; 2.34 V              ; -0.00774 V          ; 0.109 V                              ; 0.026 V                              ; 6.58e-10 s                  ; 8.24e-10 s                  ; Yes                        ; Yes                        ; 2.32 V                      ; 2.54e-07 V                  ; 2.34 V             ; -0.00774 V         ; 0.109 V                             ; 0.026 V                             ; 6.58e-10 s                 ; 8.24e-10 s                 ; Yes                       ; Yes                       ;
+---------------+--------------+---------------------+---------------------+------------------------------+------------------------------+---------------------+---------------------+--------------------------------------+--------------------------------------+-----------------------------+-----------------------------+----------------------------+----------------------------+-----------------------------+-----------------------------+--------------------+--------------------+-------------------------------------+-------------------------------------+----------------------------+----------------------------+---------------------------+---------------------------+


+--------------------------------------------------------------------------------------------------------------------------------------------------------------------------------------------------------------------------------------------------------------------------------------------------------------------------------------------------------------------------------------------------------------------------------------------------------------------------------------------------------------------------------------------------------------------------------------------------------------------------------------------------------------------------------------------+
; Signal Integrity Metrics (Fast 1200mv 0c Model)                                                                                                                                                                                                                                                                                                                                                                                                                                                                                                                                                                                                                                            ;
+---------------+--------------+---------------------+---------------------+------------------------------+------------------------------+---------------------+---------------------+--------------------------------------+--------------------------------------+-----------------------------+-----------------------------+----------------------------+----------------------------+-----------------------------+-----------------------------+--------------------+--------------------+-------------------------------------+-------------------------------------+----------------------------+----------------------------+---------------------------+---------------------------+
; Pin           ; I/O Standard ; Board Delay on Rise ; Board Delay on Fall ; Steady State Voh at FPGA Pin ; Steady State Vol at FPGA Pin ; Voh Max at FPGA Pin ; Vol Min at FPGA Pin ; Ringback Voltage on Rise at FPGA Pin ; Ringback Voltage on Fall at FPGA Pin ; 10-90 Rise Time at FPGA Pin ; 90-10 Fall Time at FPGA Pin ; Monotonic Rise at FPGA Pin ; Monotonic Fall at FPGA Pin ; Steady State Voh at Far-end ; Steady State Vol at Far-end ; Voh Max at Far-end ; Vol Min at Far-end ; Ringback Voltage on Rise at Far-end ; Ringback Voltage on Fall at Far-end ; 10-90 Rise Time at Far-end ; 90-10 Fall Time at Far-end ; Monotonic Rise at Far-end ; Monotonic Fall at Far-end ;
+---------------+--------------+---------------------+---------------------+------------------------------+------------------------------+---------------------+---------------------+--------------------------------------+--------------------------------------+-----------------------------+-----------------------------+----------------------------+----------------------------+-----------------------------+-----------------------------+--------------------+--------------------+-------------------------------------+-------------------------------------+----------------------------+----------------------------+---------------------------+---------------------------+
; buzzer        ; 2.5 V        ; 0 s                 ; 0 s                 ; 2.62 V                       ; 4.05e-08 V                   ; 2.72 V              ; -0.0349 V           ; 0.173 V                              ; 0.1 V                                ; 2.72e-10 s                  ; 2.69e-10 s                  ; Yes                        ; Yes                        ; 2.62 V                      ; 4.05e-08 V                  ; 2.72 V             ; -0.0349 V          ; 0.173 V                             ; 0.1 V                               ; 2.72e-10 s                 ; 2.69e-10 s                 ; Yes                       ; Yes                       ;
; lcd_rw        ; 2.5 V        ; 0 s                 ; 0 s                 ; 2.62 V                       ; 4.05e-08 V                   ; 2.72 V              ; -0.0349 V           ; 0.173 V                              ; 0.1 V                                ; 2.72e-10 s                  ; 2.69e-10 s                  ; Yes                        ; Yes                        ; 2.62 V                      ; 4.05e-08 V                  ; 2.72 V             ; -0.0349 V          ; 0.173 V                             ; 0.1 V                               ; 2.72e-10 s                 ; 2.69e-10 s                 ; Yes                       ; Yes                       ;
; lcd_rs        ; 2.5 V        ; 0 s                 ; 0 s                 ; 2.62 V                       ; 4.05e-08 V                   ; 2.72 V              ; -0.0349 V           ; 0.173 V                              ; 0.1 V                                ; 2.72e-10 s                  ; 2.69e-10 s                  ; Yes                        ; Yes                        ; 2.62 V                      ; 4.05e-08 V                  ; 2.72 V             ; -0.0349 V          ; 0.173 V                             ; 0.1 V                               ; 2.72e-10 s                 ; 2.69e-10 s                 ; Yes                       ; Yes                       ;
; lcd_en        ; 2.5 V        ; 0 s                 ; 0 s                 ; 2.62 V                       ; 4.05e-08 V                   ; 2.72 V              ; -0.0349 V           ; 0.173 V                              ; 0.1 V                                ; 2.72e-10 s                  ; 2.69e-10 s                  ; Yes                        ; Yes                        ; 2.62 V                      ; 4.05e-08 V                  ; 2.72 V             ; -0.0349 V          ; 0.173 V                             ; 0.1 V                               ; 2.72e-10 s                 ; 2.69e-10 s                 ; Yes                       ; Yes                       ;
; dig[4]        ; 2.5 V        ; 0 s                 ; 0 s                 ; 2.62 V                       ; 4.05e-08 V                   ; 2.72 V              ; -0.0349 V           ; 0.173 V                              ; 0.1 V                                ; 2.72e-10 s                  ; 2.69e-10 s                  ; Yes                        ; Yes                        ; 2.62 V                      ; 4.05e-08 V                  ; 2.72 V             ; -0.0349 V          ; 0.173 V                             ; 0.1 V                               ; 2.72e-10 s                 ; 2.69e-10 s                 ; Yes                       ; Yes                       ;
; dig[3]        ; 2.5 V        ; 0 s                 ; 0 s                 ; 2.62 V                       ; 4.05e-08 V                   ; 2.64 V              ; -0.0113 V           ; 0.208 V                              ; 0.179 V                              ; 2.38e-09 s                  ; 2.23e-09 s                  ; No                         ; Yes                        ; 2.62 V                      ; 4.05e-08 V                  ; 2.64 V             ; -0.0113 V          ; 0.208 V                             ; 0.179 V                             ; 2.38e-09 s                 ; 2.23e-09 s                 ; No                        ; Yes                       ;
; dig[2]        ; 2.5 V        ; 0 s                 ; 0 s                 ; 2.62 V                       ; 4.05e-08 V                   ; 2.72 V              ; -0.0349 V           ; 0.173 V                              ; 0.1 V                                ; 2.72e-10 s                  ; 2.69e-10 s                  ; Yes                        ; Yes                        ; 2.62 V                      ; 4.05e-08 V                  ; 2.72 V             ; -0.0349 V          ; 0.173 V                             ; 0.1 V                               ; 2.72e-10 s                 ; 2.69e-10 s                 ; Yes                       ; Yes                       ;
; dig[1]        ; 2.5 V        ; 0 s                 ; 0 s                 ; 2.62 V                       ; 4.05e-08 V                   ; 2.72 V              ; -0.0349 V           ; 0.173 V                              ; 0.1 V                                ; 2.72e-10 s                  ; 2.69e-10 s                  ; Yes                        ; Yes                        ; 2.62 V                      ; 4.05e-08 V                  ; 2.72 V             ; -0.0349 V          ; 0.173 V                             ; 0.1 V                               ; 2.72e-10 s                 ; 2.69e-10 s                 ; Yes                       ; Yes                       ;
; lcd_d[7]      ; 2.5 V        ; 0 s                 ; 0 s                 ; 2.62 V                       ; 2.74e-08 V                   ; 2.71 V              ; -0.0317 V           ; 0.148 V                              ; 0.064 V                              ; 4.51e-10 s                  ; 4.15e-10 s                  ; No                         ; Yes                        ; 2.62 V                      ; 2.74e-08 V                  ; 2.71 V             ; -0.0317 V          ; 0.148 V                             ; 0.064 V                             ; 4.51e-10 s                 ; 4.15e-10 s                 ; No                        ; Yes                       ;
; lcd_d[6]      ; 2.5 V        ; 0 s                 ; 0 s                 ; 2.62 V                       ; 2.74e-08 V                   ; 2.64 V              ; -0.0117 V           ; 0.202 V                              ; 0.176 V                              ; 2.38e-09 s                  ; 2.22e-09 s                  ; No                         ; Yes                        ; 2.62 V                      ; 2.74e-08 V                  ; 2.64 V             ; -0.0117 V          ; 0.202 V                             ; 0.176 V                             ; 2.38e-09 s                 ; 2.22e-09 s                 ; No                        ; Yes                       ;
; lcd_d[5]      ; 2.5 V        ; 0 s                 ; 0 s                 ; 2.62 V                       ; 2.74e-08 V                   ; 2.71 V              ; -0.0317 V           ; 0.148 V                              ; 0.064 V                              ; 4.51e-10 s                  ; 4.15e-10 s                  ; No                         ; Yes                        ; 2.62 V                      ; 2.74e-08 V                  ; 2.71 V             ; -0.0317 V          ; 0.148 V                             ; 0.064 V                             ; 4.51e-10 s                 ; 4.15e-10 s                 ; No                        ; Yes                       ;
; lcd_d[4]      ; 2.5 V        ; 0 s                 ; 0 s                 ; 2.62 V                       ; 2.74e-08 V                   ; 2.73 V              ; -0.0384 V           ; 0.169 V                              ; 0.089 V                              ; 2.7e-10 s                   ; 2.62e-10 s                  ; Yes                        ; Yes                        ; 2.62 V                      ; 2.74e-08 V                  ; 2.73 V             ; -0.0384 V          ; 0.169 V                             ; 0.089 V                             ; 2.7e-10 s                  ; 2.62e-10 s                 ; Yes                       ; Yes                       ;
; lcd_d[3]      ; 2.5 V        ; 0 s                 ; 0 s                 ; 2.62 V                       ; 2.74e-08 V                   ; 2.73 V              ; -0.0384 V           ; 0.169 V                              ; 0.089 V                              ; 2.7e-10 s                   ; 2.62e-10 s                  ; Yes                        ; Yes                        ; 2.62 V                      ; 2.74e-08 V                  ; 2.73 V             ; -0.0384 V          ; 0.169 V                             ; 0.089 V                             ; 2.7e-10 s                  ; 2.62e-10 s                 ; Yes                       ; Yes                       ;
; lcd_d[2]      ; 2.5 V        ; 0 s                 ; 0 s                 ; 2.62 V                       ; 4.05e-08 V                   ; 2.72 V              ; -0.0349 V           ; 0.173 V                              ; 0.1 V                                ; 2.72e-10 s                  ; 2.69e-10 s                  ; Yes                        ; Yes                        ; 2.62 V                      ; 4.05e-08 V                  ; 2.72 V             ; -0.0349 V          ; 0.173 V                             ; 0.1 V                               ; 2.72e-10 s                 ; 2.69e-10 s                 ; Yes                       ; Yes                       ;
; lcd_d[1]      ; 2.5 V        ; 0 s                 ; 0 s                 ; 2.62 V                       ; 2.74e-08 V                   ; 2.73 V              ; -0.0384 V           ; 0.169 V                              ; 0.089 V                              ; 2.7e-10 s                   ; 2.62e-10 s                  ; Yes                        ; Yes                        ; 2.62 V                      ; 2.74e-08 V                  ; 2.73 V             ; -0.0384 V          ; 0.169 V                             ; 0.089 V                             ; 2.7e-10 s                  ; 2.62e-10 s                 ; Yes                       ; Yes                       ;
; lcd_d[0]      ; 2.5 V        ; 0 s                 ; 0 s                 ; 2.62 V                       ; 4.05e-08 V                   ; 2.72 V              ; -0.0349 V           ; 0.173 V                              ; 0.1 V                                ; 2.72e-10 s                  ; 2.69e-10 s                  ; Yes                        ; Yes                        ; 2.62 V                      ; 4.05e-08 V                  ; 2.72 V             ; -0.0349 V          ; 0.173 V                             ; 0.1 V                               ; 2.72e-10 s                 ; 2.69e-10 s                 ; Yes                       ; Yes                       ;
; seg[7]        ; 2.5 V        ; 0 s                 ; 0 s                 ; 2.62 V                       ; 4.05e-08 V                   ; 2.72 V              ; -0.0349 V           ; 0.173 V                              ; 0.1 V                                ; 2.72e-10 s                  ; 2.69e-10 s                  ; Yes                        ; Yes                        ; 2.62 V                      ; 4.05e-08 V                  ; 2.72 V             ; -0.0349 V          ; 0.173 V                             ; 0.1 V                               ; 2.72e-10 s                 ; 2.69e-10 s                 ; Yes                       ; Yes                       ;
; seg[6]        ; 2.5 V        ; 0 s                 ; 0 s                 ; 2.62 V                       ; 4.05e-08 V                   ; 2.72 V              ; -0.0349 V           ; 0.173 V                              ; 0.1 V                                ; 2.72e-10 s                  ; 2.69e-10 s                  ; Yes                        ; Yes                        ; 2.62 V                      ; 4.05e-08 V                  ; 2.72 V             ; -0.0349 V          ; 0.173 V                             ; 0.1 V                               ; 2.72e-10 s                 ; 2.69e-10 s                 ; Yes                       ; Yes                       ;
; seg[5]        ; 2.5 V        ; 0 s                 ; 0 s                 ; 2.62 V                       ; 4.05e-08 V                   ; 2.72 V              ; -0.0349 V           ; 0.173 V                              ; 0.1 V                                ; 2.72e-10 s                  ; 2.69e-10 s                  ; Yes                        ; Yes                        ; 2.62 V                      ; 4.05e-08 V                  ; 2.72 V             ; -0.0349 V          ; 0.173 V                             ; 0.1 V                               ; 2.72e-10 s                 ; 2.69e-10 s                 ; Yes                       ; Yes                       ;
; seg[4]        ; 2.5 V        ; 0 s                 ; 0 s                 ; 2.62 V                       ; 4.05e-08 V                   ; 2.72 V              ; -0.0349 V           ; 0.173 V                              ; 0.1 V                                ; 2.72e-10 s                  ; 2.69e-10 s                  ; Yes                        ; Yes                        ; 2.62 V                      ; 4.05e-08 V                  ; 2.72 V             ; -0.0349 V          ; 0.173 V                             ; 0.1 V                               ; 2.72e-10 s                 ; 2.69e-10 s                 ; Yes                       ; Yes                       ;
; seg[3]        ; 2.5 V        ; 0 s                 ; 0 s                 ; 2.62 V                       ; 4.05e-08 V                   ; 2.72 V              ; -0.0349 V           ; 0.173 V                              ; 0.1 V                                ; 2.72e-10 s                  ; 2.69e-10 s                  ; Yes                        ; Yes                        ; 2.62 V                      ; 4.05e-08 V                  ; 2.72 V             ; -0.0349 V          ; 0.173 V                             ; 0.1 V                               ; 2.72e-10 s                 ; 2.69e-10 s                 ; Yes                       ; Yes                       ;
; seg[2]        ; 2.5 V        ; 0 s                 ; 0 s                 ; 2.62 V                       ; 4.05e-08 V                   ; 2.72 V              ; -0.0349 V           ; 0.173 V                              ; 0.1 V                                ; 2.72e-10 s                  ; 2.69e-10 s                  ; Yes                        ; Yes                        ; 2.62 V                      ; 4.05e-08 V                  ; 2.72 V             ; -0.0349 V          ; 0.173 V                             ; 0.1 V                               ; 2.72e-10 s                 ; 2.69e-10 s                 ; Yes                       ; Yes                       ;
; seg[1]        ; 2.5 V        ; 0 s                 ; 0 s                 ; 2.62 V                       ; 4.05e-08 V                   ; 2.72 V              ; -0.0349 V           ; 0.173 V                              ; 0.1 V                                ; 2.72e-10 s                  ; 2.69e-10 s                  ; Yes                        ; Yes                        ; 2.62 V                      ; 4.05e-08 V                  ; 2.72 V             ; -0.0349 V          ; 0.173 V                             ; 0.1 V                               ; 2.72e-10 s                 ; 2.69e-10 s                 ; Yes                       ; Yes                       ;
; seg[0]        ; 2.5 V        ; 0 s                 ; 0 s                 ; 2.62 V                       ; 4.05e-08 V                   ; 2.72 V              ; -0.0349 V           ; 0.173 V                              ; 0.1 V                                ; 2.72e-10 s                  ; 2.69e-10 s                  ; Yes                        ; Yes                        ; 2.62 V                      ; 4.05e-08 V                  ; 2.72 V             ; -0.0349 V          ; 0.173 V                             ; 0.1 V                               ; 2.72e-10 s                 ; 2.69e-10 s                 ; Yes                       ; Yes                       ;
; ~ALTERA_DCLK~ ; 2.5 V        ; 0 s                 ; 0 s                 ; 2.62 V                       ; 2.22e-08 V                   ; 2.74 V              ; -0.06 V             ; 0.158 V                              ; 0.08 V                               ; 2.68e-10 s                  ; 2.19e-10 s                  ; Yes                        ; Yes                        ; 2.62 V                      ; 2.22e-08 V                  ; 2.74 V             ; -0.06 V            ; 0.158 V                             ; 0.08 V                              ; 2.68e-10 s                 ; 2.19e-10 s                 ; Yes                       ; Yes                       ;
; ~ALTERA_nCEO~ ; 2.5 V        ; 0 s                 ; 0 s                 ; 2.62 V                       ; 3.54e-08 V                   ; 2.7 V               ; -0.00943 V          ; 0.276 V                              ; 0.035 V                              ; 3.19e-10 s                  ; 4.99e-10 s                  ; No                         ; Yes                        ; 2.62 V                      ; 3.54e-08 V                  ; 2.7 V              ; -0.00943 V         ; 0.276 V                             ; 0.035 V                             ; 3.19e-10 s                 ; 4.99e-10 s                 ; No                        ; Yes                       ;
+---------------+--------------+---------------------+---------------------+------------------------------+------------------------------+---------------------+---------------------+--------------------------------------+--------------------------------------+-----------------------------+-----------------------------+----------------------------+----------------------------+-----------------------------+-----------------------------+--------------------+--------------------+-------------------------------------+-------------------------------------+----------------------------+----------------------------+---------------------------+---------------------------+


+-------------------------------------------------------------------+
; Setup Transfers                                                   ;
+------------+----------+----------+----------+----------+----------+
; From Clock ; To Clock ; RR Paths ; FR Paths ; RF Paths ; FF Paths ;
+------------+----------+----------+----------+----------+----------+
; clock      ; clock    ; 214103   ; 0        ; 0        ; 0        ;
+------------+----------+----------+----------+----------+----------+
Entries labeled "false path" only account for clock-to-clock false paths and not path-based false paths. As a result, actual path counts may be lower than reported.


+-------------------------------------------------------------------+
; Hold Transfers                                                    ;
+------------+----------+----------+----------+----------+----------+
; From Clock ; To Clock ; RR Paths ; FR Paths ; RF Paths ; FF Paths ;
+------------+----------+----------+----------+----------+----------+
; clock      ; clock    ; 214103   ; 0        ; 0        ; 0        ;
+------------+----------+----------+----------+----------+----------+
Entries labeled "false path" only account for clock-to-clock false paths and not path-based false paths. As a result, actual path counts may be lower than reported.


---------------
; Report TCCS ;
---------------
No dedicated SERDES Transmitter circuitry present in device or used in design


---------------
; Report RSKM ;
---------------
No non-DPA dedicated SERDES Receiver circuitry present in device or used in design


+------------------------------------------------+
; Unconstrained Paths Summary                    ;
+---------------------------------+-------+------+
; Property                        ; Setup ; Hold ;
+---------------------------------+-------+------+
; Illegal Clocks                  ; 0     ; 0    ;
; Unconstrained Clocks            ; 0     ; 0    ;
; Unconstrained Input Ports       ; 5     ; 5    ;
; Unconstrained Input Port Paths  ; 5     ; 5    ;
; Unconstrained Output Ports      ; 18    ; 18   ;
; Unconstrained Output Port Paths ; 77    ; 77   ;
+---------------------------------+-------+------+


+-------------------------------------+
; Clock Status Summary                ;
+--------+-------+------+-------------+
; Target ; Clock ; Type ; Status      ;
+--------+-------+------+-------------+
; clock  ; clock ; Base ; Constrained ;
+--------+-------+------+-------------+


+---------------------------------------------------------------------------------------------------+
; Unconstrained Input Ports                                                                         ;
+------------+--------------------------------------------------------------------------------------+
; Input Port ; Comment                                                                              ;
+------------+--------------------------------------------------------------------------------------+
; ir         ; No input delay, min/max delays, false-path exceptions, or max skew assignments found ;
; key[1]     ; No input delay, min/max delays, false-path exceptions, or max skew assignments found ;
; key[2]     ; No input delay, min/max delays, false-path exceptions, or max skew assignments found ;
; key[3]     ; No input delay, min/max delays, false-path exceptions, or max skew assignments found ;
; key[4]     ; No input delay, min/max delays, false-path exceptions, or max skew assignments found ;
+------------+--------------------------------------------------------------------------------------+


+-----------------------------------------------------------------------------------------------------+
; Unconstrained Output Ports                                                                          ;
+-------------+---------------------------------------------------------------------------------------+
; Output Port ; Comment                                                                               ;
+-------------+---------------------------------------------------------------------------------------+
; buzzer      ; No output delay, min/max delays, false-path exceptions, or max skew assignments found ;
; lcd_d[0]    ; No output delay, min/max delays, false-path exceptions, or max skew assignments found ;
; lcd_d[1]    ; No output delay, min/max delays, false-path exceptions, or max skew assignments found ;
; lcd_d[2]    ; No output delay, min/max delays, false-path exceptions, or max skew assignments found ;
; lcd_d[3]    ; No output delay, min/max delays, false-path exceptions, or max skew assignments found ;
; lcd_d[4]    ; No output delay, min/max delays, false-path exceptions, or max skew assignments found ;
; lcd_d[5]    ; No output delay, min/max delays, false-path exceptions, or max skew assignments found ;
; lcd_d[6]    ; No output delay, min/max delays, false-path exceptions, or max skew assignments found ;
; lcd_d[7]    ; No output delay, min/max delays, false-path exceptions, or max skew assignments found ;
; lcd_en      ; No output delay, min/max delays, false-path exceptions, or max skew assignments found ;
; lcd_rs      ; No output delay, min/max delays, false-path exceptions, or max skew assignments found ;
; seg[0]      ; No output delay, min/max delays, false-path exceptions, or max skew assignments found ;
; seg[1]      ; No output delay, min/max delays, false-path exceptions, or max skew assignments found ;
; seg[2]      ; No output delay, min/max delays, false-path exceptions, or max skew assignments found ;
; seg[3]      ; No output delay, min/max delays, false-path exceptions, or max skew assignments found ;
; seg[4]      ; No output delay, min/max delays, false-path exceptions, or max skew assignments found ;
; seg[5]      ; No output delay, min/max delays, false-path exceptions, or max skew assignments found ;
; seg[6]      ; No output delay, min/max delays, false-path exceptions, or max skew assignments found ;
+-------------+---------------------------------------------------------------------------------------+


+---------------------------------------------------------------------------------------------------+
; Unconstrained Input Ports                                                                         ;
+------------+--------------------------------------------------------------------------------------+
; Input Port ; Comment                                                                              ;
+------------+--------------------------------------------------------------------------------------+
; ir         ; No input delay, min/max delays, false-path exceptions, or max skew assignments found ;
; key[1]     ; No input delay, min/max delays, false-path exceptions, or max skew assignments found ;
; key[2]     ; No input delay, min/max delays, false-path exceptions, or max skew assignments found ;
; key[3]     ; No input delay, min/max delays, false-path exceptions, or max skew assignments found ;
; key[4]     ; No input delay, min/max delays, false-path exceptions, or max skew assignments found ;
+------------+--------------------------------------------------------------------------------------+


+-----------------------------------------------------------------------------------------------------+
; Unconstrained Output Ports                                                                          ;
+-------------+---------------------------------------------------------------------------------------+
; Output Port ; Comment                                                                               ;
+-------------+---------------------------------------------------------------------------------------+
; buzzer      ; No output delay, min/max delays, false-path exceptions, or max skew assignments found ;
; lcd_d[0]    ; No output delay, min/max delays, false-path exceptions, or max skew assignments found ;
; lcd_d[1]    ; No output delay, min/max delays, false-path exceptions, or max skew assignments found ;
; lcd_d[2]    ; No output delay, min/max delays, false-path exceptions, or max skew assignments found ;
; lcd_d[3]    ; No output delay, min/max delays, false-path exceptions, or max skew assignments found ;
; lcd_d[4]    ; No output delay, min/max delays, false-path exceptions, or max skew assignments found ;
; lcd_d[5]    ; No output delay, min/max delays, false-path exceptions, or max skew assignments found ;
; lcd_d[6]    ; No output delay, min/max delays, false-path exceptions, or max skew assignments found ;
; lcd_d[7]    ; No output delay, min/max delays, false-path exceptions, or max skew assignments found ;
; lcd_en      ; No output delay, min/max delays, false-path exceptions, or max skew assignments found ;
; lcd_rs      ; No output delay, min/max delays, false-path exceptions, or max skew assignments found ;
; seg[0]      ; No output delay, min/max delays, false-path exceptions, or max skew assignments found ;
; seg[1]      ; No output delay, min/max delays, false-path exceptions, or max skew assignments found ;
; seg[2]      ; No output delay, min/max delays, false-path exceptions, or max skew assignments found ;
; seg[3]      ; No output delay, min/max delays, false-path exceptions, or max skew assignments found ;
; seg[4]      ; No output delay, min/max delays, false-path exceptions, or max skew assignments found ;
; seg[5]      ; No output delay, min/max delays, false-path exceptions, or max skew assignments found ;
; seg[6]      ; No output delay, min/max delays, false-path exceptions, or max skew assignments found ;
+-------------+---------------------------------------------------------------------------------------+


+--------------------------+
; Timing Analyzer Messages ;
+--------------------------+
Info: *******************************************************************
Info: Running Quartus Prime Timing Analyzer
    Info: Version 20.1.1 Build 720 11/11/2020 SJ Lite Edition
    Info: Processing started: Wed Aug 20 02:29:05 2025
Info: Command: quartus_sta ir -c ir
Info: qsta_default_script.tcl version: #1
Info (20030): Parallel compilation is enabled and will use 4 of the 4 processors detected
Info (21077): Low junction temperature is 0 degrees C
Info (21077): High junction temperature is 85 degrees C
Critical Warning (332012): Synopsys Design Constraints File file not found: 'ir.sdc'. A Synopsys Design Constraints File is required by the Timing Analyzer to get proper timing constraints. Without it, the Compiler will not properly optimize the design.
Info (332142): No user constrained base clocks found in the design. Calling "derive_clocks -period 1.0"
Info (332105): Deriving Clocks
    Info (332105): create_clock -period 1.000 -name clock clock
Info (332143): No user constrained clock uncertainty found in the design. Calling "derive_clock_uncertainty"
Info (332123): Deriving Clock Uncertainty. Please refer to report_sdc in the Timing Analyzer to see clock uncertainties.
Info: Found TIMING_ANALYZER_REPORT_SCRIPT_INCLUDE_DEFAULT_ANALYSIS = ON
Info: Analyzing Slow 1200mV 85C Model
Critical Warning (332148): Timing requirements not met
    Info (11105): For recommendations on closing timing, run Report Timing Closure Recommendations in the Timing Analyzer.
Info (332146): Worst-case setup slack is -8.946
    Info (332119):     Slack       End Point TNS Clock 
    Info (332119): ========= =================== =====================
    Info (332119):    -8.946           -2448.676 clock 
Info (332146): Worst-case hold slack is 0.432
    Info (332119):     Slack       End Point TNS Clock 
    Info (332119): ========= =================== =====================
    Info (332119):     0.432               0.000 clock 
Info (332140): No Recovery paths to report
Info (332140): No Removal paths to report
Info (332146): Worst-case minimum pulse width slack is -3.000
    Info (332119):     Slack       End Point TNS Clock 
    Info (332119): ========= =================== =====================
    Info (332119):    -3.000            -779.214 clock 
Info (332114): Report Metastability: Found 5 synchronizer chains.
    Info (332114): Design MTBF is not calculated because the design doesn't meet its timing requirements.
Info: Analyzing Slow 1200mV 0C Model
Info (334003): Started post-fitting delay annotation
Info (334004): Delay annotation completed successfully
Info (332123): Deriving Clock Uncertainty. Please refer to report_sdc in the Timing Analyzer to see clock uncertainties.
Critical Warning (332148): Timing requirements not met
    Info (11105): For recommendations on closing timing, run Report Timing Closure Recommendations in the Timing Analyzer.
Info (332146): Worst-case setup slack is -8.250
    Info (332119):     Slack       End Point TNS Clock 
    Info (332119): ========= =================== =====================
    Info (332119):    -8.250           -2262.285 clock 
Info (332146): Worst-case hold slack is 0.382
    Info (332119):     Slack       End Point TNS Clock 
    Info (332119): ========= =================== =====================
    Info (332119):     0.382               0.000 clock 
Info (332140): No Recovery paths to report
Info (332140): No Removal paths to report
Info (332146): Worst-case minimum pulse width slack is -3.000
    Info (332119):     Slack       End Point TNS Clock 
    Info (332119): ========= =================== =====================
    Info (332119):    -3.000            -779.214 clock 
Info (332114): Report Metastability: Found 5 synchronizer chains.
    Info (332114): Design MTBF is not calculated because the design doesn't meet its timing requirements.
Info: Analyzing Fast 1200mV 0C Model
Info (332123): Deriving Clock Uncertainty. Please refer to report_sdc in the Timing Analyzer to see clock uncertainties.
Critical Warning (332148): Timing requirements not met
    Info (11105): For recommendations on closing timing, run Report Timing Closure Recommendations in the Timing Analyzer.
Info (332146): Worst-case setup slack is -3.264
    Info (332119):     Slack       End Point TNS Clock 
    Info (332119): ========= =================== =====================
    Info (332119):    -3.264            -774.478 clock 
Info (332146): Worst-case hold slack is 0.179
    Info (332119):     Slack       End Point TNS Clock 
    Info (332119): ========= =================== =====================
    Info (332119):     0.179               0.000 clock 
Info (332140): No Recovery paths to report
Info (332140): No Removal paths to report
Info (332146): Worst-case minimum pulse width slack is -3.000
    Info (332119):     Slack       End Point TNS Clock 
    Info (332119): ========= =================== =====================
    Info (332119):    -3.000            -560.077 clock 
Info (332114): Report Metastability: Found 5 synchronizer chains.
    Info (332114): Design MTBF is not calculated because the design doesn't meet its timing requirements.
Info (332102): Design is not fully constrained for setup requirements
Info (332102): Design is not fully constrained for hold requirements
Info: Quartus Prime Timing Analyzer was successful. 0 errors, 4 warnings
    Info: Peak virtual memory: 4776 megabytes
    Info: Processing ended: Wed Aug 20 02:29:08 2025
    Info: Elapsed time: 00:00:03
    Info: Total CPU time (on all processors): 00:00:03


